{
    "name_hint": "أدخل أسمك",
    "enter_fullname": "الاسم الكامل",
    "enter_mobilenumber": "رقم الهاتف المحمول",
    "sendsmscode": "أرسل رمز التحقق للتحقق من رقمك",
    "sendverf": "أرسل رمز التحقق",
    "welcometo": " مرحبا بك في",
    "enter_verfcode": " أدخل رمز التحقق المرسل إلى ",
    "sending_code": " إرسال رمز التحقق إلى ",
    "back": "الى الخلف",
    "verify_otp": "التحقق من كود",
    "auth_needed": "يلزم المصادقة لفتح الإعدادات",
    "auth_neededchat": "المصادقة مطلوبة لفتح الدردشة",
    "lp_setalias": "اضغط لفترة طويلة على الدردشة لتعيين الاسم المستعار.",
    "swipehide": "اسحب لأسفل مرة أخرى لإخفائها",
    "swipeview": "اسحب الشاشة لأسفل لعرض الدردشات المخفية.",
    "loved": "أحب التطبيق؟ قيم التطبيق",
    "loadingfailed": "فشل التحميل ! يرجى إعادة تشغيل التطبيق",
    "setup": "تم إعداد الخادم! يرجى إعادة تشغيل التطبيق",
    "signin": "تسجيل الدخول",
    "updateavl": "تحديث التطبيق متاح",
    "updateavlmsg": "يتوفر إصدار أحدث من التطبيق. يجب عليك تحديث التطبيق لمتابعة استخدامه.",
    "updatnow": "تحديث الان",
    "selectcontact": "حدد جهة اتصال للمشاركة",
    "searchcontact": "بحث جهة الاتصال",
    "perm_contact": "يلزم الحصول على إذن للوصول إلى جهات الاتصال للتواصل مع الأشخاص الذين تعرفهم.",
    "nosearchresult": "لا نتائج للبحث",
    "search": "بحث",
    "searchuser": "بحث عن المستخدم",
    "validnum": " من فضلك أدخل رقما صالحا",
    "chatws": " الدردشة بدون حفظ الرقم ",
    "notexist": " غير موجود في ",
    "invite": "قم بدعوة المستخدم ",
    "waitingpeer": "في انتظار زميلك للانضمام إلى الدردشة",
    "msgnotload": "لا يمكن تحميل الرسائل",
    "convended": "انتهت المحادثة",
    "usernotjoined": "لم ينضم المستخدم",
    "msg": "رسالة",
    "pickdoc": "اختر مستندًا",
    "plswait": "من فضلك انتظر بضع ثوان",
    "sent": "تم ارسال الرسالة",
    "doc": "وثيقة",
    "pickvideo": "اختر فيديو",
    "video": "فيديو",
    "pickimage": "اختر صورة",
    "image": "صورة",
    "record": "تسجيل صوتي",
    "audio": "صوتي",
    "location": "موقع",
    "contact": "اتصال",
    "accept": "قبول دعوة : ",
    "acpt": " قبول ",
    "rjt": "يرفض",
    "unlck": "قم بإلغاء حظر الدردشة لمشاركة الوسائط",
    "typmsg": "اكتب رسالة",
    "savedconv": "المحادثات المحفوظة",
    "unread": " رسالة غير مقروءة",
    "nosave": "لا توجد رسائل محفوظة.",
    "unblock": "رفع الحظر",
    "unblocked": " الملغى حظره !",
    "hidechat": " إخفاء الدردشة",
    "unhidechat": "إظهار الدردشة! ",
    "cancel": "يلغي ",
    "sayhi": "قل مرحبا",
    "today": " اليوم ",
    "yesterday": " أمس ",
    "lastseen": " شوهد آخر مرة في ",
    "typing": "كتابة ",
    "online": "عبر الانترنت",
    "loading": "جار التحميل",
    "pmc": "مطلوب إذن للوصول إلى الميكروفون والكاميرا للبدء",
    "vsmsg": "اسحب لليسار على الشاشة لعرض الرسائل المحفوظة",
    "drag": "اسحب رسالة صديقك من اليسار إلى اليمين لإنهاء المحادثات حتى تلك الرسالة",
    "unlockchat": "افتح الدردشة",
    "lockchat": "قفل الدردشة",
    "setwall": "تعيين خلفية",
    "removewall": "إزالة الخلفية",
    "showtutor": "إظهار البرامج التعليمية",
    "search_recentchats": "البحث في الدردشات الأخيرة",
    "recentchats": "الدردشات الأخيرة",
    "chats": "الدردشات",
    "calls": "المكالمات",
    "profile": "حساب تعريفي",
    "rate": "قيم التطبيق",
    "share": "ادعو أصدقاء",
    "feedback": "استجابة",
    "tutorials": "دروس",
    "tnc": "البنود و الظروف",
    "pp": "سياسة خاصة",
    "logout": "تسجيل خروج",
    "unblockchat": "إلغاء حظر الدردشة",
    "blockchat": "حظر الدردشة",
    "submit": "يقدم",
    "saved": "حفظها",
    "save": "يحفظ",
    "validdetails": "أدخل تفاصيل صحيحة",
    "status": "حالة",
    "setpasscode": "اضبط رمز المرور قبل المتابعة",
    "enterpass": "أدخل رمز المرور",
    "delete": "حذف",
    "done": "منتهي",
    "newans": "الرجاء تقديم إجابة جديدة",
    "ansempty": "لا يمكن أن يكون الجواب فارغًا",
    "quesempty": "لا يمكن ترك السؤال فارغًا",
    "sans": "جواب الامن",
    "sques": "مسألة أمان",
    "setpass": "تعيين رمز المرور",
    "makesureotp": "تأكد من صحة رقم هاتفك أو رمز التحقق وحاول مرة أخرى لاحقًا",
    "setpasslong": "يتم استخدام ما يلي لإعادة تعيين رمز المرور الخاص بك في حالة نسيانه. ضع إطارًا لسؤال فقط يمكنك الإجابة عليه. كن مبدعًا واختر إجابة يصعب تخمينها",
    "welcomeback": "مرحبا بعودتك",
    "failedlogin": "فشل في تسجيل الدخول",
    "entervalidmob": "من فضلك أدخل رقما صالحا",
    "nameem": "لا يمكن أن يكون الاسم فارغًا",
    "correctotp": "أدخل الرمز الصحيح",
    "authfailed": "المصادقة فشلت",
    "authh": "المصادقة",
    "trylater": "الرجاء معاودة المحاولة في وقت لاحق",
    "incomingaudio": "مكالمة صوتية واردة",
    "incomingvideo": "مكالمة فيديو واردة",
    "startchat": "ابدأ الدردشة بالضغط على الزر الموجود أسفل اليمين",
    "nochats": "لم يتم العثور على محادثات",
    "clearlog": "مسح سجل المكالمات",
    "clearloglong": "هل تريد حذف جميع سجلات المكالمات",
    "allav": "سيتم عرض جميع محفوظات مكالمات الفيديو والصوت هنا",
    "nocalls": "لا مكالمات",
    "picked": "تم التقاط المكالمة",
    "voice": "مكالمة صوتية",
    "muted": "تم كتم صوت الجهاز النظير",
    "connecting": "توصيل",
    "calling": "الاتصال",
    "oncall": " في مكالمة ",
    "callended": "المكالمة انتهت",
    "callrejected": "تم رفض المكالة",
    "ps": "إذن للوصول إلى مساحة التخزين المطلوبة لتنزيل الملف",
    "psac": "إذن للوصول إلى مساحة التخزين المطلوبة لتحديد ملف",
    "eps": "حدث خطأ أثناء التنزيل",
    "folder": " تم تنزيل الملف في المجلد",
    "pms": " إذن للوصول إلى مساحة التخزين اللازمة لحفظ الصور على هاتفك",
    "removealias": "إزالة الاسم المستعار",
    "setalias": "قم بتعيين الاسم المستعار",
    "aliasname": "الاسم المستعار",
    "clocktime": "وقت ساعتك غير متزامن مع وقت الخادم. يرجى تعيين الحق للمتابعة",
    "letschat": "لنبدأ الدردشة",
    "joinme": "انضم إلي في",
    "pgv": "إذن للوصول إلى المعرض مطلوب لتحديد الفيديو",
    "pcv": "مطلوب إذن للوصول إلى الكاميرا لتحديد الفيديو",
    "pgi": "إذن للوصول إلى المعرض مطلوب لتحديد الصور",
    "pci": "إذن للوصول إلى الكاميرا مطلوب لتحديد الصور",
    "pm": "مطلوب إذن للوصول إلى الميكروفون للبدء",
    "forgotpassword": "هل نسيت كلمة السر",
    "updatesecurity": "تحديث الأمن",
    "wrongans": " إجابة خاطئة",
    "hardguess": " استخدم رمز مرور يصعب تخمينه",
    "takeimage": "التقط صورة للبدء",
    "takefile": "خذ ملفًا للبدء",
    "close": "قريب",
    "sendingrecord": "جاري ارسال التسجيل ... الرجاء الانتظار",
    "sendrecord": "إرسال التسجيل",
    "audiorecorder": "مسجل الصوت",
    "playingrecording": "تشغيل التسجيل",
    "recording": "تسجيل ...",
    "recorderstopped": "المسجل متوقف",
    "mediamssgnotallowed": "تم تعطيل إرسال رسائل الوسائط مؤقتًا بواسطة المشرف",
    "textmssgnotallowed": "تم تعطيل إرسال الرسائل النصية مؤقتًا بواسطة المشرف",
    "callnotallowed": "تم تعطيل ميزة الاتصال مؤقتًا بواسطة المسؤول.",
    "failedtoconfigure": "فشل تكوين التطبيق. يرجى إعادة تشغيل التطبيق",
    "logindisabled": "ميزة تسجيل الدخول معطلة مؤقتا من قبل المسؤول",
    "allnotifications": "إشعارات",
    "newnotifications": "تم استلام الإخطارات الجديدة",
    "nonotifications": "لا إشعارات",
    "copy": "ينسخ",
    "agree": "من خلال الاستمرار فإنك توافق على",
    "ntm": "رسالة نصية جديدة",
    "nim": "📷 صورة",
    "nvm": "🎥 فيديو",
    "nam": "🎙️ تسجيل الصوت",
    "ncm": "👤 تمت مشاركة جهة الاتصال",
    "ndm": "📄 وثيقة",
    "nlm": "📍 تمت مشاركة الموقع الحالي",
    "niac": "📞 مكالمة صوتية واردة",
    "nivc": "🎥 مكالمة فيديو واردة",
    "ce": "انتهت المكالمة انتهت",
    "mc": "مكالمة فائتة",
    "aorc": "قبول أو رفض المكالمة",
    "cr": " تم رفض المكالمة الهاتفية",
    "dltscs": "تم حذفه بنجاح",
    "dltstatus": "حذف الحالة؟",
    "myactstatus": "حالتي النشطة",
    "nostatus": "لا توجد حالة في جهات الاتصال المحفوظة الخاصة بك",
    "rcntupdates": "التحديثات الأخيرة",
    "mystatus": "الحالة الخاص بي",
    "taptoupdtstatus": "انقر لإضافة تحديث الحالة",
    "createstatus": "إنشاء الحالة",
    "taptoview": "اضغط للعرض",
    "viewedby": "تمت مشاهدته بواسطة",
    "typeacaption": "اكتب اقتباس",
    "settingsoption": "إعدادات",
    "myprofile": "ملفي الشخصي",
    "editprofile": "تعديل الملف الشخصي",
    "changednp": "تغيير اسم العرض والصورة",
    "givesuggestions": "اكتب اقتراحات حول التطبيق",
    "leavereview": "اترك رأيك",
    "pmtevents": "الأحداث الترويجية والتنبيهات",
    "abiderules": "التقيد بالقواعد",
    "processdata": "اكتشف كيف نعالج بياناتك",
    "recipients": "المتلقين",
    "participants": "المشاركين",
    "about": "عني",
    "encryption": "التشفير",
    "encryptionshort": "يتم تشفير الرسائل والمكالمات بين الطرفين",
    "newbroadcast": "بث جديد",
    "newgroup": "مجموعة جديدة",
    "admin": "المشرف",
    "setasadmin": "تعيين كمسؤول",
    "removeasadmin": "إزالة كمسؤول",
    "remove": "إزالة المستخدم",
    "removefromgroup": "إزالة من المجموعة",
    "leavegroup": "اترك المجموعة",
    "unabletoleavegrp": "غير قادر على مغادرة المجموعة. حاول مرة أخري",
    "leftthegroup": "بالفعل غادر المجموعة",
    "leave": "غادر",
    "deletegroup": "حذف المجموعة",
    "nodesc": "لا يوجد وصف مضاف",
    "desc": "الوصف",
    "grpicondeletedby": "تم حذف رمز المجموعة عن طريق",
    "grpiconchangedby": "تم تغيير رمز المجموعة بواسطة",
    "createdby": "انشأ من قبل",
    "createdbyu": "من صنعك",
    "removedbyadmin": "إزالتها من قبل المسؤول",
    "hasremoved": "إزالة هذا",
    "confirm": "يرجى تأكيد",
    "deletedgroup": "تم حذف هذه المجموعة من قبل المسؤول أو تمت إزالتك من هذه المجموعة",
    "onlyadminsend": "🔒 يمكن للمسؤول فقط إرسال رسائل في هذه المجموعة",
    "tapherefrgrpinfo": "انقر هنا للحصول على معلومات المجموعة",
    "detectingloc": "الكشف عن موقعك",
    "download": "تحميل",
    "preview": "معاينة",
    "msgdeleted": "تم حذف الرسالة",
    "dltforeveryone": "حذف للجميع",
    "dltforme": "حذف من أجلي",
    "youleftthegroup": "لقد غادرت المجموعة",
    "uhaveadded": "لقد قمت بإضافة",
    "youhaveremoved": "لديك إزالة",
    "youremovedgrpicon": "قمت بإزالة رمز المجموعة",
    "hasremovedgrpicon": "قام بإزالة رمز المجموعة",
    "youupdatedgrpicon": "لقدقمت بتحديث رمز المجموعة",
    "hasupdatedgrpicon": "أيقونة المجموعة المحدثة",
    "youcreatedthisgroup": "لقد أنشأت هذه المجموعة",
    "hascreatedthisgroup": "قام بإنشاء هذه المجموعة",
    "uhvupdatedgrpdetails": "لقدقمت بتحديث تفاصيل المجموعة",
    "grpdetailsupdatebyadmin": "تم تحديث تفاصيل المجموعة من قبل المسؤول",
    "hasupdatedgrpdetails": "تفاصيل المجموعة المحدثة",
    "hasbeensetasadminbyu": "تعيين كمسؤول بواسطتك",
    "hvsetuasadmin": "قام بتعيينك كمسؤول",
    "theyremoveduasadmin": "قام بإزالتك كمسؤول",
    "adminahasadded": "أضاف المسؤول",
    "users": "المستخدمون",
    "added": "مضاف",
    "set": "set",
    "creategroup": "مجموعة جديدة",
    "editgroup": "تحرير المجموعة",
    "groupname": "أسم المجموعة",
    "groupdesc": "وصف المجموعة",
    "grouptype": "نوع المجموعة",
    "adminhasadded": "أضاف المشرف هذا",
    "youandother": "أنت والآخر",
    "youareaddedtothisgrp": "تمت إضافتك إلى هذه المجموعة",
    "fromadmin": "تمت إزالته من المشرف",
    "asadmin": "كمسؤول",
    "setgroup": "تعيين تفاصيل المجموعة",
    "selected": "تم الإختيار",
    "selectcontacts": "حدد جهات اتصال لإضافتها",
    "errorcreatinggroup": "خطأ في إضافة المستخدمين إلى المجموعة يرجى المحاولة مرة أخرى",
    "deleting": "جارٍ الحذف",
    "deleted": "تم الحذف",
    "blockbroadcast": "منع هذا البث",
    "blockedbroadcast": "تم حظر هذا البث",
    "copied": "تم عمل نسخة",
    "chatencryption": "يتم تشفير الرسائل والمكالمات من طرف إلى طرف. لا أحد خارج هذه الدردشة يمكنه قراءتها",
    "alreadydeleted": "تم حذف هذه الرسالة من قبل المرسل",
    "fileexists": "الملف موجود بالفعل في المجلد",
    "downloading": "يتم التنزيل",
    "broadcastupdatedbyadmin": "تم تحديث تفاصيل البث من قبل المسؤول",
    "uhaveupdatedbroadcast": "لقدقمت بتحديث تفاصيل المبث",
    "updatedbroadcast": "قام بتحديث تفاصيل البث",
    "editbroadcast": " البث تحرير",
    "broadcastname": "اسم البث",
    "broadcastdesc": "وصف البث",
    "removefromlist": "ازله من القائمة",
    "deletebroadcast": "حذف البث",
    "broadcasticondlted": "تم حذف أيقونة مجموعة البث بواسطتك",
    "broadcasticonupdtd": "تم تغيير رمز مجموعة البث بواسطتك",
    "senttorecp": "تم إرسالها إلى إجمالي المستلمين",
    "norecp": "لا يوجد مستلمون متاحون للإرسال",
    "tapforbroadcastinfo": "انقر هنا للحصول على معلومات البث",
    "createdbroadcast": "تم إنشاء قائمة البث",
    "erroraddingbroadcast": "خطأ في إضافة المستخدمين للبث حاول مرة أخري",
    "erroroccured": "حدث خطأ أثناء تحميل التطبيق الرجاء إعادة تشغيل التطبيق",
    "selectsinglecontact": "حدد جهة اتصال",
    "disabled": "تم تعطيل هذه الميزة مؤقتًا من قبل المسؤول",
    "uploading": "يصل التحميل",
    "createbroadcast": "إنشاء البث",
    "setbroadcastdetails": "تعيين تفاصيل البث",
    "bothuseradmin": "يتم السماح برسائل المستخدم والمسؤول",
    "onlyadmin": "يسمح فقط برسائل الإدارة",

    "generatingthumbnail": "يتم إنشاء الصور المصغرة",
    "text": "أكتب شيئا",
    "endtoendencryption": "التشفير التام بين الأطراف",
    "maxfilesize": "يجب أن يكون الملف أقل من",
    "selectedfilesize": "حجم الملف المختار هو",

    "norecentchats": "لا توجد محادثات حديثة",
    "forward": "إلى الأمام",
    "you": "أنت",
    "selectcontactstoforward": "حدد لإعادة التوجيه",
    "forwarded": "تم إرسالها",
    "sending": "إرسال",
    "maxnooffiles": "يمكن تحديد أقصى عدد من الملفات",
    "filesizeexceeded": "تجاوز حجم ملف واحد أو أكثر الحد الأقصى للحجم المسموح به",
    "selectcontacttoshare": "حدد للمشاركة",
    "maxallowed": "الحد الأقصى المسموح به",


    "latest_credits":"أحدث الاعتمادات",
    "latest_debits":"أحدث الديون",
    "see_all": "اظهار الكل",
    "hide": "إخفاء",
    "deposits": "المودعة",
    "notifications": "إشعارات",
    "transactions": "المعاملات",
    "hello": "أهلا",
    "user": "مستخدم",
    "account_number": "رقم حساب",
    "available_balance": "الرصيد المتوفر",
    "withdraw": "مصدق",
    "scan_code": "مسح الرمز",
    "scan_this_QR_code_to_get_transaction": "امسح رمز الاستجابة السريعة هذا للحصول على معاملة",
    "scan_qr_code": "مسح رمز الاستجابة السريعة",
    "qr_Barcode": "رمز الاستجابة السريعة الخاص بي",
    "doubleTapToGoBack": "انقر نقرًا مزدوجًا للعودة",
    "pleaseEnterValidEmail": "يرجى إدخال البريد الإلكتروني الصحيح",
    "emailCannotBeEmpty": "لا يمكن أن يكون البريد الإلكتروني فارغًا!",
    "theUsernameMustBe6Characters": "يجب أن يتكون اسم المستخدم من 6 أحرف على الأقل",
    "pleaseEnterLessAmountThenWalletAmount": "الرجاء إدخال مبلغ أقل ثم مبلغ المحفظة",
    "pleaseEnterValidAmount": "الرجاء إدخال مبلغ صالح",
    "paymentIntentIdCopieToClipboard": "كمية الدفعة المنسوخة إلى الحافظة",
    "walletNumber": "رقم المحفظة",
    "noCreditRecordFound": "لم يتم العثور على سجل ائتماني.",
    "noDebitRecordFound.": "لم يتم العثور على سجل الخصم.",
    "copy": "ينسخ",
    "to": "إلى :",
    "oK": "نعم",
    "transactionID": "رقم المعاملة :",
    "transactionDetails": "تفاصيل الصفقه",
    "transactionType": "نوع المعاملة:",
    "depositRecordNotFound": "سجل الإيداع غير موجود.",
    "transactionRecordNotFound": "سجل المعاملة غير موجود.",
    "withdrawRecordNotFound.": "سحب السجل غير موجود.",
    "payment": "قسط",
    "enterAmount": "أدخل المبلغ",
    "payViaCard": "الدفع عن طريق البطاقة",
    "payViaWallet": "الدفع عبر Wallet",
    "pleaseWait": "ارجوك انتظر...",
    "enterYourEmail": "أدخل بريدك الإلكتروني",
    "register": "يسجل",
    "saveThisTransactionIdForFuture": "احفظ معرف المعاملة هذا للمستقبل",
    "amountWillBeRefundWithinWorkingDays,": "سيتم رد المبلغ خلال 6 إلى 8 أيام عمل ،",
    "pleaseContactOurCustomerCare": "يرجى الاتصال بخدمة العملاء لدينا ،",
    "doNotPressBackLeaveAppWhileDoingTransaction": "لا تضغط رجوعًا أو تترك التطبيق أثناء إجراء المعاملة",
    "addToWallet": "أضف إلى Wallet",
    "addAmountIntoWallet": "أضف المبلغ إلى Wallet",


    "lblLanguage":"اللغات",
    "lblUpdateIngredient":"تحديث العلامات",
    "lblAddIngredient":"اضف اشارة",
    "lblName":"اسم",
    "lblCancel":"يلغي",
    "lblUpdate":"تحديث",
    "lblAdd":"يضيف",
    "lblPleaseAddIngredient":"الرجاء إضافة عنصر",
    "lblNew":"الادارة",
    "lblCategories":"⚙️",
    "lblLongPressOnCategoryForMoreOptions":"اضغط لفترة طويلة على فئة لمزيد من الخيارات.",
    "lblA":"🏛",
    "lblAll":"🗃️",
    "lblChooseCurrencySymbol":"اختيار رمز العملة",
    "lblSelect":"يختار",
    "lblCamera":"الة تصوير",
    "lblGallery":"صالة عرض",
    "lblForgetPassword":"نسيت كلمة المرور؟",
    "lblEnterYouEmail":"سيتم إرسال رابط إعادة تعيين كلمة المرور إلى عنوان البريد الإلكتروني الذي تم إدخاله أعلاه",
    "lblEmail":"بريد الالكتروني",
    "lblEnterValidEmail":"أدخل البريد الإلكتروني صالح",
    "lblResetPassword":"إعادة تعيين كلمة المرور",
    "lblResetPasswordLinkHasSentYourMail":"إعادة تعيين رابط كلمة المرور قد أرسل بريدك",
    "lblEnable":"ممكن",
    "lblDisable":"إبطال",
    "lblTextForDeletingCategory":"إذا قمت بحذف هذه الفئة، فسيتم إزالة جميع قوائمها. هل ما زلت تريد حذف هذه الفئة؟",
    "lblWrongSelection":"اختيار خاطئ",
    "lblEdit":"يحرر",
    "lblDelete":"حذف",
    "lblSpicy":"مدرسة",
    "lblJain":"مطعم",
    "lblSpecial":"آحرون",
    "lblPopular":"  🏪 متجر",
    "lblShowMore":" ➕ أظهر المزيد",
    "lblShowLess":" ➖ عرض أقل",
    "lblFoodItems":" 🏛 عملك",
    "lblMenuItems":"أضف المزيد",
    "lblNoMenuFor":"لم يتم العثور على معلومات",
    "lblCategory":"⚙️",
    "lblNoData":"لايوجد بيانات",
    "lblLight":"ضوء",
    "lblDark":"داكن",
    "lblSystemDefault":"النظام الافتراضي",
    "lblSelectYourTheme":"حدد موضوعك",
    "lblAbout":"حول التطبيق",
    "lblRestaurantQRMenu":" Welcome to Eocobusiness.",
    "lblVersion":"1.0.2",
    "lblAboutScreenText":"Eocobusiness هو تطبيق اتصالات يساعدك في العثور على المعلومات التي تحتاجها حول كل شيء تقريبًا من المطعم إلى الأعمال وبعض الإدارات الكبيرة فقط امسح رمز الاستجابة السريعة واكتشف المزيد",
    "lblPurchase":"شراء",
    "lblAddImage":"إضافة صورة",
    "lblChooseAnAction":"اختيار إجراء",
    "lblAddCategory":"إضافة فئة",
    "lblDoYouWantToUpdate":"هل تريد تحديث",
    "lblDoYouWantToAddThisCategory":"هل تريد إضافة هذه الفئة",
    "lblDescription":"وصف",
    "lblAddMenuItem":"إضافة عنصر القائمة",
    "lblDoYouWantToDelete":"هل تريد أن تحذف",
    "lblDoYouWantToAddThisMenuItem":"هل ترغب في إضافة عنصر القائمة هذا",
    "lblPleaseChooseCategory":"الرجاء اختيار الفئة",
    "lblChooseCategory":"اختر الفئة",
    "lblPrice":"سعر",
    "lblIngredients":"العلامات",
    "lblNewDescription":"اعثر على المعلومات التي تبحث عنها حول هذا العمل بسهولة عن طريق مسح رمز الاستجابة السريعة",
    "lblVeg":"عمل",
    "lblVegDescription":" 🏢 انقر هنا لإضافة عملك إلى القسم الصحيح",
    "lblSpicyDescription":" 🏫 انقر هنا لإضافة مدرستك إلى القسم الأيمن.",
    "lblJainDescription":" 🏛️ انقر هنا لإضافة مطعمك إلى القسم الصحيح",
    "lblSpecialDescription":" 🏢 انقر هنا لإضافة أعمال المهندس إلى القسم الصحيح.",
    "lblSweet":"سائق",
    "lblSweetDescription":"انقر هنا لإضافة شركة Chauffeur الخاصة بك إلى القسم الأيمن",
    "lblPopularDescription":"انقر هنا لإضافة متجر الأعمال الخاص بك إلى القسم الصحيح",
    "lblAddLogoImage":"إضافة صورة الشعار",
    "lblAddRestaurantImage":"أضف صورة للمباني الخاصة بك.",
    "lblUpdateRestaurant":"تحديث عملك",
    "lblAddRestaurant":"أضف عملك",
    "lblDoYouWantToUpdateRestaurant":"هل ترغب في تحديث المطعم",
    "lblDoYouWantToAddRestaurant":"هل تريد تحديث عملك",
    "lblType":"نوع",
    "lblNonVeg":" 🏢 الادارة",
    "lblContact":"اتصل",
    "lblCurrency":"عملة",
    "lblNewItemValidity":"جكلمة سريعة عن عملك",
    "lblAddress":"عنوان",
    "lblPasswordSuccessfullyChanged":"الرقم السري تغير بنجاح",
    "lblOldPassword":"كلمة سر قديمة",
    "lblOldPasswordIsNotCorrect":"كلمة المرور القديمة غير صحيحة",
    "lblNewPassword":"كلمة مرور جديدة",
    "lblConfirmPassword":"تأكيد كلمة المرور",
    "lblPasswordLengthShouldBeMoreThanSix":"يجب أن يكون طول كلمة المرور أكثر من ستة",
    "lblBothPasswordShouldBeMatched":"يجب مطابقة كل من كلمة المرور",
    "lblOldPasswordShouldNotBeSameAsNewPassword":"يجب ألا تكون كلمة المرور القديمة هي نفس كلمة المرور الجديدة",
    "lblSave":"يحفظ",
    "lblHello":"أهلا",
    "lblMyItems":"أشيائي",
    "lblNoRestaurant":"لا مطعم",
    "lblDataUpdated":"تحديث البيانات",
    "lbDoYouWantToUpdateProfile":"هل ترغب في تحديث الملف الشخصي",
    "lblEditProfile":"تعديل الملف الشخصي",
    "lblNumber":"عدد",
    "lblTryAgain":"حاول مجددا",
    "lblQR":"qr.",
    "lblScanForOurOnlineMenu":"مسح للحصول على قائمةنا عبر الإنترنت",
    "lblUhOhSomethingWentWrong":"اه أوه! هناك خطأ ما",
    "lblScanned":"ممسوحة ضوئيا",
    "lblWrongQRCode":"خطأ رمز الاستجابة السريعة",
    "lblNoPermission":"لا يوجد إذن",
    "lblDoYouWantToDeleteRestaurant":"هل تريد حذف مطعم",
    "lblSettings":"إعدادات",
    "lblChangePassword":"تغيير كلمة المرور",
    "lblUserLoginWithSocialAccountCannotChangeThePassword":"تسجيل دخول المستخدم مع الحساب الاجتماعي لا يمكن تغيير كلمة المرور",
    "lblDarkMode":"الوضع المظلم",
    "lblPrivacyPolicy":"سياسة خاصة",
    "lblRateUs":"قيمنا",
    "lblTerms":"البنود و الظروف",
    "lblShare":"شارك التطبيق",
    "lblLogout":"تسجيل خروج",
    "lblAreYouSureYouWantToLogout":"هل أنت متأكد أنك تريد تسجيل الخروج",
    "lblVisitAgain":"زورني مره اخرى",
    "lblPleaseEnterYourEmail":"رجاءا أدخل بريدك الإلكتروني",
    "lblPleaseEnterYourPassword":"من فضلك أدخل رقمك السري",
    "lblPassword":"كلمه السر",
    "lblForgotPassword":"هل نسيت كلمة السر",
    "lblSignIn":"تسجيل الدخول",
    "lblDontHaveAnAccount":"ليس لديك حساب",
    "lblCreateAccountHere":"إنشاء حساب هنا",
    "lblOR":"أو",
    "lblSignUp":"اشتراك",
    "lblPleaseEnterName":"الرجاء إدخال الاسم",
    "lblPleaseEnterPhoneNumber":"الرجاء إدخال رقم الهاتف",
    "lblPhoneNumber":"رقم الهاتف",
    "lblPleaseEnterEmail":"الرجاء إدخال البريد الإلكتروني",
    "lblPleasEnterPassword":"عقد الإيجار أدخل كلمة المرور",
    "lblAlreadyHaveAccount":"لديك بالفعل حساب",
    "lblSignInHere":"تسجيل الدخول هنا",
    "lblGoPaperless":"الذهاب نظام القائمة paperless",
    "lblGoPaperlessWithOurDigitalMenu":"نسيت المستندات الورقية بفضل رمز الاستجابة السريعة الذي يوفر معلومات لعملائك أو زوارك المحتملين!",
    "lblGetStarted":"البدء",
    "lblWaitToScan":"انتظر لمسح الضوئي",
    "lblUserAlreadyRegisterWithEmail":"المستخدم بالفعل التسجيل مع البريد الإلكتروني",
    "lblWrongURL":"رابط خطأ",
    "lblRemoveImage":"إزالة الصورة",
    "lblSelectLanguage":"اختار اللغة",
    "lblSelectTheme":"اختر نمطا",
    "lblChangeRestaurantImage":"غير الصوره",
    "lblChangeLogoImage":"غيّر شعارك",
    "lblSelectThemeDesc":"تقدم تجربة العلامة التجارية غير الملحومة لعملائك بخيارات متعددة من تطبيقات التطبيقات القابلة للتخصيص ومليئة بالقدرة الإبداعية.",
    "lblSelectLanguageDesc":"اختر لغتك.",
    "lblRestaurant":"شركة",
    "lblClickHere":"انقر هنا",
    "lblForScanner":"للماسح الضوئي",
    "lblAddYourBusinessOrServicehere":"أضف عملك أو الخدمة هنا +",
    "lblPayViaWalletNumber": "التحويل من محفظتي",
    "lblPayViaQRCode": "ادفع باستخدام رمز الاستجابة السريعة",
    "lblEnterWalletNumber": "أدخل رقم المحفظة",
    "lblEnterAmount": "كم تريد نقل؟",
    "lblPleaseEnterTheValidWalletNumber": "الرجاء إدخال رقم المحفظة الصحيح",
    "lblUserCouldNotSendYourWalletNumber": "لا يمكن للمستخدم إرسال رقم محفظتك",
    "lblTransferredFromMyWallet": "محولة من محفظتي",
    "news": "📰 الإخبارية",
    "lblTo": "ل",
    "lblFrom": "من",
    "lblSmallTo": "ل",
    "lblSmallFrom": "من",
    "lblReceived": "تلقى"
}
