{
    "home_page": "হোম পৃষ্ঠা",
    "personal_information": "ব্যক্তিগত তথ্য",
    "name": "নাম",
    "email": "ইমেল",
    "email_hint": "তোমার ইমেইল প্রবেশ করাও",
    "date_of_birth": "জন্ম তারিখ",
    "required_field": "প্রয়োজনীয় ক্ষেত্র",
    "submit_info": "তথ্য জমা দিন",
    "about_us": "আমাদের সম্পর্কে",
    "settings": "সেটিংস",
    "change_language": "ভাষা পরিবর্তন করুন",
    "name_hint": "আপনার নাম প্রবেশ করুন",
    "enter_fullname": "পুরো নাম",
    "enter_mobilenumber": "মোবাইল নম্বর",
    "sendsmscode": "আপনার নম্বর যাচাই করতে একটি এসএমএস কোড প্রেরণ করুন",
    "sendverf": "যাচাইকরণ কোড প্রেরণ করুন",
    "welcometo": "স্বাগত ",
    "enter_verfcode": "প্রেরিত এসএমএস কোড লিখুন ",
    "sending_code": "এসএমএস কোড পাঠানো হচ্ছে ",
    "back": "পেছনে",
    "verify_otp": "কোড যাচাই করুন",
    "auth_needed": "সেটিংস আনলক করতে প্রমাণীকরণের প্রয়োজন",
    "auth_neededchat": "চ্যাট আনলক করতে প্রমাণীকরণের প্রয়োজন",
    "lp_setalias": "উপনাম সেট করতে আড্ডায় দীর্ঘক্ষণ চাপ দিন।",
    "swipehide": "এগুলি লুকানোর জন্য আবার নিচে সোয়াইপ করুন",
    "swipeview": "লুকানো চ্যাটগুলি দেখতে পর্দার নীচে সোয়াইপ করুন।",
    "loved": "অ্যাপটি পছন্দ ? অ্যাপ্লিকেশন রেট. ",
    "loadingfailed": "লোড ব্যর্থ ! অ্যাপ্লিকেশনটি পুনরায় চালু করুন ",
    "setup": "সার্ভার সেটআপ সম্পন্ন ! অ্যাপ্লিকেশন পুনরায় চালু করুন ",
    "signin": "সাইন ইন করুন",
    "updateavl": "অ্যাপ আপডেট উপলব্ধ",
    "updateavlmsg": "অ্যাপ্লিকেশনটির নতুন সংস্করণ উপলব্ধ। অ্যাপটি ব্যবহার চালিয়ে যেতে আপনাকে আপডেট করতে হবে",
    "updatnow": "এখন হালনাগাদ করুন",
    "selectcontact": "ভাগ করতে যোগাযোগ নির্বাচন করুন",
    "searchcontact": "যোগাযোগ অনুসন্ধান করুন",
    "perm_contact": "Permission to access contacts is needed to connect with people you know.",
    "nosearchresult": "কোন অনুসন্ধান ফলাফল নেই",
    "search": "অনুসন্ধান করুন",
    "searchuser": "অনুসন্ধান ব্যবহারকারী",
    "validnum": "দয়া করে একটি বৈধ নম্বর লিখুন  ",
    "chatws": "নম্বর সংরক্ষণ না করে চ্যাট করুন ",
    "notexist": "তিনি যোগদান করেন নি  ",
    "invite": "ব্যবহারকারীকে আমন্ত্রণ জানান",
    "waitingpeer": "চ্যাটে যোগদানের জন্য ব্যক্তিটির জন্য অপেক্ষা করা হচ্ছে।",
    "msgnotload": "বার্তাটি লোড করা যায়নি",
    "convended": "কথোপকথন শেষ",
    "usernotjoined": "ব্যবহারকারী যোগদান করেন নি",
    "msg": "বার্তা",
    "pickdoc": "একটি দস্তাবেজ চয়ন করুন",
    "plswait": "অনুগ্রহপূর্বক অপেক্ষা করুন ...",
    "sent": "বার্তা পাঠানো হয়েছে ",
    "doc": "দলিল",
    "pickvideo": "একটি ভিডিও চয়ন করুন",
    "video": "ভিডিও",
    "pickimage": "একটি চিত্র চয়ন করুন",
    "image": "চিত্র",
    "record": "অডিও রেকর্ড করুন",
    "audio": "অডিও",
    "location": "অবস্থান",
    "contact": "যোগাযোগ তালিকা",
    "accept": "আমন্ত্রণ গ্রহণ : ",
    "acpt": "গ্রহণ করুন",
    "rjt": "প্রত্যাখ্যান",
    "unlck": "শেয়ার মিডিয়াতে চ্যাট অবরোধ মুক্ত করুন",
    "typmsg": "একটি বার্তা টাইপ করুন",
    "savedconv": "কথোপকথন সংরক্ষণ করা হয়েছে",
    "unread": " অপঠিত বার্তা",
    "nosave": "কোনও সংরক্ষিত বার্তা নেই।",
    "unblock": "অবরোধ মুক্ত করুন ",
    "unblocked": "অবরুদ্ধ! ",
    "hidechat": "চ্যাট লুকান ",
    "unhidechat": "চ্যাটটি আনহাইড করুন ",
    "cancel": "বাতিল ",
    "sayhi": "হাই বলুন! ",
    "today": "আজ",
    "yesterday": "গতকাল",
    "lastseen": "সর্বশেষ দেখা হয়েছে",
    "typing": "টাইপ করা হচ্ছে ...",
    "online": "অনলাইন",
    "loading": "লোড হচ্ছে ...",
    "pmc": "মাইক্রোফোন এবং ক্যামেরা অ্যাক্সেস করার অনুমতি শুরু করার প্রয়োজন।",
    "vsmsg": "সংরক্ষিত বার্তাগুলি দেখতে স্ক্রিনের বাম দিকে সোয়াইপ করুন।",
    "drag": "আপনার বার্তাটি কথোপকথন শেষ করতে বাম থেকে ডানদিকে বার বার টানুন ",
    "unlockchat": "আনলক চ্যাট",
    "lockchat": "লক চ্যাট",
    "setwall": "ওয়ালপেপার সেট করুন",
    "removewall": "ওয়ালপেপার সরান",
    "showtutor": "টিউটোরিয়ালগুলি দেখান",
    "search_recentchats": "সাম্প্রতিক চ্যাটগুলি অনুসন্ধান করুন",
    "recentchats": "সাম্প্রতিক চ্যাট",
    "chats": "চ্যাট বার্তা",
    "calls": "কল",
    "profile": "প্রোফাইল",
    "rate": "অ্যাপ্লিকেশন রেট",
    "share": "বন্ধুদের আমন্ত্রণ",
    "feedback": "মতামত দিন",
    "tutorials": "টিউটোরিয়াল",
    "tnc": "শর্তাবলী",
    "pp": "গোপনীয়তা নীতি",
    "logout": "প্রস্থান",
    "unblockchat": "চ্যাট অবরোধ মুক্ত করুন",
    "blockchat": "ব্লক চ্যাট",
    "submit": "জমা দিন",
    "saved": "সংরক্ষিত !",
    "save": "সংরক্ষণ",
    "validdetails": "বৈধ বিশদ লিখুন",
    "status": "স্থিতি",
    "setpasscode": "এগিয়ে যাওয়ার আগে পাসকোড সেট করুন।",
    "enterpass": "পাসকোডটি প্রবেশ করান",
    "delete": "মুছে ফেলা",
    "done": "সম্পন্ন",
    "newans": "দয়া করে একটি নতুন উত্তর সরবরাহ করুন!",
    "ansempty": "উত্তর খালি থাকতে পারে না!",
    "quesempty": "প্রশ্ন ফাঁকা হতে পারে না!",
    "sans": "নিরাপত্তা সংক্রান্ত প্রশ্ন",
    "sques": "নিরাপত্তা প্রশ্ন",
    "setpass": "পাসকোড সেট করুন",
    "makesureotp": "আপনার ফোন নম্বর / ওটিপি কোড সঠিক কিনা তা নিশ্চিত করুন এবং পরে আবার চেষ্টা করুন।",
    "setpasslong": "নিম্নলিখিতটি আপনার পাসকোডটি ভুলে যাওয়ার ক্ষেত্রে পুনরায় সেট করতে ব্যবহার করা হবে। একটি প্রশ্নের ফ্রেম করুন কেবলমাত্র আপনি উত্তর দিতে পারেন। সৃজনশীল হন এবং এমন উত্তর চয়ন করুন যা অনুমান করা শক্ত।",
    "welcomeback": "ফিরে আসার জন্য স্বাগতম !",
    "failedlogin": "লগ ইনে ব্যর্থ!",
    "entervalidmob": "দয়া করে একটি বৈধ নম্বর লিখুন।",
    "nameem": "নাম খালি থাকতে পারে না!",
    "correctotp": "সঠিক কোড প্রবেশ করান",
    "authfailed": "প্রমাণীকরণ ব্যর্থ হয়েছে !",
    "authh": "প্রমাণীকরণ",
    "trylater": "পরে আবার চেষ্টা করুন !",
    "incomingaudio": "ইনকামিং অডিও কল ...",
    "incomingvideo": "আগত ভিডিও কল ...",
    "startchat": "নীচে ডানদিকে বোতাম টিপে চ্যাট শুরু করুন!",
    "nochats": "কোনও আড্ডা খুঁজে পাওয়া যায়নি!",
    "clearlog": "কল লগ সাফ করবেন?",
    "clearloglong": "আপনি কি সমস্ত কল লগ মুছতে চান?",
    "allav": "সমস্ত ভিডিও এবং অডিও কল ইতিহাস এখানে প্রদর্শিত হবে।",
    "nocalls": "কোনও কল নেই",
    "picked": "কল তুলেছে",
    "voice": "ভয়েস কল",
    "muted": "পিয়ার ডিভাইস নিঃশব্দ করা হয়েছে",
    "connecting": "সংযুক্ত হচ্ছে ...",
    "calling": "কল করা হচ্ছে ...",
    "oncall": "কল তোলা হয়েছে",
    "callended": "কল শেষ হয়েছে",
    "callrejected": "কল প্রত্যাখ্যান করা হয়েছে",
    "ps": "ফাইল ডাউনলোডের জন্য স্টোরেজ অ্যাক্সেসের অনুমতি প্রয়োজন",
    "psac": "ফাইল নির্বাচন করতে স্টোরেজ অ্যাক্সেসের অনুমতি প্রয়োজন",
    "eps": "ডাউনলোড করার সময় ত্রুটি ঘটেছে",
    "folder": "ফোল্ডারের ভিতরে ফাইল ডাউনলোড হয়েছে: ",
    "pms": "আপনার ফোনে ফটোগুলি সংরক্ষণ করতে স্টোরেজ অ্যাক্সেসের অনুমতি প্রয়োজন ",
    "removealias": "উপনাম সরান",
    "setalias": "এলিয়াস সেট করুন",
    "aliasname": "ওরফে নাম",
    "clocktime": "আপনার ঘড়ির সময়টি সার্ভার সময়ের সাথে সিঙ্কের বাইরে। চালিয়ে যাওয়ার জন্য দয়া করে এটি ঠিক করুন",
    "letschat": "চ্যাট করতে দিন ",
    "joinme": "আমার সাথে যোগ দিন",
    "pgv": "ভিডিও নির্বাচন করতে গ্যালারী অ্যাক্সেসের অনুমতি প্রয়োজন",
    "pcv": "ভিডিও নির্বাচন করতে ক্যামেরা অ্যাক্সেসের অনুমতি প্রয়োজন।",
    "pgi": "ফটো নির্বাচন করতে গ্যালারী অ্যাক্সেসের অনুমতি প্রয়োজন ",
    "pci": "ফটো নির্বাচন করার জন্য ক্যামেরা অ্যাক্সেসের অনুমতি প্রয়োজন",
    "pm": "শুরু করতে মাইক্রোফোন অ্যাক্সেসের অনুমতি প্রয়োজন",
    "forgotpassword": "পাসওয়ার্ড ভুলে গেছেন ?",
    "updatesecurity": "আপডেট সুরক্ষা",
    "wrongans": "ভুল উত্তর ",
    "hardguess": "অনুমান করা শক্ত এমন একটি পাসকোড ব্যবহার করুন ",
    "takeimage": "শুরু করতে একটি চিত্র নিন",
    "takefile": "শুরু করার জন্য একটি ফাইল নিন",
    "close": "বন্ধ",
    "sendingrecord": "রেকর্ডিং পাঠানো হচ্ছে ... দয়া করে অপেক্ষা করুন",
    "sendrecord": "রেকর্ডিং প্রেরণ করুন",
    "audiorecorder": "অডিও রেকর্ডার",
    "playingrecording": "রেকর্ডিং বাজানো হচ্ছে",
    "recording": "রেকর্ডিং ...",
    "recorderstopped": "রেকর্ডার বন্ধ",
    "mediamssgnotallowed": "মিডিয়া বার্তা প্রেরণ প্রশাসক দ্বারা সাময়িকভাবে অক্ষম করা হয়েছে ",
    "textmssgnotallowed": "পাঠ্য বার্তা প্রেরণ প্রশাসক দ্বারা সাময়িকভাবে অক্ষম করা হয়েছে।",
    "callnotallowed": "কলিং বৈশিষ্ট্য প্রশাসনিক দ্বারা সাময়িকভাবে অক্ষম করা হয়েছে।",
    "failedtoconfigure": "অ্যাপ্লিকেশন কনফিগার করতে ব্যর্থ। অ্যাপ্লিকেশন পুনরায় চালু করুন!",
    "logindisabled": "লগইন বৈশিষ্ট্য প্রশাসনিক দ্বারা সাময়িকভাবে অক্ষম করা হয়েছে।",
    "allnotifications": "বিজ্ঞপ্তি",
    "newnotifications": "নতুন বিজ্ঞপ্তি পুনরুদ্ধার করা হয়েছে",
    "nonotifications": "কোনও বিজ্ঞপ্তি নেই",
    "copy": "কপি",
    "agree": "চালিয়ে যাওয়ার দ্বারা আপনি এর সাথে সম্মত হন",
    "ntm": "নতুন বার্তা",
    "nim": "📷 ছবি",
    "nvm": "🎥 ভিডিও",
    "nam": "🎙️ রেকর্ডিং",
    "ncm": "👤 পরিচিতিগুলি ভাগ করা হয়েছে",
    "ndm": "📄 দলিল",
    "nlm": "📍 বর্তমান অবস্থান ভাগ করা আছে",
    "niac": "📞 আগত ভয়েস কল",
    "nivc": "🎥 আগত ভিডিও কল",
    "ce": "সংযোগ বিচ্ছিন্ন",
    "mc": "মিস কল",
    "aorc": "কলটি গ্রহণ করুন বা প্রত্যাখ্যান করুন",
    "cr": " কল প্রত্যাখ্যান করা হয়েছে",
    "dltscs": "সফলভাবে মোছা হয়েছে",
    "dltstatus": "স্থিতি মুছুন",
    "myactstatus": "আমার সক্রিয় স্থিতি",
    "nostatus": "আপনার সংরক্ষিত পরিচিতিতে কোনও স্থিতি নেই",
    "rcntupdates": "সাম্প্রতিক আপডেট",
    "mystatus": "আমার স্থিতি",
    "taptoupdtstatus": "স্থিতি আপডেট যোগ করতে আলতো চাপুন",
    "createstatus": "স্থিতি তৈরি করুন",
    "taptoview": "দেখার জন্য আলতো চাপুন",
    "viewedby": "দ্বারা দেখা হয়েছে",
    "typeacaption": "একটি ক্যাপশন টাইপ করুন",
    "settingsoption": "সেটিংস",
    "myprofile": "আমার প্রোফাইল",
    "editprofile": "সম্পাদনা প্রোফাইল",
    "changednp": "প্রদর্শনের নাম এবং ফটো পরিবর্তন করুন",
    "givesuggestions": "আবেদনের বিষয়ে পরামর্শ",
    "leavereview": "আপনার পর্যালোচনা ছেড়ে দিন",
    "pmtevents": "প্প্রচারমূলক ইভেন্ট এবং সতর্কতা",
    "abiderules": "নিয়ম অনুসরণ করুন",
    "processdata": "আমরা কীভাবে আপনার ডেটা প্রক্রিয়া করি তা শিখুন",
    "recipients": "প্রাপক",
    "participants": "অংশগ্রহণকারীরা",
    "about": "আমার সম্পর্কে",
    "encryption": "সুরক্ষা",
    "encryptionshort": "বার্তা এবং কলগুলি শেষ থেকে শেষ পর্যন্ত এনক্রিপ্ট করা হয়",
    "newbroadcast": "নতুন সম্প্রচার",
    "newgroup": "নতুন দল",
    "admin": "অ্যাডমিন",
    "setasadmin": "অ্যাডমিন হিসাবে সেট করুন",
    "removeasadmin": "প্রশাসক হিসাবে সরান",
    "remove": "অপসারণ",
    "removefromgroup": "অপসারণ দল থেকে",
    "leavegroup": "গ্রুপ পরিত্যাগ করুন",
    "unabletoleavegrp": "গ্রুপ ছাড়তে অক্ষম। আবার চেষ্টা করুন",
    "leftthegroup": "গ্রুপ ছেড়ে গেছে",
    "leave": "ছেড়ে দিন",
    "deletegroup": "গ্রুপ মুছুন",
    "nodesc": "কোনও বর্ণনা যুক্ত করা হয়নি",
    "desc": "বর্ণনা",
    "grpicondeletedby": "গ্রুপ আইকন দ্বারা মুছে ফেলা হয়েছে",
    "grpiconchangedby": "গ্রুপ আইকন দ্বারা পরিবর্তন করা হয়েছে",
    "createdby": "দ্বারা সৃষ্টি",
    "createdbyu": "আপনার দ্বারা গঠিত",
    "removedbyadmin": "প্রশাসক দ্বারা সরানো হয়েছে",
    "hasremoved": "সরিয়ে",
    "confirm": "কনফার্ম",
    "deletedgroup": "এই গোষ্ঠীটি প্রশাসক দ্বারা সরানো হয়েছে বা আপনাকে এই গোষ্ঠী থেকে সরানো হয়েছে।",
    "onlyadminsend": "🔒 কেবলমাত্র প্রশাসকরা এই গোষ্ঠীতে বার্তা পাঠাতে পারবেন",
    "tapherefrgrpinfo": "গোষ্ঠী সম্পর্কিত তথ্যের জন্য এখানে আলতো চাপুন",
    "detectingloc": "স্থান সনাক্ত করা হচ্ছে",
    "download": "ডাউনলোড করুন",
    "preview": "পূর্বরূপ",
    "msgdeleted": "বার্তা মুছে ফেলা হয়েছে",
    "dltforeveryone": "সবার জন্য মুছুন",
    "dltforme": "আমার জন্য মুছুন",
    "youleftthegroup": "আপনি গ্রুপ ছেড়ে চলে গেছেন",
    "uhaveadded": "আপনি যোগ করেছেন",
    "youhaveremoved": "আপনি সরিয়েছেন",
    "youremovedgrpicon": "আপনি গ্রুপ আইকন সরিয়েছেন",
    "hasremovedgrpicon": "সরিয়েছেন গ্রুপ আইকন",
    "youupdatedgrpicon": "আপনি গ্রুপ আইকন আপডেট করেছেন",
    "hasupdatedgrpicon": "has updated Group icon",
    "youcreatedthisgroup": "আপনি এই গ্রুপ তৈরি করেছেন",
    "hascreatedthisgroup": "এই গ্রুপ তৈরি করেছে",
    "uhvupdatedgrpdetails": "আপনি গ্রুপ বিবরণ আপডেট করেছেন",
    "grpdetailsupdatebyadmin": "গ্রুপ বিশদ অ্যাডমিন দ্বারা আপডেট করা",
    "hasupdatedgrpdetails": "গ্রুপ বিশদ আপডেট করেছে",
    "hasbeensetasadminbyu": "আপনার দ্বারা প্রশাসক হিসাবে সেট করা হয়েছে",
    "hvsetuasadmin": "আপনাকে প্রশাসক হিসাবে সেট করেছে",
    "theyremoveduasadmin": "আপনাকে প্রশাসক হিসাবে সরিয়ে দিয়েছে",
    "adminahasadded": "অ্যাডমিন যোগ করা হয়েছে",
    "users": "ব্যবহারকারীরা",
    "added": "যোগ করা হয়েছে",
    "set": "সেট",
    "creategroup": "নতুন গ্রুপ",
    "editgroup": "গ্রুপ সম্পাদনা করুন",
    "groupname": "গ্রুপ নাম",
    "groupdesc": "গ্রুপ বর্ণনা",
    "grouptype": "গ্রুপ টাইপ",
    "adminhasadded": "অ্যাডমিন যোগ হয়েছে",
    "youandother": "আপনি এবং অন্যরা",
    "youareaddedtothisgrp": "আপনি এই গ্রুপে যোগ করা হয়েছে",
    "fromadmin": "অ্যাডমিন থেকে",
    "asadmin": "প্রশাসক হিসাবে",
    "setgroup": "গোষ্ঠীর বিবরণ সেট করুন",
    "selected": "নির্বাচিত",
    "selectcontacts": "যুক্ত করার জন্য পরিচিতিগুলি নির্বাচন করুন",
    "errorcreatinggroup": "দলে ব্যবহারকারীদের যুক্ত করার সময় ত্রুটি। আবার চেষ্টা করুন",
    "deleting": "মোছা হচ্ছে",
    "deleted": "মোছা হয়েছে",
    "blockbroadcast": "এই সম্প্রচারটি অবরুদ্ধ করুন",
    "blockedbroadcast": "এই সম্প্রচারটি অবরুদ্ধ করেছে",
    "copied": "অনুলিপি করা হয়",
    "chatencryption": "বার্তা এবং কলগুলি শেষ থেকে শেষ পর্যন্ত এনক্রিপ্ট করা হয়। এই চ্যাটের বাইরের কেউ এগুলি পড়তে পারে না",
    "alreadydeleted": "এই বার্তাটি প্রেরক ইতিমধ্যে মুছে ফেলেছেন",
    "fileexists": "ফোল্ডারে ফাইলটি ইতিমধ্যে বিদ্যমান",
    "downloading": "ডাউনলোড হচ্ছে ",
    "broadcastupdatedbyadmin": "অ্যাডমিন দ্বারা আপডেট করা সম্প্রচারের বিবরণ",
    "uhaveupdatedbroadcast": "আপনি সম্প্রচারের বিবরণ আপডেট করেছেন",
    "updatedbroadcast": "সম্প্রচারের বিবরণ আপডেট করা হয়েছে",
    "editbroadcast": "সম্প্রচার সম্পাদনা করুন",
    "broadcastname": "ব্রডকাস্টের নাম",
    "broadcastdesc": "সম্প্রচারের বর্ণনা",
    "removefromlist": "তালিকা থেকে মুছুন",
    "deletebroadcast": "সম্প্রচার মুছুন",
    "broadcasticondlted": "সম্প্রচার গোষ্ঠী আইকন আপনি দ্বারা সরানো হয়েছে",
    "broadcasticonupdtd": "সম্প্রচার গোষ্ঠী আইকন আপনার দ্বারা পরিবর্তন করা হয়েছে",
    "senttorecp": "মোট প্রাপকদের কাছে প্রেরণ করা হয়েছে",
    "norecp": "প্রাপক প্রেরণের জন্য উপলব্ধ নয়",
    "tapforbroadcastinfo": "সম্প্রচার তথ্যের জন্য এখানে আলতো চাপুন",
    "createdbroadcast": "সম্প্রচারের তালিকা তৈরি করা হয়",
    "erroraddingbroadcast": "সম্প্রচারে ব্যবহারকারীদের যুক্ত করার সময় ত্রুটি। আবার চেষ্টা করুন",
    "erroroccured": "লোড করার সময় একটি ত্রুটি ঘটেছে। অ্যাপ্লিকেশন পুনরায় চালু করুন",
    "selectsinglecontact": "যোগাযোগ নির্বাচন করুন",
    "disabled": "এই বৈশিষ্ট্যটি প্রশাসক সাময়িকভাবে অক্ষম করেছেন",
    "uploading": "আপলোড হচ্ছে",
    "createbroadcast": "সম্প্রচার তৈরি করুন",
    "setbroadcastdetails": "সম্প্রচারের বিশদটি সেট করুন",
    "bothuseradmin": "উভয় ব্যবহারকারী এবং প্রশাসক বার্তা অনুমোদিত",
    "onlyadmin": "কেবল অ্যাডমিন বার্তাগুলি অনুমোদিত",

    "generatingthumbnail": "থাম্বনেইল তৈরি হচ্ছে",
    "text": "কিছু লিখুন",
    "endtoendencryption": "শেষ-থেকে-শেষ এনক্রিপশন",
    "maxfilesize": "ফাইল এর চেয়ে কম হওয়া উচিত",
    "selectedfilesize": "নির্বাচিত ফাইলের আকার",
    "norecentchats": "সাম্প্রতিক কোনো আড্ডা নেই",
    "forward": "ফরওয়ার্ড",
    "you": "আপনি",
    "selectcontactstoforward": "ফরওয়ার্ডে নির্বাচন করুন",
    "forwarded": "ফরওয়ার্ড করা হয়েছে",
    "sending": "পাঠানো হচ্ছে ...",
    "maxnooffiles": "সর্বাধিক সংখ্যক ফাইল নির্বাচন করা যেতে পারে",
    "filesizeexceeded": "এক বা একাধিক ফাইলের আকার অনুমোদিত সর্বোচ্চ আকার অতিক্রম করেছে",
    "selectcontacttoshare": "শেয়ার করার জন্য নির্বাচন করুন",
    "maxallowed": "সর্বোচ্চ অনুমোদিত :",


    "latest_credits":"সর্বশেষ ক্রেডিট",
    "latest_debits":"সর্বশেষ ডেবিট",
    "see_all": "সবগুলো দেখ",
    "hide": "লুকান",
    "deposits": "জমা",
    "notifications": "বিজ্ঞপ্তি",
    "transactions": "লেনদেন",
    "hello": "হ্যালো",
    "user": "ব্যবহারকারী",
    "account_number": "হিসাব নাম্বার",
    "available_balance": "পর্যাপ্ত টাকা",
    "withdraw": "প্রত্যাহার করুন",
    "scan_code": "স্ক্যান কোড",
    "scan_this_QR_code_to_get_transaction": "লেনদেন পেতে এই QR কোডটি স্ক্যান করুন",
    "scan_qr_code": "QR কোড স্ক্যান করুন",
    "qr_Barcode": "QR/বারকোড",
    "doubleTapToGoBack": "ফিরে যেতে ডবল ট্যাপ করুন",
    "pleaseEnterValidEmail": "একটি বৈধ ইমেইল প্রবেশ করুন",
    "emailCannotBeEmpty": "ইমেল খালি হতে পারে না!",
    "theUsernameMustBe6Characters": "ব্যবহারকারীর নাম কমপক্ষে 6 অক্ষরের হতে হবে",
    "pleaseEnterLessAmountThenWalletAmount": "মানিব্যাগের পরিমাণের চেয়ে কম পরিমাণ লিখুন",
    "pleaseEnterValidAmount": "বৈধ পরিমাণ লিখুন",
    "paymentIntentIdCopieToClipboard": "পেমেন্ট IntentId ক্লিপবোর্ডে কপি করা হয়েছে",
    "walletNumber": "ওয়ালেট নম্বর",
    "noCreditRecordFound": "কোন ক্রেডিট রেকর্ড পাওয়া যায়নি.",
    "noDebitRecordFound.": "কোন ডেবিট রেকর্ড পাওয়া যায়নি.",
    "copy": "কপি",
    "to": "প্রতি :",
    "oK": "ঠিক আছে",
    "transactionID": "লেনদেন নাম্বার :",
    "transactionDetails": "লেনদেন বিবরণী",
    "transactionType": "লেনদেন প্রকার :",
    "depositRecordNotFound": "জমা রেকর্ড পাওয়া যায়নি.",
    "transactionRecordNotFound": "লেনদেনের রেকর্ড পাওয়া যায়নি।",
    "withdrawRecordNotFound.": "প্রত্যাহার রেকর্ড পাওয়া যায়নি।",
    "payment": "পেমেন্ট",
    "enterAmount": "পরিমান লিখুন",
    "payViaCard": "কার্ডের মাধ্যমে অর্থ প্রদান করুন",
    "payViaWallet": "ওয়ালেটের মাধ্যমে অর্থ প্রদান করুন",
    "pleaseWait": "অনুগ্রহপূর্বক অপেক্ষা করুন...",
    "enterYourEmail": "তুমার ইমেইল প্রবেশ করাও",
    "register": "নিবন্ধন",
    "saveThisTransactionIdForFuture": "ভবিষ্যতের জন্য এই লেনদেন আইডি সংরক্ষণ করুন",
    "amountWillBeRefundWithinWorkingDays,": "6 থেকে 8 কার্যদিবসের মধ্যে অর্থ ফেরত দেওয়া হবে,",
    "pleaseContactOurCustomerCare": "আমাদের কাস্টমার কেয়ারের সাথে যোগাযোগ করুন,",
    "doNotPressBackLeaveAppWhileDoingTransaction": "লেনদেন করার সময় ব্যাক প্রেস করবেন না বা অ্যাপ ছেড়ে যাবেন না",
    "addToWallet": "ওয়ালেটে যোগ করুন",
    "addAmountIntoWallet": "ওয়ালেটে পরিমাণ যোগ করুন",



    "lblLanguage":"ভাষা",
    "lblUpdateIngredient":"উপাদান আপডেট করুন",
    "lblAddIngredient":"উপাদান যোগ করুন",
    "lblName":"নামকরণ",
    "lblCancel":"বাতিল করুন",
    "lblUpdate":"হালনাগাদ",
    "lblAdd":"যোগ করুন",
    "lblPleaseAddIngredient":"উপাদান যোগ করুন",
    "lblNew":"নতুন",
    "lblCategories":"বিভাগ",
    "lblLongPressOnCategoryForMoreOptions":"আরো অপশন জন্য বিভাগে দীর্ঘ প্রেস।",
    "lblA":"এ",
    "lblAll":"সব",
    "lblChooseCurrencySymbol":"মুদ্রা প্রতীক নির্বাচন করুন",
    "lblSelect":"নির্বাচন করুন",
    "lblCamera":"ক্যামেরা",
    "lblGallery":"গ্যালারি",
    "lblForgetPassword":"পাসওয়ার্ড ভুলে গেছেন?",
    "lblEnterYouEmail":"একটি রিসেট পাসওয়ার্ড লিঙ্ক উপরে প্রবেশ করা ইমেল ঠিকানা পাঠানো হবে",
    "lblEmail":"ইমেইল.",
    "lblEnterValidEmail":"সঠিক ইমেইল এড্রেস প্রদান করুন",
    "lblResetPassword":"পাসওয়ার্ড রিসেট করুন",
    "lblResetPasswordLinkHasSentYourMail":"পাসওয়ার্ড লিঙ্ক পুনরায় সেট করুন আপনার মেইল ​​পাঠানো হয়েছে",
    "lblEnable":"সক্ষম করুন",
    "lblDisable":"নিষ্ক্রিয় করুন",
    "lblTextForDeletingCategory":"আপনি যদি এই বিষয়শ্রেণীতে মুছে ফেলেন তবে এর সমস্ত মেনু মুছে ফেলা হবে। আপনি এখনও এই বিষয়শ্রেণীতে মুছে ফেলতে চান?",
    "lblWrongSelection":"ভুল নির্বাচন",
    "lblEdit":"সম্পাদনা করুন",
    "lblDelete":"মুছে ফেলা",
    "lblSpicy":"মসলাযুক্ত",
    "lblJain":"জৈন",
    "lblSpecial":"বিশেষ করে",
    "lblPopular":"জনপ্রিয়",
    "lblShowMore":"আরো দেখুন",
    "lblShowLess":"প্রদর্শন কম",
    "lblFoodItems":"খাদ্য তালিকা",
    "lblMenuItems":"মেনু আইটেম",
    "lblNoMenuFor":"কোন মেনু জন্য কোন মেনু",
    "lblCategory":"বিভাগ",
    "lblNoData":"কোন তথ্য নেই",
    "lblLight":"আলো",
    "lblDark":"অন্ধকার",
    "lblSystemDefault":"সিস্টেমের ডিফল্ট",
    "lblSelectYourTheme":"আপনার থিম নির্বাচন করুন",
    "lblAbout":"অ্যাপ্লিকেশন সম্পর্কে",
    "lblRestaurantQRMenu":"QR মেনু",
    "lblVersion":"সংস্করণ.",
    "lblAboutScreenText":"QR মেনু একটি ভাল সজ্জিত ফ্লুটার অ্যাপ্লিকেশন। ব্যবহারকারীর শেষের দিকে, এটি ব্যবহারকারীকে ওয়েটারের মুখোমুখি না করেই রেস্টুরেন্টের মেনু দেখতে সহজ উপায় সরবরাহ করে। এটি মেনু দেখার প্রক্রিয়াটির একটি সহজ, পরিচালনাযোগ্য এবং অন-জিও পদ্ধতি সরবরাহ করে। যখন, রেস্টুরেন্টের মালিকের শেষের দিকে, এই অ্যাপ্লিকেশনটি রেষ্টুরেন্ট, খাদ্য বিভাগ এবং মেনুগুলি পরিচালনা করার জন্য একটি প্রচলিত এবং সহজেই পরিচালনাযোগ্য পদ্ধতি সরবরাহ করে",
    "lblPurchase":"ক্রয়",
    "lblAddImage":"ছবি সংযুক্ত কর",
    "lblChooseAnAction":"একটি কর্ম চয়ন করুন",
    "lblAddCategory":"বিভাগ যোগ করুন",
    "lblDoYouWantToUpdate":"আপনি আপডেট করতে চান",
    "lblDoYouWantToAddThisCategory":"আপনি এই বিষয়শ্রেণীতে যোগ করতে চান",
    "lblDescription":"বর্ণনা",
    "lblAddMenuItem":"মেনু আইটেম যোগ করুন",
    "lblDoYouWantToDelete":"আপনি মুছে ফেলতে চান",
    "lblDoYouWantToAddThisMenuItem":"আপনি এই মেনু আইটেম যোগ করতে চান",
    "lblPleaseChooseCategory":"বিভাগ নির্বাচন করুন",
    "lblChooseCategory":"বিভাগ নির্বাচন",
    "lblPrice":"মূল্যঃ",
    "lblIngredients":"উপকরণ",
    "lblNewDescription":"আপনার স্বাদ কুঁড়ি tingle রান্না করা নতুন ডিশ এবং delicacies একচেটিয়া নির্বাচন অন্বেষণ করুন",
    "lblVeg":"Veg.",
    "lblVegDescription":"সবজি এর বহিরাগত সংগ্রহ থেকে নির্বাচন করুন, stirred এবং sautéed tossed এবং পরিপূর্ণতা সঙ্গে রান্না করা",
    "lblSpicyDescription":"গরম এবং sizzling, আপনি মসলাযুক্ত রান্না একটি ফ্যান যদি, delicacies বিশেষ মসলাযুক্ত পরিসীমা পরীক্ষা করে দেখুন।",
    "lblJainDescription":"আপনার খাদ্য পছন্দগুলি সরবরাহ করা আমাদের লক্ষ্য, আপনার নিখুঁত এক খুঁজে পেতে একটি ডেডিকেটেড জৈন খাদ্য মেনু অন্বেষণ করুন",
    "lblSpecialDescription":"আপনি যদি রান্না করেনি আমাদের সূক্ষ্ম সংগ্রহের চেষ্টা না করে থাকেন তবে আমাদের বিশেষ মেনুতে আপনার জন্য সমস্ত কাজ করবেন না।",
    "lblSweet":"মিষ্টি",
    "lblSweetDescription":"ডেজার্ট ছাড়া একটি খাবার অসম্পূর্ণ, আমাদের sweetest ডেজার্ট সংগ্রহের সাথে আপনার ইন্দ্রিয় tantalize",
    "lblPopularDescription":"নিশ্চিত না কি আদেশ? অত্যন্ত সুপারিশ করা বা bestsellers এবং সবচেয়ে জনপ্রিয় খাবারের এবং delicacies দেখুন",
    "lblAddLogoImage":"লোগো ইমেজ যোগ করুন",
    "lblAddRestaurantImage":"ডিডি রেষ্টুরেন্ট ইমেজ",
    "lblUpdateRestaurant":"রেস্টুরেন্ট আপডেট করুন",
    "lblAddRestaurant":"রেস্টুরেন্ট যোগ করুন",
    "lblDoYouWantToUpdateRestaurant":"আপনি রেস্টুরেন্ট আপডেট করতে চান",
    "lblDoYouWantToAddRestaurant":"আপনি রেস্টুরেন্ট যোগ করতে চান",
    "lblType":"টাইপ.",
    "lblNonVeg":"অ-ভেগ",
    "lblContact":"যোগাযোগ করুন",
    "lblCurrency":"মুদ্রা",
    "lblNewItemValidity":"নতুন আইটেম বৈধতা",
    "lblAddress":"ঠিকানা",
    "lblPasswordSuccessfullyChanged":"পাসওয়ার্ড সফলভাবে পরিবর্তন",
    "lblOldPassword":"পুরানো পাসওয়ার্ড",
    "lblOldPasswordIsNotCorrect":"পুরানো পাসওয়ার্ড সঠিক নয়",
    "lblNewPassword":"নতুন পাসওয়ার্ড",
    "lblConfirmPassword":"পাসওয়ার্ড নিশ্চিত করুন",
    "lblPasswordLengthShouldBeMoreThanSix":"পাসওয়ার্ড দৈর্ঘ্য ছয় বেশী হতে হবে",
    "lblBothPasswordShouldBeMatched":"উভয় পাসওয়ার্ড মিলিত করা উচিত",
    "lblOldPasswordShouldNotBeSameAsNewPassword":"পুরানো পাসওয়ার্ড নতুন পাসওয়ার্ড হিসাবে একই হতে হবে না",
    "lblSave":"সংরক্ষণ",
    "lblHello":"হ্যালো",
    "lblMyItems":"আমার জিনিসগুলো",
    "lblNoRestaurant":"কোন রেস্টুরেন্ট নেই",
    "lblDataUpdated":"তথ্য আপডেট",
    "lbDoYouWantToUpdateProfile":"আপনি প্রোফাইল আপডেট করতে চান",
    "lblEditProfile":"জীবন বৃত্তান্ত সম্পাদনা",
    "lblNumber":"সংখ্যা",
    "lblTryAgain":"আবার চেষ্টা করুন",
    "lblQR":"QR.",
    "lblScanForOurOnlineMenu":"আমাদের অনলাইন মেনু জন্য স্ক্যান করুন",
    "lblUhOhSomethingWentWrong":"আহ ওহ! কিছু ভুল হয়েছে",
    "lblScanned":"স্ক্যানড",
    "lblWrongQRCode":"ভুল QR কোড",
    "lblNoPermission":"অনুমতি নেই",
    "lblDoYouWantToDeleteRestaurant":"আপনি রেস্টুরেন্ট মুছে ফেলতে চান",
    "lblSettings":"সেটিংস",
    "lblChangePassword":"পাসওয়ার্ড পরিবর্তন করুন",
    "lblUserLoginWithSocialAccountCannotChangeThePassword":"সামাজিক অ্যাকাউন্টের সাথে ব্যবহারকারী লগইন পাসওয়ার্ড পরিবর্তন করতে পারে না",
    "lblDarkMode":"অন্ধকার মোড",
    "lblPrivacyPolicy":"গোপনীয়তা নীতি",
    "lblRateUs":"আমাদের ব্যাপারে আপনার মতামত দিন",
    "lblTerms":"শর্তাবলী",
    "lblShare":"অ্যাপ্লিকেশন ভাগ করা",
    "lblLogout":"প্রস্থান",
    "lblAreYouSureYouWantToLogout":"আপনি লগ আউট করতে চান",
    "lblVisitAgain":"আবার দেখা হবে",
    "lblPleaseEnterYourEmail":"আপনার ইমেল ঠিকানা লিখুন দয়া করে",
    "lblPleaseEnterYourPassword":"আপনার পাসওয়ার্ড দিন",
    "lblPassword":"পাসওয়ার্ড",
    "lblForgotPassword":"পাসওয়ার্ড ভুলে গেছেন",
    "lblSignIn":"সাইন ইন করুন",
    "lblDontHaveAnAccount":"একটি অ্যাকাউন্ট আছে না",
    "lblCreateAccountHere":"এখানে অ্যাকাউন্ট তৈরি করুন",
    "lblOR":"অথবা",
    "lblSignUp":"নিবন্ধন করুন",
    "lblPleaseEnterName":"নাম লিখুন দয়া করে",
    "lblPleaseEnterPhoneNumber":"ফোন নম্বর লিখুন দয়া করে",
    "lblPhoneNumber":"ফোন নম্বর",
    "lblPleaseEnterEmail":"ইমেইল লিখুন দয়া করে",
    "lblPleasEnterPassword":"লিজ প্রবেশ করান",
    "lblAlreadyHaveAccount":"ইতিমধ্যে অ্যাকাউন্ট আছে",
    "lblSignInHere":"এখানে সাইন ইন করুন",
    "lblGoPaperless":"Paperless মেনু সিস্টেম যান",
    "lblGoPaperlessWithOurDigitalMenu":"QR মেনু অ্যাপ্লিকেশনের জাদু আপনাকে পর্দার বৈশিষ্ট্যগুলিতে তাত্ক্ষণিক মেনু দিয়ে কাগজহীন করতে দেয়। প্রযুক্তি দ্বারা চালিত একটি ভবিষ্যত প্রস্তুত মেনু তৈরি করুন!",
    "lblGetStarted":"এবার শুরু করা যাক",
    "lblWaitToScan":"স্ক্যান করার জন্য অপেক্ষা করুন",
    "lblUserAlreadyRegisterWithEmail":"ব্যবহারকারী ইতিমধ্যে ইমেইল দিয়ে নিবন্ধন করুন",
    "lblWrongURL":"ভুল ঠিকানা",
    "lblRemoveImage":"ইমেজ সরান",
    "lblSelectLanguage":"ভাষা নির্বাচন কর",
    "lblSelectTheme":"থিম নির্বাচন কর",
    "lblChangeRestaurantImage":"রেস্টুরেন্ট পরিবর্তন করুন চিত্র",
    "lblChangeLogoImage":"পরিবর্তন লোগো ইমেজ",
    "lblSelectThemeDesc":"কাস্টমাইজযোগ্য এবং সৃজনশীল ক্ষমতা পূর্ণ যে একাধিক অ্যাপ্লিকেশন থিম অপশন সহ আপনার গ্রাহকদের সিম लेस ব্র্যান্ড অভিজ্ঞতা অফার করুন।",
    "lblSelectLanguageDesc":"ভাষা ব্যক্তিগতকরণ একটি জিনিস এবং সমস্ত নতুন রেস্তোরাঁ QR মেনু অ্যাপ্লিকেশনের সাথে আপনার পছন্দের ভাষাতে একটি মেনু থাকার চেয়ে আরও বেশি অ্যাক্সেসযোগ্য এবং সহজ বোধ করতে পারে।",
    "lblRestaurant":"রেঁস্তোরা",
    "lblClickHere":"এখানে ক্লিক করুন",
    "lblForScanner":"স্ক্যানার জন্য",
    "lblAddYourBusinessOrServicehere":"এখানে আপনার ব্যবসা বা সেবা যোগ করুন +",
    "lblPayViaWalletNumber": "ওয়ালেট নম্বরের মাধ্যমে অর্থপ্রদান করুন",
    "lblPayViaQRCode": "QR কোডের মাধ্যমে অর্থ প্রদান করুন",
    "lblEnterWalletNumber": "ওয়ালেট নম্বর লিখুন",
    "lblEnterAmount": "পরিমান লিখুন",
    "lblPleaseEnterTheValidWalletNumber": "অনুগ্রহ করে বৈধ ওয়ালেট নম্বর লিখুন",
    "lblUserCouldNotSendYourWalletNumber": "ব্যবহারকারী আপনার ওয়ালেট নম্বর পাঠাতে পারেনি৷",
    "lblTransferredFromMyWallet": "আমার মানিব্যাগ থেকে স্থানান্তরিত",
    "news" : "📰 সংবাদ",
    "lblTo": "প্রতি",
    "lblFrom": "থেকে",
    "lblSmallTo": "প্রতি",
    "lblSmallFrom": "থেকে",
    "lblReceived": "গৃহীত"
}