{
    "name_hint": "Gib deinen Namen ein",
    "enter_fullname": "Vollständiger Name",
    "enter_mobilenumber": "Handy Nummer",
    "sendsmscode": "Senden Sie einen SMS-Code, um Ihre Nummer zu überprüfen",
    "sendverf": "Bestätigungscode senden",
    "welcometo": "Willkommen zu ",
    "enter_verfcode": "Geben Sie den SMS-Code ein, an den gesendet wurde ",
    "sending_code": "Senden des SMS-Codes an",
    "back": "zurück",
    "verify_otp": "Code überprüfen",
    "auth_needed": "Authentifizierung erforderlich, um die Einstellungen zu entsperren",
    "auth_neededchat": "Authentifizierung erforderlich, um den Chat zu entsperren",
    "lp_setalias": "Drücken Sie lange auf den Chat, um den Alias ​​festzulegen.",
    "swipehide": "Wischen Sie erneut nach unten, um sie auszublenden",
    "swipeview": "Wischen Sie über den Bildschirm, um versteckte Chats anzuzeigen.",
    "loved": "Liebte die App? Bewerten Sie die App ",
    "loadingfailed": "Laden fehlgeschlagen! Bitte starten Sie die App neu ",
    "setup": "Server-Setup abgeschlossen! Bitte starten Sie die App neu ",
    "signin": "Einloggen",
    "updateavl": "App Update verfügbar",
    "updateavlmsg": "Es ist eine neuere Version der App verfügbar. Sie müssen die App aktualisieren, um sie weiterhin verwenden zu können.",
    "updatnow": "Jetzt aktualisieren",
    "selectcontact": "Wählen Sie Kontakt zum Teilen",
    "searchcontact": "Kontakt suchen",
    "perm_contact": "Die Erlaubnis zum Zugriff auf Kontakte ist erforderlich, um eine Verbindung zu Personen herzustellen, die Sie kennen.",
    "nosearchresult": "Keine Suchergebnisse",
    "search": "Suche",
    "searchuser": "Benutzer suchen",
    "validnum": "Bitte geben Sie eine gültige Nummer ein ",
    "chatws": " Chatten ohne Nummer zu speichern ",
    "notexist": " existiert nicht in ",
    "invite": "Benutzer einladen ",
    "waitingpeer": "Warten Sie, bis Ihr Peer dem Chat beigetreten ist. ",
    "msgnotload": "Nachrichten können nicht geladen werden ",
    "convended": "Gespräch beendet",
    "usernotjoined": "Benutzer nicht beigetreten ",
    "msg": "Botschaft",
    "pickdoc": "Wählen Sie ein Dokument aus",
    "plswait": "Bitte warten Sie einige Sekunden!",
    "sent": "Nachricht wurde gesendet ",
    "doc": "Dokument",
    "pickvideo": "Wähle ein Video",
    "video": "Video",
    "pickimage": "Wählen Sie ein Bild",
    "image": "Bild",
    "record": "Audio aufnehmen",
    "audio": "Audio",
    "location": "Ort",
    "contact": "Kontakt",
    "accept": "Die Einladung annehmen: ",
    "acpt": "Akzeptieren",
    "rjt": "Ablehnen",
    "unlck": "Entsperren Sie den Chat, um Medien freizugeben",
    "typmsg": "Geben Sie eine Nachricht ein",
    "savedconv": "Gespeicherte Gespräche",
    "unread": " ungelesene Nachricht",
    "nosave": "Keine gespeicherten Nachrichten.",
    "unblock": "die Verstopfung beseitigen ",
    "unblocked": "Block entfernen! ",
    "hidechat": "Chat ausblenden ",
    "unhidechat": "Entfernen Hide! ",
    "cancel": "Stornieren ",
    "sayhi": "Sag Hallo! ",
    "today": "Heute",
    "yesterday": "Gestern ",
    "lastseen": "Zuletzt gesehen bei",
    "typing": "Maschinenschreiben... ",
    "online": "online",
    "loading": "Wird geladen... ",
    "pmc": "Zum Starten ist die Erlaubnis zum Zugriff auf Mikrofon und Kamera erforderlich.",
    "vsmsg": "Wischen Sie auf dem Bildschirm nach links, um gespeicherte Nachrichten anzuzeigen.",
    "drag": "Ziehen Sie Ihre Freundesnachricht von links nach rechts, um die Konversationen bis zu dieser Nachricht zu beenden.",
    "unlockchat": "Schalte Chat frei",
    "lockchat": "Chat sperren",
    "setwall": "Hintergrundbild festlegen",
    "removewall": "Hintergrundbild entfernen",
    "showtutor": "Tutorials anzeigen",
    "search_recentchats": "Suche nach kürzlich Chats",
    "recentchats": "Neueste Chats",
    "chats": "Chats",
    "calls": "Anrufe",
    "profile": "Profil",
    "rate": "Bewertungs App",
    "share": "App teilen",
    "feedback": "Feedback",
    "tutorials": "Tutorials",
    "tnc": "Terms & Bedingungen",
    "pp": "Datenschutz-Bestimmungen",
    "logout": "Ausloggen",
    "unblockchat": "Chat block entfernen",
    "blockchat": "Chat blockieren",
    "submit": "einreichen",
    "saved": "Abgeschlossen",
    "save": "Retten",
    "validdetails": "Geben Sie gültige Daten ein",
    "status": "Status",
    "setpasscode": "Stellen Sie den Passcode ein, bevor Sie fortfahren.",
    "enterpass": "Geben Sie den Passcode ein",
    "delete": "Löschen",
    "done": "Getan",
    "newans": "Bitte geben Sie eine neue Antwort! ",
    "ansempty": "Antwort kann nicht leer sein! ",
    "quesempty": "Frage kann nicht leer sein! ",
    "sans": "Sicherheitsantwort",
    "sques": "Sicherheitsfrage",
    "setpass": "Passcode einstellen",
    "makesureotp": "Stellen Sie sicher, dass Ihre Telefonnummer / Ihr Bestätigungscode korrekt ist, und versuchen Sie es später erneut.",
    "setpasslong": "Das Folgende wird verwendet, um Ihren Passcode zurückzusetzen, falls Sie ihn vergessen. Stellen Sie eine Frage, die nur Sie beantworten können. Seien Sie kreativ und wählen Sie eine Antwort, die schwer zu erraten ist.",
    "welcomeback": "Willkommen zurück! ",
    "failedlogin": "Login fehlgeschlagen! ",
    "entervalidmob": "Bitte geben Sie eine gültige Nummer ein.",
    "nameem": "Name darf nicht leer sein!",
    "correctotp": "Geben Sie den richtigen Code ein",
    "authfailed": "Authentication failed !",
    "authh": "Authentifizierung",
    "trylater": "Bitte versuchen Sie es später noch einmal! ",
    "incomingaudio": "Eingehender Audioanruf... ",
    "incomingvideo": "Eingehender Videoanruf... ",
    "startchat": "Starten Sie den Chat, indem Sie die Taste unten rechts drücken!",
    "nochats": "Kein Chats gefunden! ",
    "clearlog": "Anrufliste löschen? ",
    "clearloglong": "Möchten Sie alle Anruflisten löschen? ",
    "allav": "Der gesamte Video- und Audio-Anrufverlauf wird hier angezeigt.",
    "nocalls": "Keine Anrufe",
    "picked": "Anruf entgegengenommen",
    "voice": "Sprachanruf",
    "muted": "Peer-Gerät stummgeschaltet",
    "connecting": "Anschließen... ",
    "calling": "Berufung",
    "oncall": "Bei Anruf ",
    "callended": "Anruf beendet!",
    "callrejected": "Anruf abgelehnt! ",
    "ps": "Berechtigung zum Zugriff auf den zum Herunterladen der Datei erforderlichen Speicher.",
    "psac": "Berechtigung zum Zugriff auf den Speicher, der zur Auswahl der Datei erforderlich ist.",
    "eps": "Beim Herunterladen ist ein Fehler aufgetreten",
    "folder": "Datei im Ordner heruntergeladen: ",
    "pms": "Berechtigung zum Zugriff auf den Speicher, der zum Speichern von Fotos auf Ihrem Telefon erforderlich ist. ",
    "removealias": "Alias ​​entfernen",
    "setalias": "Alias ​​festlegen",
    "aliasname": "Alias Name",
    "clocktime": "Ihre Uhrzeit stimmt nicht mit der Serverzeit überein. Bitte stellen Sie es richtig ein, um fortzufahren.",
    "letschat": "Lass uns weiter chatten ",
    "joinme": "Begleite mich bei",
    "pgv": "Permission to access Gallery needed to select Video.",
    "pcv": "Berechtigung zum Zugriff auf die Kamera erforderlich, um Video auszuwählen.",
    "pgi": "Berechtigung zum Zugriff auf die Galerie erforderlich, um Fotos auszuwählen",
    "pci": "Berechtigung zum Zugriff auf die Kamera erforderlich, um Fotos auszuwählen",
    "pm": "Zum Starten ist die Berechtigung zum Zugriff auf das Mikrofon erforderlich.",
    "forgotpassword": "Passwort vergessen ?",
    "updatesecurity": "Aktualisieren Sie die Sicherheit",
    "wrongans": "Falsche Antwort ",
    "hardguess": "Verwenden Sie einen schwer zu erratenden Passcode. ",
    "takeimage": "Machen Sie ein Bild, um zu beginnen",
    "takefile": "Nehmen Sie eine Datei, um zu starten",
    "close": "Schließen",
    "sendingrecord": "Aufnahme senden... bitte warten! ",
    "sendrecord": "Aufnahme senden",
    "audiorecorder": "Audiorecorder",
    "playingrecording": "Aufnahme abspielen",
    "recording": "Aufzeichnung... ",
    "recorderstopped": "Rekorder ist gestoppt! ",
    "mediamssgnotallowed": "Das Senden von Mediennachrichten wird vom Administrator vorübergehend deaktiviert",
    "textmssgnotallowed": "Das Senden von Textnachrichten wird vom Administrator vorübergehend deaktiviert",
    "callnotallowed": "Die Anruffunktion wurde vom Administrator vorübergehend deaktiviert",
    "failedtoconfigure": "App konnte nicht konfiguriert werden. Bitte starten Sie die App neu",
    "logindisabled": "Die Anmeldefunktion wird vom Administrator vorübergehend deaktiviert",
    "allnotifications": "Benachrichtigungen ",
    "newnotifications": "Neue Benachrichtigungen erhalten",
    "nonotifications": "Keine Benachrichtigungen",
    "copy": "Kopieren",
    "agree": "Indem Sie fortfahren, stimmen Sie dem zu",
    "ntm": "Neue Nachricht",
    "nim": "📷 Foto",
    "nvm": "🎥 Video",
    "nam": "🎙️ Aufzeichnung",
    "ncm": "👤 Kontakt geteilt",
    "ndm": "📄 Dokument",
    "nlm": "📍 Aktueller Standort geteilt",
    "niac": "📞 Eingehender Audioanruf",
    "nivc": "🎥 Eingehender Videoanruf",
    "ce": "Anruf beendet",
    "mc": "Verpasster Anruf",
    "aorc": "Anruf annehmen oder ablehnen",
    "cr": " Anruf abgelehnt",
    "dltscs": "Erfolgreich gelöscht",
    "dltstatus": "Status löschen",
    "myactstatus": "Mein aktiver Status",
    "nostatus": "Kein Status in Ihren gespeicherten Kontakten",
    "rcntupdates": "Kürzliche Updates",
    "mystatus": "Mein Status",
    "taptoupdtstatus": "Tippen Sie hier, um ein Statusupdate hinzuzufügen",
    "createstatus": "Status erstellen",
    "taptoview": "Zum Anzeigen tippen",
    "viewedby": "Gesehen von",
    "typeacaption": "Geben Sie eine Bildunterschrift ein",
    "settingsoption": "Einstellungen",
    "myprofile": "Mein Profil",
    "editprofile": "Profil bearbeiten",
    "changednp": "Anzeigenamen und Foto ändern",
    "givesuggestions": "Machen Sie Vorschläge zur App",
    "leavereview": "Hinterlassen Sie Ihre Bewertung",
    "pmtevents": "Werbeveranstaltungen & Benachrichtigungen",
    "abiderules": "Beachte die Regeln",
    "processdata": "Erfahren Sie, wie wir Ihre Daten verarbeiten",
    "recipients": "Empfängerin",
    "participants": "Teilnehmerinnen",
    "about": "Über mich",
    "encryption": "Verschlüsselung",
    "encryptionshort": "Nachrichten und Anrufe werden Ende-zu-Ende verschlüsselt",
    "newbroadcast": "Neue Sendung",
    "newgroup": "Neue Gruppe",
    "admin": "Administratorin",
    "setasadmin": "Als Administrator festlegen",
    "removeasadmin": "Als Administrator entfernen",
    "remove": "Entfernen",
    "removefromgroup": "Aus der Gruppe entfernen",
    "leavegroup": "die Gruppe verlassen",
    "unabletoleavegrp": "Gruppe kann nicht verlassen werden. Bitte versuche es erneut",
    "leftthegroup": "hat die Gruppe verlassen",
    "leave": "Ausfahrt",
    "deletegroup": "Gruppe löschen",
    "nodesc": "Keine Beschreibung hinzugefügt",
    "desc": "Beschreibung",
    "grpicondeletedby": "Gruppenbild gelöscht von",
    "grpiconchangedby": "Gruppenbild geändert von",
    "createdby": "Erstellt von",
    "createdbyu": "Von dir erstellt",
    "removedbyadmin": "vom Administrator entfernt",
    "hasremoved": "hat entfernt",
    "confirm": "Bestätigen",
    "deletedgroup": "Diese Gruppe wurde vom Administrator gelöscht ODER Sie wurden aus dieser Gruppe entfernt",
    "onlyadminsend": "🔒 Nur der Administrator kann Nachrichten in dieser Gruppe senden",
    "tapherefrgrpinfo": "Tippe hier für Gruppeninformationen",
    "detectingloc": "Standorterkennung",
    "download": "HERUNTERLADEN",
    "preview": "VORSCHAU",
    "msgdeleted": "Nachricht wurde gelöscht",
    "dltforeveryone": "Für alle löschen",
    "dltforme": "Für mich löschen",
    "youleftthegroup": "Du hast die Gruppe verlassen",
    "uhaveadded": "Du hast hinzugefügt",
    "youhaveremoved": "Sie haben entfernt",
    "youremovedgrpicon": "Sie haben das Gruppenbild entfernt",
    "hasremovedgrpicon": "hat das Gruppenbild entfernt",
    "youupdatedgrpicon": "Sie haben das Gruppenbild aktualisiert",
    "hasupdatedgrpicon": "hat das Gruppenbild aktualisiert",
    "youcreatedthisgroup": "Du hast diese Gruppe erstellt",
    "hascreatedthisgroup": "hat diese Gruppe erstellt",
    "uhvupdatedgrpdetails": "Sie haben die Gruppendetails aktualisiert",
    "grpdetailsupdatebyadmin": "Vom Administrator aktualisierte Gruppendetails",
    "hasupdatedgrpdetails": "hat Gruppendetails aktualisiert",
    "hasbeensetasadminbyu": "wurde von dir als Admin zugewiesen",
    "hvsetuasadmin": "hat dich als Admin zugewiesen",
    "theyremoveduasadmin": "habe dich als admin entfernt",
    "adminahasadded": "Administrator hinzugefügt",
    "users": "Benutzerin",
    "added": "Hinzugefügt",
    "set": "einrichten",
    "creategroup": "Neue Gruppe",
    "editgroup": "Gruppe bearbeiten",
    "groupname": "Gruppenname",
    "groupdesc": "Gruppenbeschreibung",
    "grouptype": "Gruppentyp",
    "adminhasadded": "Administrator hinzugefügt",
    "youandother": "du & andere",
    "youareaddedtothisgrp": "Du wurdest zu dieser Gruppe hinzugefügt",
    "fromadmin": "ab Administrator",
    "asadmin": "als Administrator",
    "setgroup": "Gruppendetails festlegen",
    "selected": "Ausgewählt",
    "selectcontacts": "Wählen Sie Kontakte zum Hinzufügen aus",
    "errorcreatinggroup": "Fehler beim Hinzufügen von Benutzern zur Gruppe. Bitte versuche es erneut",
    "deleting": "löscht",
    "deleted": "Gelöscht",
    "blockbroadcast": "Diese Übertragung blockieren",
    "blockedbroadcast": "Diese Übertragung blockiert",
    "copied": "Kopiert",
    "chatencryption": "Nachrichten und Anrufe sind Ende-zu-Ende verschlüsselt. Niemand außerhalb dieses Chats kann sie lesen",
    "alreadydeleted": "Diese Nachricht wurde bereits vom Absender gelöscht",
    "fileexists": "Datei existiert bereits im Ordner",
    "downloading": "wird heruntergeladen",
    "broadcastupdatedbyadmin": "Broadcastdetails vom Administrator aktualisiert",
    "uhaveupdatedbroadcast": "Sie haben die Broadcastdetails aktualisiert",
    "updatedbroadcast": "die Broadcastdetails aktualisiert",
    "editbroadcast": "Broadcast bearbeiten",
    "broadcastname": "Broadcastname",
    "broadcastdesc": "Broadcast-Beschreibung",
    "removefromlist": "Aus Liste entfernen",
    "deletebroadcast": "Broadcast löschen",
    "broadcasticondlted": "Broadcast-Gruppenbild durch dir gelöscht",
    "broadcasticonupdtd": "Broadcast-Gruppenbild von Ihnen geändert",
    "senttorecp": "An alle Empfänger gesendet",
    "norecp": "Keine Empfänger zum Senden verfügbar",
    "tapforbroadcastinfo": "Tippe hier für Broadcast-Infos",
    "createdbroadcast": "Broadcastliste wird erstellt",
    "erroraddingbroadcast": "Fehler beim Hinzufügen von Benutzern zur Broadcast. Bitte versuche es erneut",
    "erroroccured": "Beim Laden ist ein Fehler aufgetreten. Bitte starte die App neu",
    "selectsinglecontact": "Wählen Sie Kontakt",
    "disabled": "Diese Funktion wurde vom Administrator vorübergehend deaktiviert",
    "uploading": "wird hochgeladen",
    "createbroadcast": "Broadcast erstellen",
    "setbroadcastdetails": "Broadcastdetails festlegen",
    "bothuseradmin": "Sowohl Benutzer- als auch Admin-Nachrichten erlaubt",
    "onlyadmin": "Nur Admin-Nachrichten erlaubt",
    "generatingthumbnail": "erzeugt Thumbnail",
    "text": "Text",
    "endtoendencryption": "Ende-zu-Ende-Verschlüsselung",
    "maxfilesize": "Datei sollte kleiner sein als",
    "selectedfilesize": "Ausgewählte Dateigröße ist",
    "norecentchats": "Keine letzten Chats",
    "forward": "Nach vorne",
    "you": "Du",
    "selectcontactstoforward": "Zum Weiterleiten auswählen",
    "forwarded": "Weitergeleitet",
    "sending": "Senden...",
    "maxnooffiles": "Maximale Anzahl von Dateien kann ausgewählt werden",
    "filesizeexceeded": "Mindestens eine Dateigröße hat die zulässige maximale Größe überschritten",
    "selectcontacttoshare": "Zum Teilen auswählen",
    "maxallowed": "Maximal erlaubt :",


    "latest_credits":"Neueste Credits",
    "latest_debits":"Neueste Credits    ",
    "see_all": "Alles sehen",
    "hide": "Verstecken",
    "deposits": "Einlagen",
    "notifications": "Benachrichtigungen",
    "transactions": "Transaktionen",
    "hello": "Hallo",
    "user": "Benutzer",
    "account_number": "Kontonummer",
    "available_balance": "Verfügbares Guthaben",
    "withdraw": "Zurückziehen",
    "scan_code": "Code scannen",
    "scan_this_QR_code_to_get_transaction": "Scannen Sie diesen QR-Code, um die Transaktion zu erhalten",
    "scan_qr_code": "QR-Code scannen",
    "qr_Barcode": "QR/Barcode",
    "doubleTapToGoBack": "Doppeltippen, um zurück zu gehen",
    "pleaseEnterValidEmail": "Bitte geben Sie eine gültige Email-Adresse ein",
    "emailCannotBeEmpty": "E-Mail darf nicht leer sein!",
    "theUsernameMustBe6Characters": "Der Benutzername muss mindestens 6 Zeichen lang sein",
    "pleaseEnterLessAmountThenWalletAmount": "Bitte geben Sie einen geringeren Betrag als den Wallet-Betrag ein",
    "pleaseEnterValidAmount": "Bitte gültigen Betrag eingeben",
    "paymentIntentIdCopieToClipboard": "Payment IntentId in Zwischenablage kopiert",
    "walletNumber": "Wallet-Nummer",
    "noCreditRecordFound": "Keine Kreditaufnahme gefunden.",
    "noDebitRecordFound.": "Kein Belastungsdatensatz gefunden.",
    "copy": "Kopieren",
    "to": "Zu :",
    "oK": "OK",
    "transactionID": "Transaktions-ID :",
    "transactionDetails": "Transaktionsdetails",
    "transactionType": "Art der Transaktion :",
    "depositRecordNotFound": "Einzahlungsdatensatz nicht gefunden.",
    "transactionRecordNotFound": "Transaktionsdatensatz nicht gefunden.",
    "withdrawRecordNotFound.": "Datensatz zurückziehen nicht gefunden.",
    "payment": "Zahlung",
    "enterAmount": "Menge eingeben",
    "payViaCard": "Bezahlen mit Karte",
    "payViaWallet": "Über Wallet bezahlen",
    "pleaseWait": "Warten Sie mal...",
    "enterYourEmail": "Geben sie ihre E-Mail Adresse ein",
    "register": "Registrieren",
    "saveThisTransactionIdForFuture": "Speichern Sie diese Transaktions-ID für die Zukunft",
    "amountWillBeRefundWithinWorkingDays,": "Betrag wird innerhalb von 6 bis 8 Werktagen zurückerstattet,",
    "pleaseContactOurCustomerCare": "Bitte wenden Sie sich an unseren Kundenservice,",
    "doNotPressBackLeaveAppWhileDoingTransaction": "Drücken Sie nicht zurück oder verlassen Sie die App während der Transaktion",
    "addToWallet": "Zur Brieftasche hinzufügen",
    "addAmountIntoWallet": "Betrag zur Wallet hinzufügen",





    "lblLanguage":"Sprachen",
    "lblUpdateIngredient":"Bestandteil aktualisieren",
    "lblAddIngredient":"Zutaten hinzufügen",
    "lblName":"Name",
    "lblCancel":"Abbrechen",
    "lblUpdate":"Aktualisieren",
    "lblAdd":"Hinzufügen",
    "lblPleaseAddIngredient":"Bitte fügen Sie Zutaten hinzu",
    "lblNew":"Neu",
    "lblCategories":"Kategorien",
    "lblLongPressOnCategoryForMoreOptions":"Langer Presse auf Kategorie für weitere Optionen.",
    "lblA":"EIN",
    "lblAll":"Alle",
    "lblChooseCurrencySymbol":"Währungssymbol auswählen",
    "lblSelect":"Auswählen",
    "lblCamera":"Kamera",
    "lblGallery":"Galerie",
    "lblForgetPassword":"Passwort vergessen?",
    "lblEnterYouEmail":"Eine RESET-Kennwortverbindung wird an die oben eingegebene E-Mail-Adresse gesendet",
    "lblEmail":"Email",
    "lblEnterValidEmail":"Geben Sie gültige E-Mail ein",
    "lblResetPassword":"Passwort zurücksetzen",
    "lblResetPasswordLinkHasSentYourMail":"Passwort zurücksetzen Link hat Ihre E-Mail gesendet",
    "lblEnable":"Aktivieren",
    "lblDisable":"Deaktivieren",
    "lblTextForDeletingCategory":"Wenn Sie diese Kategorie löschen, werden alle Menüs entfernt. Sie möchten diese Kategorie noch löschen?",
    "lblWrongSelection":"Falsche Auswahl",
    "lblEdit":"Bearbeiten",
    "lblDelete":"Löschen",
    "lblSpicy":"Würzig",
    "lblJain":"Jain",
    "lblSpecial":"Speziell",
    "lblPopular":"Beliebt",
    "lblShowMore":"Zeig mehr",
    "lblShowLess":"Zeige weniger",
    "lblFoodItems":"Nahrungsmittel",
    "lblMenuItems":"Menüpunkte",
    "lblNoMenuFor":"Kein Menü für.",
    "lblCategory":"Kategorie",
    "lblNoData":"Keine Daten",
    "lblLight":"Hell",
    "lblDark":"Dunkel",
    "lblSystemDefault":"Systemfehler",
    "lblSelectYourTheme":"Wählen Sie Ihr Thema aus",
    "lblAbout":"Über die App.",
    "lblRestaurantQRMenu":"QR-Menü.",
    "lblVersion":"Ausführung",
    "lblAboutScreenText":"QR-Menü ist eine gut ausgestattete Flutter-App. Am User End bietet es dem Benutzer einen einfachen Weg, um das Menü eines Restaurants anzuzeigen, ohne den Kellner zu konfrontieren. Es bietet eine einfache, überschaubare und on-the-Go-Methode des Menüanzeigeprozesses. Während auf dem Restaurant-Besitzer Ende die App eine konventionelle und einfach überschaubare Methode zur Verwaltung von Restaurants, Lebensmittelkategorien und -menüs bietet",
    "lblPurchase":"Kaufen",
    "lblAddImage":"Bild hinzufügen",
    "lblChooseAnAction":"Wähle eine Aktion",
    "lblAddCategory":"Kategorie hinzufügen",
    "lblDoYouWantToUpdate":"Möchten Sie aktualisieren?",
    "lblDoYouWantToAddThisCategory":"Möchten Sie diese Kategorie hinzufügen?",
    "lblDescription":"Beschreibung",
    "lblAddMenuItem":"Menüpunkt hinzufügen.",
    "lblDoYouWantToDelete":"Möchten Sie löschen?",
    "lblDoYouWantToAddThisMenuItem":"Möchten Sie diesen Menüpunkt hinzufügen?",
    "lblPleaseChooseCategory":"Bitte wählen Sie Kategorie",
    "lblChooseCategory":"Kategorie wählen",
    "lblPrice":"Preis",
    "lblIngredients":"Zutaten",
    "lblNewDescription":"Erkunden Sie die exklusive Auswahl neuer Gerichte und Köstlichkeiten, die Sie Ihre Geschmacksknospen kippen",
    "lblVeg":"Gemüse",
    "lblVegDescription":"Wählen Sie aus der exotischen Sammlung von Gemüse, gerührt und sautiert und mit Perfektion gekocht",
    "lblSpicyDescription":"Heiß und brutzeln, wenn Sie ein Fan von würziger Küche sind, überprüfen Sie das spezielle spezielle Köstlichkeitsspektrum.",
    "lblJainDescription":"Das Catering zu Ihren Nahrungsmittelpräferenzen ist unser Ziel, erkunden Sie ein engagiertes Jain-Food-Menü, um Ihren perfekten zu finden",
    "lblSpecialDescription":"Wenn Sie unsere exquisite Kollektion nicht ausprobiert haben, verpassen Sie nicht in unserem speziellen Menü, das alles für Sie serviert wird.",
    "lblSweet":"Süss",
    "lblSweetDescription":"Eine Mahlzeit ohne Dessert ist unvollständig, verfeinert Ihre Sinne mit unserer süßesten Dessert-Kollektion",
    "lblPopularDescription":"Nicht sicher, was auf Bestellung? Schauen Sie sich die sehr empfohlenen oder besten Bestseller und beliebtesten Küchen und Köstlichkeiten an",
    "lblAddLogoImage":"Logo-Bild hinzufügen",
    "lblAddRestaurantImage":"DD Restaurant Image.",
    "lblUpdateRestaurant":"Restaurant aktualisieren.",
    "lblAddRestaurant":"Restaurant hinzufügen",
    "lblDoYouWantToUpdateRestaurant":"Möchten Sie Restaurant aktualisieren?",
    "lblDoYouWantToAddRestaurant":"Möchten Sie Restaurant hinzufügen?",
    "lblType":"Typ",
    "lblNonVeg":"Nicht vegetarisch",
    "lblContact":"Kontakt",
    "lblCurrency":"Währung",
    "lblNewItemValidity":"Neue Artikel Gültigkeit.",
    "lblAddress":"Die Anschrift",
    "lblPasswordSuccessfullyChanged":"Passwort erfolgreich geändert",
    "lblOldPassword":"Altes Passwort",
    "lblOldPasswordIsNotCorrect":"Altes Passwort ist nicht korrekt",
    "lblNewPassword":"Neues Kennwort",
    "lblConfirmPassword":"Kennwort bestätigen",
    "lblPasswordLengthShouldBeMoreThanSix":"Die Passwortlänge sollte mehr als sechs betragen",
    "lblBothPasswordShouldBeMatched":"Beide Passwort sollten abgestimmt sein",
    "lblOldPasswordShouldNotBeSameAsNewPassword":"Altes Passwort sollte nicht als neues Passwort sein",
    "lblSave":"Speichern",
    "lblHello":"Hallo",
    "lblMyItems":"Meine Sachen",
    "lblNoRestaurant":"Kein restaurant",
    "lblDataUpdated":"Datenaktualisierung",
    "lbDoYouWantToUpdateProfile":"Möchten Sie das Profil aktualisieren?",
    "lblEditProfile":"Profil bearbeiten",
    "lblNumber":"Nummer",
    "lblTryAgain":"Versuch es noch einmal",
    "lblQR":"Qr.",
    "lblScanForOurOnlineMenu":"Scannen Sie nach unserem Online-Menü",
    "lblUhOhSomethingWentWrong":"Oh! Etwas ist schief gelaufen",
    "lblScanned":"gescannt",
    "lblWrongQRCode":"Falscher QR-Code",
    "lblNoPermission":"Keine Erlaubnis",
    "lblDoYouWantToDeleteRestaurant":"Möchten Sie ein Restaurant löschen?",
    "lblSettings":"Einstellungen",
    "lblChangePassword":"Passwort ändern",
    "lblUserLoginWithSocialAccountCannotChangeThePassword":"Benutzeranmeldung mit Sozialkonto kann das Passwort nicht ändern",
    "lblDarkMode":"Dunkler Modus",
    "lblPrivacyPolicy":"Datenschutz-Bestimmungen",
    "lblRateUs":"Bewerten Sie uns",
    "lblTerms":"Terms & amp; Bedingungen",
    "lblShare":"App teilen",
    "lblLogout":"Ausloggen",
    "lblAreYouSureYouWantToLogout":"Sind Sie sicher, dass Sie sich sicherstellen möchten, dass Sie sich anmelden möchten",
    "lblVisitAgain":"Wieder besuchen",
    "lblPleaseEnterYourEmail":"Bitte geben Sie ihre E-Mail-Adresse ein",
    "lblPleaseEnterYourPassword":"Bitte geben Sie Ihr Passwort ein",
    "lblPassword":"Passwort",
    "lblForgotPassword":"Passwort vergessen",
    "lblSignIn":"Einloggen",
    "lblDontHaveAnAccount":"Ich habe kein Konto",
    "lblCreateAccountHere":"Konto erstellen",
    "lblOR":"ODER",
    "lblSignUp":"Anmelden",
    "lblPleaseEnterName":"Bitte geben Sie den Namen ein",
    "lblPleaseEnterPhoneNumber":"Bitte geben Sie die Telefonnummer ein",
    "lblPhoneNumber":"Telefonnummer",
    "lblPleaseEnterEmail":"Bitte geben Sie E-Mail an",
    "lblPleasEnterPassword":"Leasingkennwort eingeben",
    "lblAlreadyHaveAccount":"Habe schon berücksichtigt",
    "lblSignInHere":"Hier anmelden",
    "lblGoPaperless":"Gehe papierloses Menüsystem",
    "lblGoPaperlessWithOurDigitalMenu":"Mit dem Zauber der QR-Menü-App können Sie mit dem Instant-Menü auf dem Bildschirm mit einem Instant-Menü papierlos werden. Bauen Sie ein zukünftiges bereites Menü mit der Technologie angetrieben!",
    "lblGetStarted":"Loslegen",
    "lblWaitToScan":"Warten Sie, bis Sie scannen",
    "lblUserAlreadyRegisterWithEmail":"Benutzer registrieren sich bereits bei E-Mail",
    "lblWrongURL":"Falsche URL",
    "lblRemoveImage":"Entferne Bild",
    "lblSelectLanguage":"Sprache auswählen",
    "lblSelectTheme":"Thema wählen",
    "lblChangeRestaurantImage":"Restaurant image ändern",
    "lblChangeLogoImage":"Logo-Bild ändern",
    "lblSelectThemeDesc":"Bieten Sie Ihren Kunden Nahtloses Markenerfahrung mit mehreren App-Thema-Optionen an, die anpassbar und voller kreativer Fähigkeiten sind.",
    "lblSelectLanguageDesc":"Die Personalisierung der Sprache ist eine Sache und was mehr kann sich zugänglich und einfach fühlen können als ein Menü in Ihrer bevorzugten Sprache mit allen neuen Restaurant-QR-Menü-App.",
    "lblRestaurant":"Restaurant",
    "lblClickHere":"Klicke hier",
    "lblForScanner":"für den Scanner",
    "lblAddYourBusinessOrServicehere":"Fügen Sie Ihr Unternehmen oder Ihre Dienstleistung hier hinzu +",
    "lblPayViaWalletNumber": "Über die Eocowallet-Nummer bezahlen",
    "lblPayViaQRCode": "Bezahlen per QR-Code",
    "lblEnterWalletNumber": "Geben Sie die Eocowallet-Nummer ein",
    "lblEnterAmount": "Menge eingeben",
    "lblPleaseEnterTheValidWalletNumber": "Bitte geben Sie die gültige Eocowallet-Nummer ein",
    "lblUserCouldNotSendYourWalletNumber": "Der Benutzer konnte Ihre Eocowallet-Nummer nicht senden",
    "lblTransferredFromMyWallet": "Von meinem Eocowallet übertragen",
    "news": "📰 NACHRICHTEN",
    "lblTo": "Zu",
    "lblFrom": "Von",
    "lblSmallTo": "zu",
    "lblSmallFrom": "von",
    "lblReceived": "Empfangen"
}