{


    "name_hint": "Enter your name",
    "enter_fullname": "Full name",
    "enter_mobilenumber": "Mobile Number",
    "sendsmscode": "Send an SMS Code to verify your number",
    "sendverf": "Send Verification Code",
    "welcometo": "Welcome to ",
    "enter_verfcode": "Enter SMS Code sent to ",
    "sending_code": "Sending SMS Code to ",
    "back": "back",
    "verify_otp": "Verify Code",
    "auth_needed": "Authentication needed to unlock the Settings",
    "auth_neededchat": "Authentication needed to unlock the Chat",
    "lp_setalias": "Long press on the chat to set alias.",
    "swipehide": "Swipe down again to hide them",
    "swipeview": "Swipe down the screen to view hidden chats.",
    "loved": "Loved the app ? Rate the app ",
    "loadingfailed": "Loading Failed ! Please restart the app ",
    "setup": "Server Setup Done ! Please restart the app ",
    "signin": "Sign In",
    "updateavl": "App Update Available",
    "updateavlmsg": "There is a newer version of app available. You must update app to continue using it.",
    "updatnow": "Update Now",
    "selectcontact": "Select Contact to Share",
    "searchcontact": "Search Contact",
    "perm_contact": "Permission to access contacts is needed to connect with people you know.",
    "nosearchresult": "No search results",
    "search": "Search",
    "searchuser": "Search User",
    "validnum": "Please enter a valid number  ",
    "chatws": "Chat without Saving number ",
    "notexist": "does not exist in ",
    "invite": "Invite User",
    "waitingpeer": "Waiting for peer to join the chat.",
    "msgnotload": "Messages cannot load",
    "convended": "Conversation Ended",
    "usernotjoined": "User not joined",
    "msg": "Message",
    "pickdoc": "Pick a Document",
    "plswait": "Please Wait...",
    "sent": "Message has been sent ",
    "doc": "Document",
    "pickvideo": "Pick a Video",
    "video": "Video",
    "pickimage": "Pick an Image",
    "image": "Image",
    "record": "Record Audio",
    "audio": "Audio",
    "location": "Location",
    "contact": "Contact",
    "accept": "Accept Invitation : ",
    "acpt": "Accept",
    "rjt": "Reject",
    "unlck": "Unblock chat to Share Media",
    "typmsg": "Type a message",
    "savedconv": "Saved Conversations",
    "unread": " unread message",
    "nosave": "No saved messages.",
    "unblock": "Unblock ",
    "unblocked": "Unblocked ! ",
    "hidechat": "Hide Chat ",
    "unhidechat": "Unhide Chat ! ",
    "cancel": "Cancel ",
    "sayhi": "Say Hi! ",
    "today": "Today",
    "yesterday": "Yesterday ",
    "lastseen": "Last seen at",
    "typing": "typing ...",
    "online": "online",
    "loading": "loading ...",
    "pmc": "Permission to access Microphone & camera is required to Start.",
    "vsmsg": "Swipe left on the screen to view saved messages.",
    "drag": "Drag peer message from left to right to delete conversations til that message.",
    "unlockchat": "🔏 Unlock Chat",
    "lockchat": "🔒 Lock Chat",
    "setwall": "Set Wallpaper",
    "removewall": "Remove Wallpaper",
    "showtutor": "Show Tutorials",
    "search_recentchats": "Search Recent Chats",
    "recentchats": "Recent Chats",
    "chats": " 💬 CHATS",
    "calls": " 📞 CALLS",
    "profile": " 👨 Profile",
    "rate": "💖 Rate App",
    "share": "✉️ Invite friends",
    "feedback": " Feedback",
    "tutorials": "💡 Tutorials",
    "tnc": "Terms & Conditions",
    "pp": "Privacy Policy",
    "logout": "Logout",
    "unblockchat": "Unblock Chat",
    "blockchat": "Block Chat",
    "submit": "Submit",
    "saved": "💾 Saved !",
    "save": "💾 Save",
    "validdetails": "Enter valid details",
    "status": "STATUS",
    "setpasscode": "Set the passcode before proceeding.",
    "enterpass": "Enter the passcode",
    "delete": "Delete",
    "done": "Done",
    "newans": "Please provide a new answer!",
    "ansempty": "Answer cannot be empty!",
    "quesempty": "Question cannot be empty!",
    "sans": "Security Answer",
    "sques": "Security Question",
    "setpass": "Set Passcode",
    "makesureotp": "Make sure your Phone Number/OTP Code is correct and try again later.",
    "setpasslong": "The following be used to reset your passcode in case you forget it. Frame a question that you can answer. Be creative and choose an answer that is difficult to guess.",
    "welcomeback": "Welcome back !",
    "failedlogin": "Failed to Log In!",
    "entervalidmob": "Please enter a valid mobile number.",
    "nameem": "Name cannot be empty!",
    "correctotp": "Enter Correct Code",
    "authfailed": "Authentication failed !",
    "authh": "Authentication",
    "trylater": "Please Try again later !",
    "incomingaudio": "Incoming Audio Call ...",
    "incomingvideo": "Incoming Video Call ...",
    "startchat": "Start Chatting by pressing the button at bottom right!",
    "nochats": "No chats found !",
    "clearlog": "Clear Call log ?",
    "clearloglong": "Do you want to delete all call logs?",
    "allav": "All Video & Audio call history will be shown here.",
    "nocalls": "No calls",
    "picked": "Call picked up",
    "voice": "Voice Call",
    "muted": "Peer device muted",
    "connecting": "Connecting ...",
    "calling": "Calling ...",
    "oncall": "On Call ",
    "callended": "Call Ended !",
    "callrejected": "Call Rejected!",
    "ps": "Permission to access Storage need to Download File.",
    "psac": "Permission to access Storage need to Select File.",
    "eps": "Error Occured while Downloading",
    "folder": "File downloaded in Folder ",
    "pms": "Permission to access Storage need to save photos in your device. ",
    "removealias": "Remove Alias",
    "setalias": "Set Alias",
    "aliasname": "Alias Name",
    "clocktime": "Your clock time is out of sync with the server time. Please set it right to continue.",
    "letschat": "Let's chat on ",
    "joinme": "Join me at",
    "pgv": "Permission to access Gallery need to select Video.",
    "pcv": "Permission to access Camera need to select Video.",
    "pgi": "Permission to access Gallery need to select Photos",
    "pci": "Permission to access Camera need to select Photos",
    "pm": "Permission to access Microphone is required to Start.",
    "forgotpassword": "Forgot Password ?",
    "updatesecurity": "Update Security",
    "wrongans": "Wrong answer ",
    "hardguess": "Use a passcode that is difficult to guess. ",
    "takeimage": "Take an Image to start",
    "takefile": "Choose a File to start",
    "close": "Close",
    "sendingrecord": "Sending Recording ... Please wait !",
    "sendrecord": "Send Recording",
    "audiorecorder": "Audio Recorder",
    "playingrecording": "Playing Recording",
    "recording": "Recording ...",
    "recorderstopped": "Recorder is Stopped !",
    "mediamssgnotallowed": "Media Messages sending is temporarily disabled by Admin.",
    "textmssgnotallowed": "Text Messages sending is temporarily disabled by Admin.",
    "callnotallowed": "Calling feature has been temporarily disabled by Admin.",
    "failedtoconfigure": "Failed to configure app. Please restart the app !",
    "logindisabled": "Login feature is temporarily disabled by Admin.",
    "allnotifications": "Notifications",
    "newnotifications": "New Notification recieved",
    "nonotifications": "No Notifications",
    "copy": "Copy",
    "agree": "By continuing, you agree with the",
    "ntm": "New text message",
    "nim": "📷 Photo",
    "nvm": "🎥 Video",
    "nam": "🎙️ Recording",
    "ncm": "👤 Contact shared",
    "ndm": "📄 Document",
    "nlm": "📍 Current Location shared",
    "niac": "📞 Incoming Audio Call",
    "nivc": "🎥 Incoming Video Call",
    "ce": "Call Ended",
    "mc": "Missed Call",
    "aorc": "Accept Or Reject the Call",
    "cr": " Call Rejected",
    "dltscs": "Deleted Successfully",
    "dltstatus": "Delete Status ?",
    "myactstatus": "My Active Status",
    "nostatus": "No Status in your Saved Contacts",
    "rcntupdates": "Recent updates",
    "mystatus": "My Status",
    "taptoupdtstatus": "Tap to add status update",
    "createstatus": "Create Status",
    "taptoview": "Tap to view",
    "viewedby": "Viewed by",
    "typeacaption": "Type a caption",
    "settingsoption": "Settings",
    "myprofile": "My Profile",
    "editprofile": "Edit Profile",
    "changednp": "Change Display Name & Photo",
    "givesuggestions": "Give Suggestions about app",
    "leavereview": "Leave your review",
    "pmtevents": "Promotional Events & Alerts",
    "abiderules": "Abide by the Rules",
    "processdata": "Know how we process your data",
    "recipients": "Recipients",
    "participants": "Participants",
    "about": "About",
    "encryption": "Encryption",
    "encryptionshort": "Messages and Calls are end-to-end encrypted",
    "newbroadcast": "New Broadcast",
    "newgroup": "New Group",
    "admin": "Admin",
    "setasadmin": "Set as Admin",
    "removeasadmin": "Remove as Admin",
    "remove": "Remove",
    "removefromgroup": "Remove from Group",
    "leavegroup": "Leave Group",
    "unabletoleavegrp": "Unable to Leave Group. Please try again !",
    "leftthegroup": "left the Group",
    "leave": "Leave",
    "deletegroup": "Delete Group",
    "nodesc": "No description added",
    "desc": "Description",
    "grpicondeletedby": "Group Icon deleted by",
    "grpiconchangedby": "Group Icon changed by",
    "createdby": "Created by",
    "createdbyu": "Created by you",
    "removedbyadmin": "removed by Admin",
    "hasremoved": "has removed",
    "confirm": "Confirm",
    "deletedgroup": "This Group Has been deleted by Admin OR you have been removed from this group.",
    "onlyadminsend": "🔒 Only admin can send messages in this Group",
    "tapherefrgrpinfo": "Tap here for Group Info",
    "detectingloc": "Detecting Location...",
    "download": "DOWNLOAD",
    "preview": "PREVIEW",
    "msgdeleted": "Message is deleted",
    "dltforeveryone": "Delete for Everyone",
    "dltforme": "Delete for Me",
    "youleftthegroup": "You left the Group",
    "uhaveadded": "You have added",
    "youhaveremoved": "You have removed",
    "youremovedgrpicon": "You have removed the Group Icon",
    "hasremovedgrpicon": "has removed Group icon",
    "youupdatedgrpicon": "You have updated the Group Icon",
    "hasupdatedgrpicon": "has updated Group icon",
    "youcreatedthisgroup": "You created this Group",
    "hascreatedthisgroup": "has created this Group",
    "uhvupdatedgrpdetails": "You have updated Group details",
    "grpdetailsupdatebyadmin": "Group details updated by Admin",
    "hasupdatedgrpdetails": "has updated Group details",
    "hasbeensetasadminbyu": "has been set as admin by you",
    "hvsetuasadsmin": "has set you as Admin",
    "theyremoveduasadmin": "has removed you as Admin",
    "adminahasadded": "Admin has added",
    "users": "Users",
    "added": "Added",
    "set": "set",
    "creategroup": "New Group",
    "editgroup": "Edit Group",
    "groupname": "Group Name",
    "groupdesc": "Group Description",
    "grouptype": "Group Type",
    "adminhasadded": "Admin has added",
    "youandother": "you & other",
    "youareaddedtothisgrp": "You are added to this Group",
    "fromadmin": "from Admin",
    "asadmin": "as Admin",
    "setgroup": "Set group Details",
    "selected": "Selected",
    "selectcontacts": "Select Contacts to Add",
    "errorcreatinggroup": "Error Adding users to group. Please try again!",
    "deleting": "Deleting...",
    "deleted": "Deleted",
    "blockbroadcast": "Block this Broadcast",
    "blockedbroadcast": "Blocked this Broadcast",
    "copied": "Copied",
    "chatencryption": "Messages & calls are end-to-end encrypted. No one outside of this chat can read them",
    "alreadydeleted": "This message is already deleted by sender",
    "fileexists": "File already exists in folder :",
    "downloading": "Downloading...",
    "broadcastupdatedbyadmin": "Broadcast Details updated by Admin",
    "uhaveupdatedbroadcast": "You have updated the Broadcast Details",
    "updatedbroadcast": "updated the Broadcast Details",
    "editbroadcast": "Edit Broadcast",
    "broadcastname": "Broadcast Name",
    "broadcastdesc": "Broadcast Description",
    "removefromlist": "Remove from List",
    "deletebroadcast": "Delete Broadcast",
    "broadcasticondlted": "Broadcast Group Icon deleted by You",
    "broadcasticonupdtd": "Broadcast Group Icon changed by You",
    "senttorecp": "Sent to total recipients:",
    "norecp": "No recipients available to send",
    "tapforbroadcastinfo": "Tap here for Broadcast Info",
    "createdbroadcast": "Broadcast list is created",
    "erroraddingbroadcast": "Error Adding Users to broadcast. Please try again!",
    "erroroccured": "Error occured while loading. Please restart the App",
    "selectsinglecontact": "Select Contact",
    "disabled": "This feature is temporarily disabled by Admin",
    "uploading": "Uploading...",
    "createbroadcast": "Create Broadcast",
    "setbroadcastdetails": "Set Broadcast Details",
    "bothuseradmin": "Both User & Admin Messages Allowed",
    "onlyadmin": "Only Admin Messages Allowed",
    "generatingthumbnail": "Generating Thumbnail...",
    "text": "Text",
    "endtoendencryption": "End-to-End Encryption",
    "maxfilesize": "File should be less than -",
    "selectedfilesize": "Selected File size is -",

    "norecentchats": "No recent chats",
    "forward": "Forward",
    "you": "You",
    "selectcontactstoforward": "Select to Forward",
    "forwarded": "Forwarded",
    "sending": "Sending...",
    "maxnooffiles": "Maximum number of files can be selected",
    "filesizeexceeded": "One or more file size exceeded the allowed maximum Size",
    "selectcontacttoshare": "Select to Share",
    "maxallowed": "Maximum allowed :",




    "latest_credits":"Latest Credits",
    "latest_debits":"Latest Debits",
    "see_all": "See All",
    "hide": "Hide",
    "deposits": " ➕ Deposited",
    "notifications": "Notifications",
    "transactions": "Transactions",
    "hello": "Hello",
    "user": "User",
    "account_number": "Account Number",
    "available_balance": "Available Balance",
    "withdraw": "➖ Debited",
    "scan_code": "Scan Code",
    "scan_this_QR_code_to_get_transaction": "Scan this QR code to pay",
    "scan_qr_code": "Scan QR code",
    "qr_Barcode": "My QR code",
    "doubleTapToGoBack": "Double Tap To Go Back",
    "pleaseEnterValidEmail": "Please enter a valid Email",
    "emailCannotBeEmpty": "Email cannot be empty!",
    "theUsernameMustBe6Characters": "The username must be at least 6 characters",
    "pleaseEnterLessAmountThenWalletAmount": " 🤐 Please enter less amount then wallet amount 🤐",
    "pleaseEnterValidAmount": "Please enter valid amount",
    "paymentIntentIdCopieToClipboard": "Payment Id copied to clipboard",
    "walletNumber": "Wallet Number",
    "noCreditRecordFound": "No Credit Record Found.",
    "noDebitRecordFound.": "No Debit Record Found.",
    "copy": "Copy",
    "to": "To : ",
    "oK": "OK",
    "transactionID": "Transaction ID :",
    "transactionDetails": "Transaction Details",
    "transactionType": "Transaction Type :",
    "depositRecordNotFound": "Deposit Record Not Found.",
    "transactionRecordNotFound": "Transaction Record Not Found.",
    "withdrawRecordNotFound.": "Withdraw Record Not Found.",
    "payment": "Payment",
    "enterAmount": "Enter Amount",
    "payViaCard": "Pay via Card",
    "payViaWallet": "Pay via Wallet",
    "pleaseWait": "Please wait...",
    "enterYourEmail": "Enter Your Email",
    "register": "Register",
    "saveThisTransactionIdForFuture": "Save this transaction id for future",
    "amountWillBeRefundWithinWorkingDays,": "Amount will be refund within 6 to 8 working days,",
    "pleaseContactOurCustomerCare": "Please contact our customer care.",
    "doNotPressBackLeaveAppWhileDoingTransaction": "🚨 do not press back or leave app while the transaction is ongoing 🚨",
    "addToWallet": "Add To Wallet",
    "addAmountIntoWallet": "Add Amount into Wallet",


    "lblLanguage":"Languages",
    "lblUpdateIngredient":"Update tags",
    "lblAddIngredient":"Add tags",
    "lblName":"Name",
    "lblCancel":"Cancel",
    "lblUpdate":"Update",
    "lblAdd":"Add",
    "lblPleaseAddIngredient":"Please add tags",
    "lblNew":"Administration",
    "lblCategories":"⚙️",
    "lblLongPressOnCategoryForMoreOptions":"Long Press on Category for more options.",
    "lblA":"🏛️",
    "lblAll":"🗃️",
    "lblChooseCurrencySymbol":"Choose currency symbol ",
    "lblSelect":"Select",
    "lblCamera":"Camera",
    "lblGallery":"Gallery",
    "lblForgetPassword":"Forget Password?",
    "lblEnterYouEmail":"A reset password link will be sent to the above entered email address",
    "lblEmail":"Email",
    "lblEnterValidEmail":"Enter valid email",
    "lblResetPassword":"Reset Password",
    "lblResetPasswordLinkHasSentYourMail":"Reset password link has sent your mail",
    "lblEnable":"Enable",
    "lblDisable":"Disable",
    "lblTextForDeletingCategory":"If you delete this category,all of its menus will be removed.Do you still want to delete this category?",
    "lblWrongSelection":"Wrong Selection",
    "lblEdit":"Edit",
    "lblDelete":"Delete",
    "lblSpicy":"School",
    "lblJain":"Restaurant",
    "lblSpecial":" Others",
    "lblPopular":"  🏪 Store",
    "lblShowMore":" ➕ Show more",
    "lblShowLess":" ➖ Show less",
    "lblFoodItems":" 🏛 Your Business",
    "lblMenuItems":"Add More",
    "lblNoMenuFor":"No info found",
    "lblCategory":"⚙️",
    "lblNoData":"No Data",
    "lblLight":"Light",
    "lblDark":"Dark",
    "lblSystemDefault":"System default",
    "lblSelectYourTheme":"Select your theme",
    "lblAbout":"About App",
    "lblRestaurantQRMenu":" Welcome find any informations about anything. ",
    "lblVersion":"1.0.2",
    "lblAboutScreenText":"The easy way to find the informations you need about the place you are visiting and more",
    "lblPurchase":"Purchase",
    "lblAddImage":"Add image",
    "lblChooseAnAction":"Choose An Action",
    "lblAddCategory":"Add Category",
    "lblDoYouWantToUpdate":"Do you want to update",
    "lblDoYouWantToAddThisCategory":"Do you want to add this category",
    "lblDescription":"Description",
    "lblAddMenuItem":"Add Info",
    "lblDoYouWantToDelete":"Do you want to delete ?",
    "lblDoYouWantToAddThisMenuItem":"Do you want to add more info ?",
    "lblPleaseChooseCategory":"Please choose category",
    "lblChooseCategory":"Choose Category",
    "lblPrice":"Price",
    "lblIngredients":"Tags",
    "lblNewDescription":"Find the informations you are looking for about this business easily by scanning the QR code",
    "lblVeg":"Business",
    "lblVegDescription":" 🏢 Click here to add your business into the right section.",
    "lblSpicyDescription":" 🏫 Click here to add your School into the right section.",
    "lblJainDescription":" 🏛️ Click here to add your Restaurant into the right section.",
    "lblSpecialDescription":" 🏢 Add you administration tag by clicking here.",
    "lblSweet":"Business",
    "lblSweetDescription":"Click here to add your Chauffeur business into the right section",
    "lblPopularDescription":"Click here to add your Store business into the right section",
    "lblAddLogoImage":"Add Logo Image",
    "lblAddRestaurantImage":"add building Image",
    "lblUpdateRestaurant":"Update business",
    "lblAddRestaurant":"Add business",
    "lblDoYouWantToUpdateRestaurant":"Do you want to update business ?",
    "lblDoYouWantToAddRestaurant":"Do you want to add business ?",
    "lblType":"Type",
    "lblNonVeg":" 🏢 Administration",
    "lblContact":"Contact",
    "lblCurrency":"Currency",
    "lblNewItemValidity":"Quick word about your business",
    "lblAddress":"Address",
    "lblPasswordSuccessfullyChanged":"Password successfully changed",
    "lblOldPassword":"Old Password",
    "lblOldPasswordIsNotCorrect":"Old password is not correct",
    "lblNewPassword":"New Password",
    "lblConfirmPassword":"Confirm Password",
    "lblPasswordLengthShouldBeMoreThanSix":"Password length should be more than six",
    "lblBothPasswordShouldBeMatched":"Both password should be matched",
    "lblOldPasswordShouldNotBeSameAsNewPassword":"Old password should not be same as new password",
    "lblSave":"Save",
    "lblHello":"Hello",
    "lblMyItems":"My Items",
    "lblNoRestaurant":"No Business",
    "lblDataUpdated":"Data Updated",
    "lbDoYouWantToUpdateProfile":"Do you want to update profile",
    "lblEditProfile":"Edit Profile",
    "lblNumber":"Number",
    "lblTryAgain":"Try Again",
    "lblQR":"QR",
    "lblScanForOurOnlineMenu":"Scan for more",
    "lblUhOhSomethingWentWrong":"Uh oh! Something went wrong",
    "lblScanned":"scanned",
    "lblWrongQRCode":"Wrong QR Code",
    "lblNoPermission":"No Permission",
    "lblDoYouWantToDeleteRestaurant":"Do you want to delete this business",
    "lblSettings":"Settings",
    "lblChangePassword":"Change Password",
    "lblUserLoginWithSocialAccountCannotChangeThePassword":"User login with social account cannot change the password",
    "lblDarkMode":"Dark Mode",
    "lblPrivacyPolicy":"Privacy Policy",
    "lblRateUs":"Rate Us",
    "lblTerms":"Terms & Conditions",
    "lblShare":"Share App",
    "lblLogout":"Logout",
    "lblAreYouSureYouWantToLogout":"Are you sure you want to Logout",
    "lblVisitAgain":"Visit Again",
    "lblPleaseEnterYourEmail":"Please enter your email",
    "lblPleaseEnterYourPassword":"Please enter your password",
    "lblPassword":"Password",
    "lblForgotPassword":"Forgot Password",
    "lblSignIn":"Sign in",
    "lblDontHaveAnAccount":"Don't have an account",
    "lblCreateAccountHere":"Create Account Here",
    "lblOR":"OR",
    "lblSignUp":"Sign up",
    "lblPleaseEnterName":"Please enter name",
    "lblPleaseEnterPhoneNumber":"Please enter Phone Number",
    "lblPhoneNumber":"Phone Number",
    "lblPleaseEnterEmail":"Please enter email",
    "lblPleasEnterPassword":"lease enter password",
    "lblAlreadyHaveAccount":"Already Have Account",
    "lblSignInHere":"Sign In Here",
    "lblGoPaperless":"Go Paperless Menu System",
    "lblGoPaperlessWithOurDigitalMenu":"The magic of Eocochat app allows you to find the informations you need about the business your visiting!",
    "lblGetStarted":"Get Started",
    "lblWaitToScan":"Wait to Scan",
    "lblUserAlreadyRegisterWithEmail":"User already register with email",
    "lblWrongURL":"Wrong URL",
    "lblRemoveImage":"Remove Image",
    "lblSelectLanguage":"Select Language",
    "lblSelectTheme":"Select Theme",
    "lblChangeRestaurantImage":"Change the building Image",
    "lblChangeLogoImage":"Change Logo",
    "lblSelectThemeDesc":"Provide your customers with unprecedented experiences through simple technology.",
    "lblSelectLanguageDesc":"Select your language.",
    "lblRestaurant": "Eocobusiness",
    "lblClickHere": "Click here",
    "lblForScanner": "To scan",
    "lblAddYourBusinessOrServicehere": "Add your business or service here +",
    "lblPayViaWalletNumber": "Transfer from my Eocowallet",
    "lblPayViaQRCode": "Pay with QR Code",
    "lblEnterWalletNumber": "Enter Wallet Number",
    "lblEnterAmount": "How much do you want to transfer ?",
    "lblPleaseEnterTheValidWalletNumber": "Please Enter The Valid Eocowallet Number",
    "lblUserCouldNotSendYourWalletNumber": "User could not send your wallet number",
    "lblTransferredFromMyWallet": "From my Eocowallet",
    "news" : "📰 EOCONEWS",
    "lblTo": "To",
    "lblFrom": "From",
    "lblSmallTo": "to",
    "lblSmallFrom": "from",
    "lblReceived": "Received"
}