{
    "name_hint": "Introduzca su nombre",
    "enter_fullname": "Nombre completo",
    "enter_mobilenumber": "Número de teléfono móvil",
    "sendsmscode": "Envíe un código SMS para verificar su número",
    "sendverf": "Envíe el código de verificación",
    "welcometo": "Bienvenida a",
    "enter_verfcode": "Ingrese el código SMS enviado a ",
    "sending_code": "Envío de código SMS a ",
    "back": "espalda",
    "verify_otp": "Código de verificación",
    "auth_needed": "Autenticación necesaria para desbloquear la configuración",
    "auth_neededchat": "Se necesita autenticación para desbloquear el chat",
    "lp_setalias": "Mantenga presionado el chat para establecer un alias.",
    "swipehide": "Deslizar hacia abajo de nuevo para ocultarlas",
    "swipeview": "Desliza la pantalla hacia abajo para ver los chats ocultos.",
    "loved": "¿Te encantó la aplicación? Califica la aplicación ",
    "loadingfailed": "Carga fallida ! Reinicia la aplicación ",
    "setup": "Server Setup Done ! Please restart the app ",
    "signin": "Registrarse",
    "updateavl": "Actualización de la aplicación disponible",
    "updateavlmsg": "Hay una versión más nueva de la aplicación disponible. Debes actualizar la aplicación para seguir usándola.",
    "updatnow": "Actualizar ahora",
    "selectcontact": "Seleccionar contacto para compartir",
    "searchcontact": "Buscar contacto",
    "perm_contact": "Se necesita permiso para acceder a los contactos para conectarse con las personas que conoce.",
    "nosearchresult": "Sin resultados de búsqueda",
    "search": "Buscar",
    "searchuser": "Usuario de búsqueda",
    "validnum": "por favor ingrese un número valido ",
    "chatws": "Chatear sin guardar número ",
    "notexist": " no existe en ",
    "invite": "Invitar usuario",
    "waitingpeer": "Esperando a que su compañero se una al chat.",
    "msgnotload": "Los mensajes no se pueden cargar",
    "convended": "Conversación finalizada",
    "usernotjoined": "Usuario no unida",
    "msg": "Mensaje",
    "pickdoc": "Elige un documento",
    "plswait": "¡Espere unos segundos!",
    "sent": "el mensaje ha sido enviado",
    "doc": "Documento",
    "pickvideo": "Elige un video",
    "video": "Video",
    "pickimage": "Elige una imagen ",
    "image": "Imagen",
    "record": "Grabar audio",
    "audio": "Audio",
    "location": "Localización",
    "contact": "Contacto ",
    "accept": "Aceptar la invitacion: ",
    "acpt": "Aceptar",
    "rjt": "Rechazar",
    "unlck": "Desbloquear chat para compartir medios",
    "typmsg": "Escribe un mensaje",
    "savedconv": "Conversaciones guardadas",
    "unread": "mensaje no leído",
    "nosave": "No hay mensajes guardados.",
    "unblock": "Desatascar ",
    "unblocked": "Desbloqueada! ",
    "hidechat": "Ocultar chat ",
    "unhidechat": "¡Mostrar chat! ",
    "cancel": "Cancelar ",
    "sayhi": "¡Di hola!",
    "today": "Hoy dia ",
    "yesterday": "Ayer ",
    "lastseen": "Visto por última vez en",
    "typing": "mecanografía... ",
    "online": "en línea",
    "loading": "cargando...",
    "pmc": "Se requiere permiso para acceder al micrófono y la cámara para comenzar.",
    "vsmsg": "Deslice el dedo hacia la izquierda en la pantalla para ver los mensajes guardados.",
    "drag": "Arrastre su mensaje de amigo de izquierda a derecha para finalizar las conversaciones hasta ese mensaje.",
    "unlockchat": "Desbloquear chat",
    "lockchat": "Bloquear chat",
    "setwall": "Establecer fondo de pantalla",
    "removewall": "Quitar papel tapiz",
    "showtutor": "Mostrar tutoriales",
    "search_recentchats": "Buscar chats recientes",
    "recentchats": "Chats recientes",
    "chats": "Chats",
    "calls": "Llamadas",
    "profile": "Perfil",
    "rate": "Calificar aplicacion",
    "share": "Invitar a amigas",
    "feedback": "Realimentación",
    "tutorials": "Tutoriales",
    "tnc": "Términos y condiciones",
    "pp": "Política de privacidad",
    "logout": "Cerrar sesión",
    "unblockchat": "Desbloquear chat",
    "blockchat": "Bloquear chat",
    "submit": "Enviar",
    "saved": "Salvado !",
    "save": "Salvar",
    "validdetails": "Ingrese detalles válidos",
    "status": "Estado",
    "setpasscode": "Establezca el código de acceso antes de continuar.",
    "enterpass": "Ingrese el código de acceso",
    "delete": "Borrar",
    "done": "Hecho",
    "newans": "¡Proporcione una nueva respuesta!",
    "ansempty": "¡La respuesta no puede estar vacía!",
    "quesempty": "¡La pregunta no puede estar vacía!",
    "sans": "Respuesta de seguridad",
    "sques": "Pregunta de seguridad",
    "setpass": "Código de acceso establecido",
    "makesureotp": "Asegúrese de que su número de teléfono / código OTP sea correcto y vuelva a intentarlo más tarde.",
    "setpasslong": "Lo siguiente se utilizará para restablecer su contraseña en caso de que la olvide. Enmarca una pregunta que solo tú puedes responder. Sea creativo y elija una respuesta que sea difícil de adivinar.",
    "welcomeback": "Bienvenido de nuevo !",
    "failedlogin": "¡Error al iniciar sesión!",
    "entervalidmob": "Por favor ingrese un número valido.",
    "nameem": "¡El nombre no puede estar vacío!",
    "correctotp": "Ingrese el código correcto",
    "authfailed": "¡La autenticación falló!",
    "authh": "Autenticación",
    "trylater": "Por favor, inténtelo de nuevo más tarde !",
    "incomingaudio": "Llamada de audio entrante...",
    "incomingvideo": "Videollamada entrante...",
    "startchat": "¡Comience a chatear presionando el botón en la parte inferior derecha!",
    "nochats": "¡No se encontraron chats!",
    "clearlog": "¿Borrar registro de llamadas?",
    "clearloglong": "¿Quieres borrar todos los registros de llamadas?",
    "allav": "Todo el historial de llamadas de video y audio se mostrará aquí.",
    "nocalls": "Sin llamadas",
    "picked": "Llamada atendida",
    "voice": "Llamada de voz",
    "muted": "Dispositivo del mismo nivel silenciado",
    "connecting": "Conectando...",
    "calling": "Vocación...",
    "oncall": "En llamada ",
    "callended": "Llamada terminada !",
    "callrejected": "¡Llamada rechazada!",
    "ps": "Se necesita permiso para acceder al almacenamiento para descargar el archivo.",
    "psac": "Se necesita permiso para acceder al almacenamiento para seleccionar archivo.",
    "eps": "Error ocurrido durante la descarga",
    "folder": "Archivo descargado en carpeta:",
    "pms": "Se necesita permiso para acceder al almacenamiento para guardar fotos en su teléfono. ",
    "removealias": "Quitar alias ",
    "setalias": "Establecer alias",
    "aliasname": "Sobre nombre",
    "clocktime": "La hora del reloj no está sincronizada con la hora del servidor. Configúrelo correctamente para continuar.",
    "letschat": "Vamos a charlar ",
    "joinme": "Únete a mí en",
    "pgv": "Se necesita permiso para acceder a la Galería para seleccionar Video.",
    "pcv": "Se necesita permiso para acceder a la cámara para seleccionar Video.",
    "pgi": "Se necesita permiso para acceder a la Galería para seleccionar Fotos",
    "pci": "Se necesita permiso para acceder a la cámara para seleccionar fotos",
    "pm": "Se requiere permiso para acceder al micrófono para iniciar.",
    "forgotpassword": "Has olvidado tu contraseña ?",
    "updatesecurity": "Actualizar seguridad",
    "wrongans": "Respuesta incorrecta ",
    "hardguess": "Utilice un código de acceso que sea difícil de adivinar. ",
    "takeimage": "Toma una imagen para comenzar",
    "takefile": "Toma un archivo para comenzar",
    "close": "Cerrar",
    "sendingrecord": "Enviando grabación ... ¡por favor espere! ",
    "sendrecord": "Enviar grabación",
    "audiorecorder": "Grabador de audio",
    "playingrecording": "Reproducción de grabación",
    "recording": "Grabando...",
    "recorderstopped": "¡La grabadora está detenida!",
    "mediamssgnotallowed": "El administrador inhabilitó temporalmente el envío de mensajes multimedia",
    "textmssgnotallowed": "El administrador inhabilitó temporalmente el envío de mensajes de texto",
    "callnotallowed": "El administrador desactivó temporalmente la función de llamada",
    "failedtoconfigure": "No se pudo configurar la aplicación. ¡Reinicie la aplicación",
    "logindisabled": "La función de inicio de sesión está deshabilitada temporalmente por el administrador",
    "allnotifications": "Notificaciones",
    "newnotifications": "Nuevas notificaciones recibidas",
    "nonotifications": "No Notificaciones ",
    "copy": "Dupdo",
    "agree": "Al continuar, está de acuerdo con el",
    "ntm": "Nuevo mensaje de texto",
    "nim": "📷 Foto",
    "nvm": "🎥 Video",
    "nam": "🎙️ Grabación",
    "ncm": "👤 Contacto compartido",
    "ndm": "📄 Documento",
    "nlm": "📍 Ubicación actual compartida",
    "niac": "📞 Llamada de audio entrante",
    "nivc": "🎥 Videollamada entrante",
    "ce": "Llamada finalizada",
    "mc": "llamada desatendida",
    "aorc": "Acepta o rechaza la llamada",
    "cr": " Llamada rechazada",
    "dltscs": "Borrado exitosamente",
    "dltstatus": "Eliminar el status",
    "myactstatus": "Mi estado activo",
    "nostatus": "Sin estado en sus contactos guardados",
    "rcntupdates": "Actualizaciones recientes",
    "mystatus": "Mi estado",
    "taptoupdtstatus": "Toca para agregar una actualización de estado",
    "createstatus": "Crea el estatus",
    "taptoview": "Toque para ver",
    "viewedby": "Visto por",
    "typeacaption": "Escribe un titulo",
    "settingsoption": "Ajustes",
    "myprofile": "Mi perfil",
    "editprofile": "Editar perfil",
    "changednp": "Cambiar nombre para mostrar, foto",
    "givesuggestions": "Dar sugerencias sobre la aplicación",
    "leavereview": "Deja tu reseña",
    "pmtevents": "eventos promocionales y alertas",
    "abiderules": "Acatar las reglas",
    "processdata": "Sepa como procesamos sus datos",
    "recipients": "Destinatarias",
    "participants": "Las participantes",
    "about": "Acerca de",
    "encryption": "seguridad",
    "encryptionshort": "Los mensajes y las llamadas están encriptados de un extremo a otro",
    "newbroadcast": "nueva Broadcast",
    "newgroup": "Nuevo grupo",
    "admin": "Administradora",
    "setasadmin": "Establecer como administradora",
    "removeasadmin": "quitar como administradora",
    "remove": "quitar",
    "removefromgroup": "Sacar del grupo",
    "leavegroup": "Dejar el grupo",
    "unabletoleavegrp": "no puede dejar el grupo. Intentar otra vez ",
    "leftthegroup": "dejó el grupo",
    "leave": "Salir de",
    "deletegroup": "Eliminar grupo",
    "nodesc": "Sin descripción agregada",
    "desc": "Descripción",
    "grpicondeletedby": "Icono de grupo borraste por",
    "grpiconchangedby": "Icono de grupo cambiado por",
    "createdby": "Creado por",
    "createdbyu": "Creado por ti",
    "removedbyadmin": "eliminado por el administrador",
    "hasremoved": "ha quitó",
    "confirm": "Confirmar",
    "deletedgroup": "Este grupo ha sido borraste por el administrador O usted ha sido eliminado de este grupo",
    "onlyadminsend": "🔒 Solo el administrador puede enviar mensajes en este grupo",
    "tapherefrgrpinfo": "Toque aquí para obtener información sobre el grupo",
    "detectingloc": "Detectando ubicación",
    "download": "DESCARGAR",
    "preview": "vista anticipada",
    "msgdeleted": "El mensaje se borra",
    "dltforeveryone": "borra para todas",
    "dltforme": "borra para mí",
    "youleftthegroup": "Dejaste el grupo",
    "uhaveadded": "Has añadido",
    "youhaveremoved": "Te has quitado",
    "youremovedgrpicon": "Has eliminado el icono de grupo",
    "hasremovedgrpicon": "ha eliminado el icono de grupo",
    "youupdatedgrpicon": "Has actualizado el icono de grupo",
    "hasupdatedgrpicon": "ha actualizado el icono de grupo",
    "youcreatedthisgroup": "Tu creaste este grupo",
    "hascreatedthisgroup": "ha creado este grupo",
    "uhvupdatedgrpdetails": "Has actualizado los detalles del grupo",
    "grpdetailsupdatebyadmin": "Detalles de grupo actualizados por la administradora.",
    "hasupdatedgrpdetails": "detalles actualizados del grupo",
    "hasbeensetasadminbyu": "Ha sido asignada como administrador por usted",
    "hvsetuasadmin": "Te ha asignado como administradora",
    "theyremoveduasadmin": "Te ha asignado como administradora",
    "adminahasadded": "La administradora ha añadido",
    "users": "Usuarias",
    "added": "Añadido",
    "set": "cambio",
    "creategroup": "Nuevo grupo",
    "editgroup": "Editar grupo",
    "groupname": "Nombre del grupo",
    "groupdesc": "Descripción del Grupo",
    "grouptype": "Tipo de grupo",
    "adminhasadded": "La administradora ha añadido",
    "youandother": "Tu y otro",
    "youareaddedtothisgrp": "Estas agregada a este grupo",
    "fromadmin": "De la administradora",
    "asadmin": "Como administradora",
    "setgroup": "Establecer detalles del grupo",
    "selected": "Seleccionada",
    "selectcontacts": "Seleccionar contactos para agregar",
    "errorcreatinggroup": "No se pudieron agregar usuarios al grupo. Intentar otra vez",
    "deleting": "Borrando",
    "deleted": "Borrada",
    "blockbroadcast": "Bloquear esta Broadcast",
    "blockedbroadcast": "Bloqueó esta Broadcast",
    "copied": "Copiada",
    "chatencryption": "Los mensajes y las llamadas están encriptados de extremo a extremo. Nadie fuera de este chat puede leerlos.",
    "alreadydeleted": "El remitente ya ha eliminado este mensaje",
    "fileexists": "El archivo ya existe en la carpeta  ",
    "downloading": "Descargando",
    "broadcastupdatedbyadmin": "Detalles de Broadcast actualizados por la administradora",
    "uhaveupdatedbroadcast": "Ha actualizado los detalles de la Broadcast",
    "updatedbroadcast": "actualizó los detalles de la Broadcast",
    "editbroadcast": "Editar Broadcast",
    "broadcastname": "Nombre de la Broadcast",
    "broadcastdesc": "Descripción Broadcast",
    "removefromlist": "Quitar de la lista",
    "deletebroadcast": "Eliminar radiodifuisión",
    "broadcasticondlted": "Icono de grupo de Broadcast borraste por usted",
    "broadcasticonupdtd": "Icono de grupo de Broadcast cambiado por usted",
    "senttorecp": "Enviado a destinatarios totales",
    "norecp": "No hay destinatarios disponibles para enviar",
    "tapforbroadcastinfo": "Toque aquí para obtener información sobre la Broadcast",
    "createdbroadcast": "Se crea la lista de Broadcast",
    "erroraddingbroadcast": "No se pudieron agregar usuarios a Broadcast. Intentar otra vez",
    "erroroccured": "Se produjo un error al cargar la aplicación. Reinicia la aplicación",
    "selectsinglecontact": "Seleccionar un contacto",
    "disabled": "El administrador deshabilita temporalmente esta función",
    "uploading": "subiendo",
    "createbroadcast": "Crear Broadcast",
    "setbroadcastdetails": "Establecer detalles de Broadcast",
    "bothuseradmin": "Se permiten mensajes de usuario y administrador",
    "onlyadmin": "Solo se permiten mensajes de administrador",
    "generatingthumbnail": "Generando miniatura",
    "text": "Texto",
    "endtoendencryption": "Encriptado de fin a fin",
    "maxfilesize": "El archivo debe ser menor que",
    "selectedfilesize": "El tamaño del archivo seleccionado es",
    "norecentchats": "No hay chats recientes",
    "forward": "Hacia adelante",
    "you": "usted",
    "selectcontactstoforward": "Seleccionar para reenviar",
    "forwarded": "Reenviado",
    "sending": "Enviando...",
    "maxnooffiles": "Se puede seleccionar el número máximo de archivos",
    "filesizeexceeded": "Uno o más tamaños de archivo excedieron el tamaño máximo permitido",
    "selectcontacttoshare": "Seleccionar para compartir",
    "maxallowed": "Máximo permitido: ",


    "latest_credits":"Últimos créditos",
    "latest_debits":"Últimos débitos",
    "see_all": "Ver todo",
    "hide": "Esconder",
    "deposits": "Depósitos",
    "notifications": "Notificaciones",
    "transactions": "Actas",
    "hello": "Hola",
    "user": "Usuario",
    "account_number": "Número de cuenta",
    "available_balance": "Saldo disponible",
    "withdraw": "Retirar",
    "scan_code": "Código de escaneo",
    "scan_this_QR_code_to_get_transaction": "Escanee este código QR para obtener la transacción",
    "scan_qr_code": "Escanear código QR",
    "qr_Barcode": "QR / código de barras",
    "doubleTapToGoBack": "Toque dos veces para volver",
    "pleaseEnterValidEmail": "Por favor introduzca una dirección de correo electrónico válida",
    "emailCannotBeEmpty": "¡El correo electrónico no puede estar vacío!",
    "theUsernameMustBe6Characters": "El nombre de usuario debe tener al menos 6 caracteres",
    "pleaseEnterLessAmountThenWalletAmount": "Ingrese una cantidad menor que la cantidad de la billetera",
    "pleaseEnterValidAmount": "Ingrese una cantidad válida",
    "paymentIntentIdCopieToClipboard": "IntentId de pago copiado al portapapeles",
    "walletNumber": "Número de billetera",
    "noCreditRecordFound": "No se encontraron registros de crédito.",
    "noDebitRecordFound.": "No se encontró ningún registro de débito.",
    "copy": "Dupdo",
    "to": "Para :",
    "oK": "OK",
    "transactionID": "ID de transacción :",
    "transactionDetails": "Detalles de la transacción",
    "transactionType": "Tipo de transacción :",
    "depositRecordNotFound": "No se encontró el registro de depósito.",
    "transactionRecordNotFound": "No se encontró el registro de transacción.",
    "withdrawRecordNotFound.": "Retirar registro no encontrado.",
    "payment": "Pago",
    "enterAmount": "Ingrese la cantidad",
    "payViaCard": "Pagar con tarjeta",
    "payViaWallet": "Pagar a través de Wallet",
    "pleaseWait": "Espere por favor...",
    "enterYourEmail": "Introduce tu correo electrónico",
    "register": "Registrarse",
    "saveThisTransactionIdForFuture": "Guarde este ID de transacción para el futuro",
    "amountWillBeRefundWithinWorkingDays,": "El monto se reembolsará en un plazo de 6 a 8 días hábiles,",
    "pleaseContactOurCustomerCare": "Póngase en contacto con nuestro servicio de atención al cliente,",
    "doNotPressBackLeaveAppWhileDoingTransaction": "no presione atrás ni salga de la aplicación mientras realiza la transacción",
    "addToWallet": "Agregar a la billetera",
    "addAmountIntoWallet": "Agregar monto a la billetera",




    "lblLanguage":"Idiomas",
    "lblUpdateIngredient":"Actualizar ingrediente",
    "lblAddIngredient":"Añadir ingrediente",
    "lblName":"Nombre",
    "lblCancel":"Cancelar",
    "lblUpdate":"Actualizar",
    "lblAdd":"Agregar",
    "lblPleaseAddIngredient":"Por favor agregue ingrediente",
    "lblNew":"Nuevo",
    "lblCategories":"Categorías",
    "lblLongPressOnCategoryForMoreOptions":"Puella larga en la categoría para más opciones.",
    "lblA":"A",
    "lblAll":"Todos",
    "lblChooseCurrencySymbol":"Elija el símbolo de la moneda",
    "lblSelect":"Seleccione",
    "lblCamera":"Cámara",
    "lblGallery":"Galería",
    "lblForgetPassword":"¿Contraseña olvidada?",
    "lblEnterYouEmail":"Se enviará un enlace de contraseña de reinicio a la dirección de correo electrónico ingresada anteriormente",
    "lblEmail":"Correo electrónico",
    "lblEnterValidEmail":"Ingrese un email valido",
    "lblResetPassword":"Restablecer la contraseña",
    "lblResetPasswordLinkHasSentYourMail":"Restablecer enlace de contraseña ha enviado su correo",
    "lblEnable":"Habilitar",
    "lblDisable":"Desactivar",
    "lblTextForDeletingCategory":"Si elimina esta categoría, todos sus menús serán eliminados. ¿Todavía desea eliminar esta categoría?",
    "lblWrongSelection":"Selección incorrecta",
    "lblEdit":"Editar",
    "lblDelete":"Borrar",
    "lblSpicy":"Picante",
    "lblJain":"Jain",
    "lblSpecial":"Especial",
    "lblPopular":"Popular",
    "lblShowMore":"Mostrar más",
    "lblShowLess":"Muestra menos",
    "lblFoodItems":"Alimentos",
    "lblMenuItems":"Elementos de menú",
    "lblNoMenuFor":"No hay menú para",
    "lblCategory":"categoría",
    "lblNoData":"Sin datos",
    "lblLight":"Luz",
    "lblDark":"Oscuro",
    "lblSystemDefault":"Sistema por defecto",
    "lblSelectYourTheme":"Seleccione su tema",
    "lblAbout":"Acerca de la aplicación",
    "lblRestaurantQRMenu":"MENÚ QR",
    "lblVersion":"Versión",
    "lblAboutScreenText":"El menú QR es una aplicación de aleteo bien equipada. En el extremo del usuario, ofrece al usuario una forma sencilla de ver el menú de un restaurante sin siquiera confrontar al camarero. Ofrece una metodología fácil, manejable y en el momento del proceso de visualización del menú. Mientras que, en el extremo del propietario del restaurante, la aplicación ofrece un método convencional y fácilmente manejable para administrar restaurantes, categorías de alimentos y menús.",
    "lblPurchase":"Compra",
    "lblAddImage":"Añadir imagen",
    "lblChooseAnAction":"Elige una acción",
    "lblAddCategory":"añadir categoría",
    "lblDoYouWantToUpdate":"Quieres actualizar",
    "lblDoYouWantToAddThisCategory":"¿Quieres añadir esta categoría?",
    "lblDescription":"Descripción",
    "lblAddMenuItem":"Añadir elemento de menú",
    "lblDoYouWantToDelete":"Quieres borrar",
    "lblDoYouWantToAddThisMenuItem":"¿Quieres agregar este elemento de menú?",
    "lblPleaseChooseCategory":"Por favor elige la categoría",
    "lblChooseCategory":"Elegir la categoría",
    "lblPrice":"Precio",
    "lblIngredients":"Ingredientes",
    "lblNewDescription":"Explore la selección exclusiva de nuevos platos y delicias cocidas para hacer hormiguear sus papilas gustativas",
    "lblVeg":"Veg",
    "lblVegDescription":"Seleccione de la colección exótica de verduras, agitada y salteada tirada y cocida con perfección.",
    "lblSpicyDescription":"Caliente y chisporroteo, si usted es un fanático de la cocina picante, echa un vistazo a la gama especial de delicias especiales.",
    "lblJainDescription":"Catering a sus preferencias de alimentos es nuestro objetivo, explore un menú dedicado de comida Jain para encontrar su perfecto",
    "lblSpecialDescription":"Si no ha probado nuestra exquisita colección de cocinas, no se pierda nuestro menú especial servido para usted.",
    "lblSweet":"Dulce",
    "lblSweetDescription":"Una comida sin postre está incompleta, Tantaliza tus sentidos con nuestra colección de postres más dulce.",
    "lblPopularDescription":"No estás seguro de que pedir? Echa un vistazo a los altamente recomendados o los más vendidos y las cocinas y delicias más populares.",
    "lblAddLogoImage":"Añadir imagen logo",
    "lblAddRestaurantImage":"Imagen del restaurante DD",
    "lblUpdateRestaurant":"Actualizar restaurante",
    "lblAddRestaurant":"Añadir restaurante",
    "lblDoYouWantToUpdateRestaurant":"¿Quieres actualizar el restaurante?",
    "lblDoYouWantToAddRestaurant":"¿Quieres añadir restaurante?",
    "lblType":"Escribe",
    "lblNonVeg":"No vegetales",
    "lblContact":"Contacto",
    "lblCurrency":"Divisa",
    "lblNewItemValidity":"Validez de nuevo artículo",
    "lblAddress":"Dirección",
    "lblPasswordSuccessfullyChanged":"Contraseña cambiada correctamente",
    "lblOldPassword":"Contraseña anterior",
    "lblOldPasswordIsNotCorrect":"La contraseña antigua no es correcta",
    "lblNewPassword":"Nueva contraseña",
    "lblConfirmPassword":"confirmar Contraseña",
    "lblPasswordLengthShouldBeMoreThanSix":"La longitud de la contraseña debe ser más de seis",
    "lblBothPasswordShouldBeMatched":"Ambos contraseñas deben ser coincididas",
    "lblOldPasswordShouldNotBeSameAsNewPassword":"La contraseña antigua no debe ser la misma que la contraseña nueva",
    "lblSave":"Ahorrar",
    "lblHello":"Hola",
    "lblMyItems":"Mis cosas",
    "lblNoRestaurant":"No hay restaurante",
    "lblDataUpdated":"Datos actualizados",
    "lbDoYouWantToUpdateProfile":"¿Quieres actualizar el perfil?",
    "lblEditProfile":"Editar perfil",
    "lblNumber":"Número",
    "lblTryAgain":"Intentar otra vez",
    "lblQR":"QR",
    "lblScanForOurOnlineMenu":"Escanear para nuestro menú en línea",
    "lblUhOhSomethingWentWrong":"¡UH oh! Algo salió mal",
    "lblScanned":"escaneado",
    "lblWrongQRCode":"Código QR incorrecto",
    "lblNoPermission":"Sin autorización",
    "lblDoYouWantToDeleteRestaurant":"¿Quieres eliminar el restaurante?",
    "lblSettings":"Ajustes",
    "lblChangePassword":"Cambiar la contraseña",
    "lblUserLoginWithSocialAccountCannotChangeThePassword":"El inicio de sesión de usuario con la cuenta social no puede cambiar la contraseña",
    "lblDarkMode":"Modo oscuro",
    "lblPrivacyPolicy":"Política de privacidad",
    "lblRateUs":"Nos califica",
    "lblTerms":"Términos y condiciones",
    "lblShare":"Compartir aplicación",
    "lblLogout":"Cerrar sesión",
    "lblAreYouSureYouWantToLogout":"¿Estás seguro de que quieres cerrar sesión?",
    "lblVisitAgain":"Visitar de nuevo",
    "lblPleaseEnterYourEmail":"Por favor introduzca su correo electrónico",
    "lblPleaseEnterYourPassword":"Por favor, introduzca su contraseña",
    "lblPassword":"Contraseña",
    "lblForgotPassword":"Has olvidado tu contraseña",
    "lblSignIn":"Registrarse",
    "lblDontHaveAnAccount":"No tengo una cuenta",
    "lblCreateAccountHere":"Crear cuenta aquí",
    "lblOR":"O",
    "lblSignUp":"Inscribirse",
    "lblPleaseEnterName":"Por favor ingrese el nombre",
    "lblPleaseEnterPhoneNumber":"Por favor ingrese el número de teléfono",
    "lblPhoneNumber":"Número de teléfono",
    "lblPleaseEnterEmail":"Por favor ingrese el correo electrónico",
    "lblPleasEnterPassword":"Arrendamiento Introducir Contraseña",
    "lblAlreadyHaveAccount":"Ya tienes cuenta",
    "lblSignInHere":"Firme aquí",
    "lblGoPaperless":"Sistema de menú sin papel",
    "lblGoPaperlessWithOurDigitalMenu":"La aplicación Magic of QR Menu le permite ir sin papel con el menú instantáneo en la función de la pantalla. ¡Construye un futuro menú listo impulsado por la tecnología!",
    "lblGetStarted":"Empezar",
    "lblWaitToScan":"Esperar para escanear",
    "lblUserAlreadyRegisterWithEmail":"El usuario ya se registra en el correo electrónico",
    "lblWrongURL":"URL errónea",
    "lblRemoveImage":"Quita la imagen",
    "lblSelectLanguage":"Seleccione el idioma",
    "lblSelectTheme":"Seleccione el tema",
    "lblChangeRestaurantImage":"Cambiar la imagen del restaurante",
    "lblChangeLogoImage":"Cambiar la imagen logo",
    "lblSelectThemeDesc":"Ofrecer experiencia en la marca perfecta a sus clientes con múltiples opciones de tema de aplicación que son personalizables y llenas de habilidad creativa.",
    "lblSelectLanguageDesc":"La personalización del idioma es una cosa y lo que más puede sentirse accesible y fácil que tener un menú en su idioma preferido con toda la nueva aplicación de menú QR Restaurant.",
    "lblRestaurant":"Restaurante",
    "lblClickHere":"haga clic aquí",
    "lblForScanner":"para el escáner",
    "lblAddYourBusinessOrServicehere":"Añade su negocio o servicio aquí +",
    "lblPayViaWalletNumber": "Pagar a través del número de Eocowallet",
    "lblPayViaQRCode": "Pagar mediante código QR",
    "lblEnterWalletNumber": "Ingrese el número de Eocowallet",
    "lblEnterAmount": "Ingrese la cantidad",
    "lblPleaseEnterTheValidWalletNumber": "Ingrese el número de Eocowallet válido",
    "lblUserCouldNotSendYourWalletNumber": "El usuario no pudo enviar su número de Eocowallet",
    "lblTransferredFromMyWallet": "Transferido de mi Eocowallet",
    "news": "📰 NOTICIAS",
    "lblTo": "Para",
    "lblFrom": "Desde",
    "lblSmallTo": "para",
    "lblSmallFrom": "desde",
    "lblReceived": "Recibió"
}