{
    "name_hint": "Entrez votre nom",
    "enter_fullname": "Nom complet",
    "enter_mobilenumber": "Numéro de portable",
    "sendsmscode": "Afin de vérifier votre numéro vous allez recevoir un message",
    "sendverf": "Envoyer le code de vérification",
    "welcometo": "Bienvenue sur",
    "enter_verfcode": "Entrez le code qui vous a été envoyer par SMS",
    "sending_code": "Code en cours d'envoi",
    "back": "retour",
    "verify_otp": "Vérifier votre code",
    "auth_needed": "Authentification nécessaire pour déverrouiller les paramètres",
    "auth_neededchat": "Authentification nécessaire pour déverrouiller le chat",
    "lp_setalias": "Appuyez longuement sur le chat pour définir l'alias.",
    "swipehide": "Cliquer sur l'icône 👛 pour acceder à votre Portefeuille",
    "swipeview": "Pour payer ou voir votre QR cliquer sur l'icône 🏢 afin d'ouvrir la fenêtre de paiement.",
    "loved": "Vous avez aimé l'application? Évaluer là dans votre app store",
    "loadingfailed": "Le chargement a échoué! Veuillez redémarrer l'application",
    "setup": "Configuration du serveur terminée! Veuillez redémarrer l'application",
    "signin": "S'identifier",
    "updateavl": "Mise à jour de l'application disponible",
    "updateavlmsg": "Une version plus récente de l'application est disponible. Vous devez mettre à jour l'application pour continuer à l'utiliser.",
    "updatnow": "Mettez à jour maintenant",
    "selectcontact": "Sélectionnez le contact à partager",
    "searchcontact": "Rechercher un contact",
    "perm_contact": "L'autorisation d'accéder aux contacts est nécessaire pour communiquer avec des personnes que vous connaissez.",
    "nosearchresult": "Aucun résultat trouvé",
    "search": "Chercher",
    "searchuser": "Rechercher un utilisateur",
    "validnum": "Veuillez entrer un nombre valide",
    "chatws": "Chatter sans enregistrer le numéro",
    "notexist": "n'existe pas",
    "invite": "Inviter un utilisateur",
    "waitingpeer": "En attente de votre contact pour rejoindre le chat.",
    "msgnotload": "Suite à un problème technique les messages ne sont pas disponible pour le moment",
    "convended": "Conversation terminée",
    "usernotjoined": "Nous n'avons pas réuissi à vous mettre en relation avec votre contact",
    "msg": "Un message",
    "pickdoc": "Choisissez le document",
    "plswait": "Veuillez patienter quelques secondes!",
    "sent": "Le message a été envoyé",
    "doc": "Document",
    "pickvideo": "Choisissez une vidéo",
    "video": "Vidéo",
    "pickimage": "Choisissez une image",
    "image": "Image",
    "record": "Enregistrement audio",
    "audio": "Audio",
    "location": "Lieu",
    "contact": "Contact",
    "accept": "Accepter l'invitation:",
    "acpt": "J'accepte",
    "rjt": "Rejeter",
    "unlck": "Débloquer pour partager",
    "typmsg": "Tapez un message",
    "savedconv": "Conversations enregistrées",
    "unread": "message non lu",
    "nosave": "Aucun message enregistré.",
    "unblock": "Débloquer",
    "unblocked": "Débloqué!",
    "hidechat": "Masquer cette Conv.",
    "unhidechat": "Afficher cette Conversation!",
    "cancel": "Annuler",
    "sayhi": "Dis salut!",
    "today": "Aujourd'hui",
    "yesterday": "Hier",
    "lastseen": "Vu",
    "typing": "est entrain de répondre...",
    "online": "en ligne",
    "loading": "Chargement en cours...",
    "pmc": "Eocochat nécessite l'accès à votre microphone. Pour y accéder, cliquez sur le bouton qui devient vert.",
    "vsmsg": "Balayez l'écran vers la gauche pour afficher les messages enregistrés.",
    "drag": "Glisser le message de gauche à droite pour pour repondre aux messages.",
    "unlockchat": "Déverrouiller le chat",
    "lockchat": "Verrouiller ce chat",
    "setwall": "Personaliser votre fond d'écran",
    "removewall": "Supprimer le fond d'écran",
    "showtutor": "Comment ça Marche ?",
    "search_recentchats": "Rechercher des discussions récentes",
    "recentchats": "Chat récents",
    "chats": " 💬 Discuss.",
    "calls": " 📞 Appels",
    "name_hint": "Entrez votre nom",
    "enter_fullname": "Nom complet",
    "enter_mobilenumber": "Numéro de portable",
    "sendsmscode": "Afin de vérifier votre numéro vous allez recevoir un message",
    "sendverf": "Envoyer le code de vérification",
    "welcometo": "Bienvenue sur",
    "enter_verfcode": "Entrez le code qui vous a été envoyer par SMS",
    "sending_code": "Code envoyé ",
    "back": "retour",
    "verify_otp": "Vérifier votre code",
    "auth_needed": "Authentification nécessaire pour déverrouiller les paramètres",
    "auth_neededchat": "Authentification nécessaire pour déverrouiller le chat",
    "lp_setalias": "Appuyez longuement sur le chat pour changer le nom.",
    "swipehide": "Balayez à nouveau vers le bas pour les masquer",
    "swipeview": "Faites glisser votre doigt vers le bas pour afficher les discussions masquées.",
    "loved": "Vous avez aimé l'application? Évaluer là dans votre app store",
    "loadingfailed": "Le chargement a échoué! Veuillez redémarrer l'application",
    "setup": "Configuration terminée! Veuillez redémarrer l'application",
    "signin": "S'identifier",
    "updateavl": "Mise à jour de l'application disponible",
    "updateavlmsg": "Une version plus récente de l'application est disponible. Vous devez mettre à jour l'application pour continuer à l'utiliser.",
    "updatnow": "Mettez à jour maintenant",
    "selectcontact": "Sélectionnez le contact et partager",
    "searchcontact": "Rechercher un contact",
    "perm_contact": "L'autorisation d'accéder aux contacts est nécessaire pour communiquer avec vos proches.",
    "nosearchresult": "Aucun résultat trouvé",
    "search": "Chercher",
    "searchuser": "Rechercher un utilisateur",
    "validnum": "S'il vous plait, entrez un nombre valide",
    "chatws": "Chatter sans enregistrer le numéro",
    "notexist": "n'existe pas dans",
    "invite": "Inviter un utilisateur",
    "waitingpeer": "En attente de votre pair pour rejoindre le chat.",
    "msgnotload": "Suite à une erreur les messages ne sont pas disponible pour le moment",
    "convended": "Conversation terminée",
    "usernotjoined": "Nous n'avons pas réuissi à vous mettre en relation avec votre contact",
    "msg": "Un message",
    "pickdoc": "Choisissez un document",
    "plswait": "Veuillez patienter quelques secondes!",
    "sent": "Le message a été envoyé",
    "doc": "Document",
    "pickvideo": "Choisissez une vidéo",
    "video": "Vidéo",
    "pickimage": "Choisissez une image",
    "image": "Image",
    "record": "Enregistrement audio",
    "audio": "Audio",
    "location": "Lieu",
    "contact": "Contact",
    "accept": "Accepter l'invitation:",
    "acpt": "J'accepte",
    "rjt": "Rejeter",
    "unlck": "Débloquer afin de pouvoir partager des médias",
    "typmsg": "Tapez un message",
    "savedconv": "Conversations enregistrées",
    "unread": "message non lu",
    "nosave": "Aucun message enregistré.",
    "unblock": "Débloquer",
    "unblocked": "Débloqué!",
    "hidechat": "Masquer le chat",
    "unhidechat": "Afficher le chat!",
    "cancel": "Annuler",
    "sayhi": "Salut!",
    "today": "Aujourd'hui à",
    "yesterday": "Hier",
    "lastseen": "Vu",
    "typing": "Est entrain de repondre",
    "online": "en ligne",
    "loading": "Chargement en cours...",
    "pmc": "L'autorisation d'accéder au microphone et à la caméra est requise pour démarrer.",
    "vsmsg": "Envoyer de l'argent ou Recharger le téléphone de votre interlocuteur en cliquant sur l'icône pour la recharge 📶 et 💸 pour l'envoi d'argent.",
    "drag": "Faites glisser le message de votre ami de gauche à droite pour pour repondre à votre aux messages.",
    "unlockchat": "Déverrouiller le chat",
    "lockchat": "Verrouiller le chat",
    "setwall": "Personaliser votre fond d'écran",
    "removewall": "Supprimer le fond d'écran",
    "showtutor": "Afficher les didacticiels",
    "search_recentchats": "Discussions récentes",
    "recentchats": "Chat récents",
    "chats": "💬 Discuss.",
    "calls": "📞 Appels",
    "profile": "👨 Profil",
    "rate": "💖 Noter votre appli ",
    "share": "✉️ Inviter des amis",
    "feedback": "ℹ️ Feedback ",
    "tutorials": "💡 Tutoriels",
    "tnc": "termes et conditions",
    "pp": "Politique de confidentialité",
    "logout": "Se déconnecter",
    "unblockchat": " 🔏 Débloquer le chat",
    "blockchat": "🔒 Bloquer cette conv.",
    "submit": "Nous faire parvenir",
    "saved": "💾 Enregistré!",
    "save": " 💾 Sauvegarder",
    "validdetails": "Entrez des infos valides",
    "status": " 📷 Statuts",
    "setpasscode": "Définissez un mot de passe avant de continuer.",
    "enterpass": "Entrez le mot de passe",
    "delete": "Effacer",
    "done": "Fait",
    "newans": "Veuillez fournir une nouvelle réponse!",
    "ansempty": "La réponse ne peut pas être vide!",
    "quesempty": "La question ne peut pas être vide!",
    "sans": "Réponse de sécurité",
    "sques": "Question de sécurité",
    "setpass": "Définissez un mot de passe",
    "makesureotp": "Assurez-vous que votre numéro de téléphone / code OTP sont correct où réessayez plus tard.",
    "setpasslong": "Ce qui suit peut être utilisé pour réinitialiser votre mot de passe au cas où vous l'oublieriez. Formulez une question à laquelle vous seul pouvez répondre. Soyez créatif et choisissez une réponse difficile à deviner.",
    "welcomeback": "Content de te revoir!",
    "failedlogin": "Échec de la connexion!",
    "entervalidmob": "S'il vous plait, entrez un nombre valide.",
    "nameem": "Le nom ne peut pas être vide!",
    "correctotp": "Le code que vous avez entrée est erroné",
    "authfailed": "Authentification échouée!",
    "authh": "Authentification",
    "trylater": "Veuillez réessayer plus tard!",
    "incomingaudio": "Appel audio entrant...",
    "incomingvideo": "Appel vidéo entrant...",
    "startchat": "Commencez à discuter en appuyant sur le bouton en bas à droite!",
    "nochats": "Aucun chat trouvé!",
    "clearlog": "Effacer le journal des appels?",
    "clearloglong": "Supprimer l'historique des appels?",
    "allav": "Historique de vos appels vidéo et audio.",
    "nocalls": "Pas d'appels",
    "picked": "Appels reçus",
    "voice": "Appel",
    "muted": "🔇 Muet",
    "connecting": "En cours de liaison...",
    "calling": "Appel...",
    "oncall": "Occupé",
    "callended": "Appel terminé!",
    "callrejected": "Appel rejeté!",
    "ps": "Autorisation d'accès au stockage nécessaire pour télécharger le fichier.",
    "psac": "Autorisation d'accès au stockage nécessaire pour sélectionner un fichier.",
    "eps": "Une erreur s'est produite lors du téléchargement",
    "folder": "Fichier téléchargé dans le dossier:",
    "pms": "Autorisation d'accéder au stockage nécessaire pour enregistrer des photos sur votre téléphone.",
    "removealias": "Personaliser son speudo",
    "setalias": "Définisser son speudo",
    "aliasname": "Surnom",
    "clocktime": "L'heure de votre horloge n'est pas synchronisée avec l'heure du serveur. Veuillez le régler correctement pour continuer.",
    "letschat": "Rejoins moi sur",
    "joinme": "Rejoignez-moi sur",
    "pgv": "L'autorisation d'accéder à la galerie est nécessaire pour sélectionner la vidéo.",
    "pcv": "Autorisation d'accès à la caméra nécessaire pour lancer l'enrégistrement de la vidéo.",
    "pgi": "Autorisation d'accès à la galerie requise pour sélectionner des photos",
    "pci": "Autorisation d'accès à la caméra nécessaire pour sélectionner des photos",
    "pm": "L'autorisation d'accéder au microphone est requise pour démarrer.",
    "forgotpassword": "Avez vous oublié mot de passe ?",
    "updatesecurity": "Mettre à jour la sécurité",
    "wrongans": "Mauvaise réponse",
    "hardguess": "Utilisez un code d'accès difficile à deviner.",
    "takeimage": "Prenez une image pour commencer",
    "takefile": "Prenez un fichier pour commencer",
    "close": "Fermer",
    "sendingrecord": "Envoi de l'enregistrement... veuillez patienter!",
    "sendrecord": "Envoyer l'enregistrement",
    "audiorecorder": "Enregistreur audio",
    "playingrecording": "Lecture de l'enregistrement",
    "recording": "Enregistrement...",
    "recorderstopped": "L'enregistreur s'est arrêté!",
    "mediamssgnotallowed": "L'envoi de messages multimédias a temporairement été désactivé",
    "textmssgnotallowed": "L'envoi de SMS a été temporairement désactivé",
    "callnotallowed": "La fonction d'appel a été temporairement désactivée",
    "failedtoconfigure": "Impossible de configurer l'application. Veuillez redémarrer l'application",
    "logindisabled": "La fonction de connexion est temporairement",
    "allnotifications": "Notifications",
    "newnotifications": "Nouvelles notifications reçues",
    "nonotifications": "Aucune notification",
    "copy": "Copier",
    "agree": "En continuant, vous acceptez les",
    "ntm": "Nouveau message",
    "nim": "📷 Photo",
    "nvm": "🎥 Vidéo",
    "nam": "🎙️ Enregistrement",
    "ncm": "👤 Contact partagé",
    "ndm": "📄 Document",
    "nlm": "📍 Partagé emplacement  actuel",
    "niac": "📞 Appel audio entrant",
    "nivc": "🎥 Appel vidéo entrant",
    "ce": "Appel terminé",
    "mc": "Appel manqué",
    "aorc": "Accepter ou rejeter l'appel",
    "cr": " appel rejeté",
    "dltscs": "Supprimé avec succès",
    "dltstatus": "Supprimer le statut",
    "myactstatus": "Mon statut actif",
    "nostatus": "Aucun nouveau statut ",
    "rcntupdates": "Mises à jour récentes",
    "mystatus": "Mon statut",
    "taptoupdtstatus": "Ajouter un statut",
    "createstatus": "Créer un statut",
    "taptoview": "Toucher pour voir",
    "viewedby": "Vu par",
    "typeacaption": "Tapez une légende",
    "settingsoption": "Paramètres",
    "myprofile": "Mon profil",
    "editprofile": "Editer le profil",
    "changednp": "Modifier le nom d'affichage et la photo",
    "givesuggestions": "Votre avis est important faite nous des retours",
    "leavereview": "Laissez votre avis",
    "pmtevents": "Événements promotionnels et alertes",
    "abiderules": "Nos termes & conditions",
    "processdata": "Comment nous traitons vos données ?",
    "recipients": "Followers",
    "participants": "Participant(e.s)",
    "about": "À propos",
    "encryption": "Chiffrement",
    "encryptionshort": " 🔒 Les messages et les appels sont cryptés de bout en bout 🔒",
    "newbroadcast": "Nouvelle Chaîne",
    "newgroup": "Nouveau Groupe",
    "admin": "Administrateur",
    "setasadmin": "Définir en tant qu'administrateur",
    "removeasadmin": "Supprimer en tant qu'administrateur",
    "remove": "Supprimer",
    "removefromgroup": "Retirer du groupe",
    "leavegroup": "Quitter le groupe",
    "unabletoleavegrp": "Impossible de quitter le groupe. Réessayer plus tard.",
    "leftthegroup": "a quitté le groupe",
    "leave": "Quitter",
    "deletegroup": "Supprimer ce groupe",
    "nodesc": "Aucune description ajoutée",
    "desc": "La description",
    "grpicondeletedby": "Icône du groupe supprimée par",
    "grpiconchangedby": "Icône du groupe modifiée par",
    "createdby": "Créé par",
    "createdbyu": "Créé par vous",
    "removedbyadmin": "supprimé par l'administrateur",
    "hasremoved": "supprimé",
    "confirm": "Confirmer",
    "deletedgroup": "Ce groupe a été supprimé par l'administrateur OU vous avez été supprimé de ce groupe",
    "onlyadminsend": "🔒 Seul l'administrateur peut envoyer des messages dans ce cette chaîne 🔒",
    "tapherefrgrpinfo": "Appuyez ici pour obtenir des informations sur le groupe",
    "detectingloc": "Détection de l'emplacement",
    "download": "TÉLÉCHARGER",
    "preview": "APERÇU",
    "msgdeleted": "Le message supprimé avec succès",
    "dltforeveryone": "Supprimer pour tout le monde",
    "dltforme": "Supprimer pour moi",
    "youleftthegroup": "Vous avez quitté le Groupe",
    "uhaveadded": "vous avez ajouté",
    "youhaveremoved": "vous avez supprimé",
    "youremovedgrpicon": "Vous avez changé l'icône du groupe",
    "hasremovedgrpicon": "Icône du groupe supprimé",
    "youupdatedgrpicon": "Vous avez mis à jour la photo du groupe",
    "hasupdatedgrpicon": "a mis à jour la photo du groupe",
    "youcreatedthisgroup": "Vous avez créé ce groupe",
    "hascreatedthisgroup": " a créé ce groupe",
    "uhvupdatedgrpdetails": "Vous avez mis à jour les détails du groupe",
    "grpdetailsupdatebyadmin": "Détails du groupe mis à jour par l'administrateur",
    "hasupdatedgrpdetails": "détails du groupe mis à jour",
    "hasbeensetasadminbyu": "a été nommé comme administrateur par vous",
    "hvsetuasadmin": "Vous êtes administrateur dans ce groupe",
    "theyremoveduasadmin": "vous a retirer en tant qu'administrateur",
    "adminahasadded": "Administrateur ajouté",
    "users": "Utilisateurs",
    "added": "Ajouté",
    "set": "Définir",
    "creategroup": "Nouveau groupe",
    "editgroup": "Modifier le groupe",
    "groupname": "Nom de groupe",
    "groupdesc": "Description du groupe",
    "grouptype": "Type de groupe",
    "adminhasadded": "L'administrateur a ajouté",
    "youandother": "d'autres et vous",
    "youareaddedtothisgrp": "Vous avez été invité à rejoindre ce groupe",
    "fromadmin": "de l'administrateur",
    "asadmin": "en tant qu'administrateur",
    "setgroup": "Définir les détails du groupe",
    "selected": "Choisie",
    "selectcontacts": "Sélectionnez les contacts à ajouter",
    "errorcreatinggroup": "Erreur lors de l'ajout d'utilisateurs au groupe. Réessayer",
    "deleting": "est en train de supprimer",
    "deleted": "Supprimé",
    "blockbroadcast": "Bloquer cette Chaîne",
    "blockedbroadcast": "Chaîne bloquée",
    "copied": "Copié",
    "chatencryption": "Les messages et les appels sont cryptés de bout en bout. Aucune individus ne peut les lire même pas les employés Eocochat",
    "alreadydeleted": "Ce message a été supprimé par l'expéditeur",
    "fileexists": "Le fichier existe déjà dans le dossier",
    "downloading": "téléchargement en cours",
    "broadcastupdatedbyadmin": "Détails de la chaîne mis à jour par l'administrateur",
    "uhaveupdatedbroadcast": "Vous avez mis à jour les détails de la chaîne",
    "updatedbroadcast": "mis à jour des détails de la chaîne",
    "editbroadcast": "Modifier la Chaîne",
    "broadcastname": "Nom de la Chaîne",
    "broadcastdesc": "Description de la Chaîne",
    "removefromlist": "Supprimer de la liste",
    "deletebroadcast": "Supprimer la chaîne",
    "broadcasticondlted": "Vous avez changé l' îcone de cette chaîne",
    "broadcasticonupdtd": "Vous avez modifié l'îcone de la chaîne",
    "senttorecp": "Envoyé à tous ces Abonnés",
    "norecp": "Aucun abonné actuelement",
    "tapforbroadcastinfo": "Plus d'info sur cette chaîne",
    "createdbroadcast": "Diffusion créée",
    "erroraddingbroadcast": "Une erreur c'est produite lors de l'ajout de cet utilisateur. Réessayer Svp",
    "erroroccured": "Une erreur s'est produite lors du chargement. Veuillez redémarrer l'application",
    "selectsinglecontact": "Sélectionnez ce contact",
    "disabled": "Cette fonctionnalité a temporairement été désactivée par l'administrateur",
    "uploading": "Envoi en cours",
    "createbroadcast": "Créer une Chaîne",
    "setbroadcastdetails": "Définir les détails de le Chaîne",
    "bothuseradmin": "Les messages utilisateur et administrateur sont autorisés",
    "onlyadmin": "Seuls les administrateurs peuvent poster des messages dans cette chaîne.",
    "generatingthumbnail": "Générer une vignette",
    "text": "Texte",
    "endtoendencryption": " 🔒 Appel sécurisé de bout en bout 🔒",
    "maxfilesize": "Votre fichier ne devrait pas excéder",
    "selectedfilesize": "La taille du fichier sélectionné est de",
    "norecentchats": "Aucune discussion récente",
    "forward": "Transférer",
    "you": "Tu",
    "selectcontactstoforward": "Sélectionnez un contact pour le transfère du message ou du fichier ",
    "forwarded": "Transféré",
    "sending": "Envoi en cours...",
    "maxnooffiles": "Nombre de fichier pouvant être envoyer atteint.",
    "filesizeexceeded": "Un ou plusieurs des fichiers séléctionnés sont trop volumineux et ne peuvent être envoyer.",
    "selectcontacttoshare": "Sélectionnez pour partager",
    "maxallowed": "Maximum autorisé :",


    "latest_credits":" ➕ Derniers crédits",
    "latest_debits":" ➖ Derniers débits",
    "see_all": "Tout Voir",
    "hide": "Cacher",
    "deposits": "➕ Crédit",
    "notifications": "Notifications",
    "transactions": "Transactions",
    "hello": "Bonjour",
    "user": "Utilisateur",
    "account_number": "Portefeuille Numéro",
    "available_balance": "Solde disponible",
    "withdraw": "➖ Débit",
    "scan_code": "Scannez le code",
    "scan_this_QR_code_to_get_transaction": "Scannez ce code QR pour effectuer la transaction",
    "scan_qr_code": "Scannez ce code QR",
    "qr_Barcode": "Mon QR code",
    "doubleTapToGoBack": "Appuyez deux fois pour revenir en arrière",
    "pleaseEnterValidEmail": "Veuillez entrer un email valide",
    "emailCannotBeEmpty": "L'e-mail ne peut pas être vide !",
    "theUsernameMustBe6Characters": "Le nom d'utilisateur doit comporter au moins 6 caractères",
    "pleaseEnterLessAmountThenWalletAmount": "🤐 Votre solde disponible est insuffisant pour d'éffectuer cette transaction veuillez SVP recharger 🤐 ",
    "pleaseEnterValidAmount": "Veuillez saisir un montant valide",
    "paymentIntentIdCopieToClipboard": "Copié dans le presse-papiers",
    "walletNumber": "Numéro de portefeuille",
    "noCreditRecordFound": "Votre portefeuille est vide, Veuillez le recharger.",
    "noDebitRecordFound.": "Aucune Transaction ou Paiement effectué avec votre portefeuille.",
    "copy": "Copié",
    "to": "À :",
    "oK": "OK",
    "transactionID": "N° de la transaction :",
    "transactionDetails": "Détails de la transaction",
    "transactionType": "Type de transaction :",
    "depositRecordNotFound": "Impossible de retrouver le numéro de votre transaction.",
    "transactionRecordNotFound": "Impossible de retrouver le numéro de votre transaction.",
    "withdrawRecordNotFound.": "Impossible de retrouver le numéro de votre retrait.",
    "payment": "Paiement",
    "enterAmount": "Entrer le montant",
    "payViaCard": "Payer par carte",
    "payViaWallet": "Payer avec Eocopay",
    "pleaseWait": "⏱️ ️Patientez, S'il vous plaît ⏱️",
    "enterYourEmail": "Entrer votre Email",
    "register": "S'inscrire",
    "saveThisTransactionIdForFuture": "Enregistrer cet identifiant de transaction pour le futur",
    "amountWillBeRefundWithinWorkingDays,": "Le montant sera remboursé dans les 6 à 8 jours ouvrables,",
    "pleaseContactOurCustomerCare": "Veuillez contacter notre service client,",
    "doNotPressBackLeaveAppWhileDoingTransaction": "🚨 Transaction en cours veuillez patienter svp ⏱️🚨",
    "addToWallet": "Recharger mon portefeuille ",
    "addAmountIntoWallet": "Payer ",




    "lblLanguage":"Langues",
    "lblUpdateIngredient":"Mettre à jour les tags",
    "lblAddIngredient":"Ajouter des tags",
    "lblName":" Votre Nom",
    "lblCancel":"Annuler",
    "lblUpdate":"Mettre à jour",
    "lblAdd":"Ajouter",
    "lblPleaseAddIngredient":"S'il vous plaît ajouter des tags",
    "lblNew":"Administration",
    "lblCategories":"⚙️",
    "lblLongPressOnCategoryForMoreOptions":"Presse longuement sur la catégorie pour plus d'options.",
    "lblA":"🏛",
    "lblAll":"🗃️",
    "lblChooseCurrencySymbol":"Choisissez le symbole de devise",
    "lblSelect":"Sélectionner",
    "lblCamera":"Caméra",
    "lblGallery":"Galerie",
    "lblForgetPassword":"Mot de passe oublié?",
    "lblEnterYouEmail":"Un maillon de mot de passe de réinitialisation sera envoyé à l'adresse e-mail saisie ci-dessus.",
    "lblEmail":" votre  E-mail",
    "lblEnterValidEmail":"Entrez une adresse email valide",
    "lblResetPassword":"réinitialiser le mot de passe",
    "lblResetPasswordLinkHasSentYourMail":"Réinitialiser le lien de mot de passe a envoyé votre courrier",
    "lblEnable":"Permettre",
    "lblDisable":"Désactiver",
    "lblTextForDeletingCategory":"Si vous supprimez cette catégorie, tous ses menus seront supprimés. Vous souhaitez toujours supprimer cette catégorie?",
    "lblWrongSelection":"Mauvaise sélection",
    "lblEdit":"Éditer",
    "lblDelete":"Effacer",
    "lblSpicy":"Ecole",
    "lblJain":"Restaurant",
    "lblSpecial":"Autres",
    "lblPopular":" 🏪 Magasin",
    "lblShowMore":" ➕ Plus d'info",
    "lblShowLess":" ➖ Moins d'info",
    "lblFoodItems":" 🏛 Votre business",
    "lblMenuItems":"Ajouter",
    "lblNoMenuFor":"Pas d'info trouvées",
    "lblCategory":"⚙️",
    "lblNoData":"Pas de données",
    "lblLight":"Léger",
    "lblDark":"Sombre",
    "lblSystemDefault":"Défaillance du système",
    "lblSelectYourTheme":"Sélectionnez votre thème",
    "lblAbout":"À propos de l'application",
    "lblRestaurantQRMenu":" Bienvenue sur Eocobusiness",
    "lblVersion":"1.0.2",
    "lblAboutScreenText":" La manière simple de trouver les infos sur le business que vous visitez..",
    "lblPurchase":"Acheter",
    "lblAddImage":"Ajouter une image",
    "lblChooseAnAction":"Choisissez une action",
    "lblAddCategory":"Ajouter",
    "lblDoYouWantToUpdate":"Voulez-vous mettre à jour",
    "lblDoYouWantToAddThisCategory":"Voulez-vous ajouter cette catégorie",
    "lblDescription":"La description",
    "lblAddMenuItem":"Ajouter une section",
    "lblDoYouWantToDelete":"Voulez-vous supprimer",
    "lblDoYouWantToAddThisMenuItem":"Voulez-vous ajouter cet élément de menu",
    "lblPleaseChooseCategory":"Veuillez choisir la catégorie",
    "lblChooseCategory":"Choisir une catégorie",
    "lblPrice":"Prix",
    "lblIngredients":"Tags",
    "lblNewDescription":"Retrouver la plus part des informations que vous rechercher en scannant le QR code",
    "lblVeg":"Business",
    "lblVegDescription":" 🏢 Cliquer sur ce tags pour faire apparaître votre Business dans cette section",
    "lblSpicyDescription":" 🏫 Cliquer sur ce tags pour faire apparaître votre Ecole dans cette section.",
    "lblJainDescription":" 🏛️ Cliquer sur ce tags pour faire apparaître votre Restaurant dans cette section",
    "lblSpecialDescription":" 🏢 Cliquer sur ce tags pour faire apparaître votre administration dans cette section.",
    "lblSweet":"Business",
    "lblSweetDescription":"Cliquer sur ce tags pour faire apparaître votre Chauffeur dans la bonne section.",
    "lblPopularDescription":"Cliquer sur ce tags pour faire apparaître votre Chauffeur dans la bonne section.",
    "lblAddLogoImage":"Ajouter votre logo ",
    "lblAddRestaurantImage":"Ajouter une image des locaux",
    "lblUpdateRestaurant":"Mettre à jour les informations",
    "lblAddRestaurant":"Ajouter",
    "lblDoYouWantToUpdateRestaurant":"Voulez vous mettre à jour les informations ?",
    "lblDoYouWantToAddRestaurant":"Ajouter",
    "lblType":"Postez vous ?",
    "lblNonVeg":" 🏢 Administration",
    "lblContact":"Contact",
    "lblCurrency":"Payement accepté",
    "lblNewItemValidity":"A propos de votre business",
    "lblAddress":"Adresse",
    "lblPasswordSuccessfullyChanged":"Mot de passe changé avec succès",
    "lblOldPassword":"ancien mot de passe",
    "lblOldPasswordIsNotCorrect":"Ancien mot de passe n'est pas correct",
    "lblNewPassword":"nouveau mot de passe",
    "lblConfirmPassword":"Confirmez le mot de passe",
    "lblPasswordLengthShouldBeMoreThanSix":"La longueur du mot de passe doit être supérieure à six",
    "lblBothPasswordShouldBeMatched":"Les deux mot de passe doivent être assortis",
    "lblOldPasswordShouldNotBeSameAsNewPassword":"Ancien mot de passe ne doit pas être identique à un nouveau mot de passe",
    "lblSave":"sauvegarder",
    "lblHello":"Bonjour",
    "lblMyItems":"Mes Postes",
    "lblNoRestaurant":"Poster votre Business c'est gratuit",
    "lblDataUpdated":"Data mis à jour",
    "lbDoYouWantToUpdateProfile":"Voulez-vous mettre à jour ce profil",
    "lblEditProfile":"Editer ce profil",
    "lblNumber":"Nombre",
    "lblTryAgain":"Réessayer",
    "lblQR":"Qr",
    "lblScanForOurOnlineMenu":"Scanner pour plus d'info.",
    "lblUhOhSomethingWentWrong":"Euh oh! Quelque chose a mal tourné",
    "lblScanned":"scanné",
    "lblWrongQRCode":"Mauvais code QR",
    "lblNoPermission":"Aucune autorisation",
    "lblDoYouWantToDeleteRestaurant":"Voulez-vous supprimer cette entité ?",
    "lblSettings":"Paramètres",
    "lblChangePassword":"Changer le mot de passe",
    "lblUserLoginWithSocialAccountCannotChangeThePassword":"Les utilisateurs inscrit grâce a Facebook et Google ne peuvent pas changer de mot de passe",
    "lblDarkMode":"Mode sombre",
    "lblPrivacyPolicy":"Politique de confidentialité",
    "lblRateUs":"Évaluez nous",
    "lblTerms":"termes et conditions",
    "lblShare":"Partager l'application",
    "lblLogout":"Se déconnecter",
    "lblAreYouSureYouWantToLogout":"Êtes-vous sûr de vouloir vous déconnecter",
    "lblVisitAgain":"Visiter encore",
    "lblPleaseEnterYourEmail":"S'il vous plaît entrez votre email",
    "lblPleaseEnterYourPassword":"s'il vous plait entrez votre mot de passe",
    "lblPassword":"Mot de passe",
    "lblForgotPassword":"Mot de passe oublié",
    "lblSignIn":"S'identifier",
    "lblDontHaveAnAccount":"Ne pas avoir un compte",
    "lblCreateAccountHere":"Créer un compte ici",
    "lblOR":"OU",
    "lblSignUp":"S'inscrire",
    "lblPleaseEnterName":"S'il vous plaît entrer le nom",
    "lblPleaseEnterPhoneNumber":"S'il vous plaît entrer le numéro de téléphone",
    "lblPhoneNumber":"Numéro de téléphone",
    "lblPleaseEnterEmail":"S'il vous plaît entrer le courrier électronique",
    "lblPleasEnterPassword":"bail entrer mot de passe",
    "lblAlreadyHaveAccount":"Vous avez déjà un compte",
    "lblSignInHere":"Se connecter ici",
    "lblGoPaperless":"Oublié les papiers et penser écologie",
    "lblGoPaperlessWithOurDigitalMenu":"Eocochat vous permets de trouver les informations du business que vous visitez!",
    "lblGetStarted":"Commencer",
    "lblWaitToScan":"Attendre pour scanner",
    "lblUserAlreadyRegisterWithEmail":"L'utilisateur déjà inscrit avec cette email",
    "lblWrongURL":"Mauvaise url",
    "lblRemoveImage":"Enlever l'image",
    "lblSelectLanguage":"Choisir la langue",
    "lblSelectTheme":"Sélectionne un thème",
    "lblChangeRestaurantImage":"Changer cette image",
    "lblChangeLogoImage":"Changer le logo",
    "lblSelectThemeDesc":"Offrez une expérience de marque sans soudure à vos clients avec plusieurs options de thème d'application personnalisables et pleines de capacités créatives.",
    "lblSelectLanguageDesc":"Offrer à vos clients une expériences sans précédent grâce à une technologie simple.",
    "lblRestaurant":"Business",
    "lblClickHere":"Cliquez ici",
    "lblForScanner":"Pour Scanner",
    "lblAddYourBusinessOrServicehere":"Ajoutez votre entreprise ou votre service ici +",
    "lblPayViaWalletNumber": "Transférer à partir de votre Eocopay",
    "lblPayViaQRCode": "Payer par QR Code",
    "lblEnterWalletNumber": "Saisissé le numéro de votre Eocopay",
    "lblEnterAmount": "Entrer le montant",
    "lblPleaseEnterTheValidWalletNumber": "Veuillez entrer un N°Eocopay valide",
    "lblUserCouldNotSendYourWalletNumber": "L'utilisateur n'a pas pu envoyer votre numéro d' Eocopay",
    "lblTransferredFromMyWallet": "Transféré de mon Eocopay",
    "news": " 📰 Info",
    "lblTo": "Pour",
    "lblFrom": "À partir de",
    "lblSmallTo": "pour",
    "lblSmallFrom": "à partir de",
    "lblReceived": "A reçu"
}