{
    "name_hint": "अपना नाम दर्ज करें",
    "enter_fullname": "पूरा नाम दर्ज करें",
    "enter_mobilenumber": "मोबाइल नंबर",
    "sendsmscode": "अपना नंबर सत्यापित करने के लिए एक एसएमएस कोड भेजें",
    "sendverf": "सत्यापन कोड भेजें",
    "welcometo": "आपका स्वागत है",
    "enter_verfcode": "एसएमएस कोड दर्ज करें",
    "sending_code": "एसएमएस कोड भेजा जा रहा है",
    "back": "वापस",
    "verify_otp": "कोड सत्यापित करें",
    "auth_needed": "सेटिंग्स को अनलॉक करने के लिए प्रमाणीकरण की आवश्यकता है",
    "auth_neededchat": "चैट को अनलॉक करने के लिए प्रमाणीकरण की आवश्यकता है",
    "lp_setalias": "उपनाम सेट करने के लिए चैट पर लंबे समय तक दबाएं",
    "swipehide": "उन्हें छिपाने के लिए फिर से नीचे स्वाइप करें",
    "swipeview": "छिपी हुई चैट देखने के लिए स्क्रीन को नीचे स्वाइप करें",
    "loved": "ऐप पसंद आया? एप्लिकेशन की श्रेणी बताओ",
    "loadingfailed": "लोड हो रहा है विफल! कृपया एप्लिकेशन पुनः आरंभ करें",
    "setup": "सर्वर सेटअप हो गया! कृपया एप्लिकेशन पुनः आरंभ करें",
    "signin": "साइन इन करें",
    "updateavl": "ऐप अपडेट उपलब्ध है",
    "updateavlmsg": "उपलब्ध एप्लिकेशन का एक नया संस्करण है। इसका उपयोग जारी रखने के लिए आपको ऐप अपडेट करना होगा।",
    "updatnow": "अभी अद्यतन करें",
    "selectcontact": "संपर्क का चयन करें",
    "searchcontact": "संपर्क खोजें",
    "perm_contact": "जिन लोगों को आप जानते हैं, उनसे संपर्क करने के लिए संपर्क करने की अनुमति आवश्यक है।",
    "nosearchresult": "खोजने पर कोई परिणाम नहीं मिला",
    "search": "खोजें",
    "searchuser": "उपयोगकर्ता खोजें",
    "validnum": "कृपया सही अंक दर्ज करें",
    "chatws": "बिना सेविंग नंबर के चैट करें",
    "notexist": " में मौजूद नहीं है ",
    "invite": "आमंत्रित करें",
    "waitingpeer": "चैट में शामिल होने के लिए अपने साथी की प्रतीक्षा कर रहा है।",
    "msgnotload": "संदेश लोड नहीं हो सकते",
    "convended": "बातचीत समाप्त हुई",
    "usernotjoined": "उपयोगकर्ता शामिल नहीं हुआ",
    "msg": "संदेश",
    "pickdoc": "एक दस्तावेज़ चुनें",
    "plswait": "कृपया कुछ सेकंड प्रतीक्षा करें!",
    "sent": "संदेश भेजा जा चुका है ",
    "doc": "डाक्यूमेंट",
    "pickvideo": "एक वीडियो चुनें",
    "video": "वीडियो",
    "pickimage": "एक तस्वीर चुनें",
    "image": "तस्वीर",
    "record": "ध्वनि रिकॉर्ड करें",
    "audio": "ऑडियो",
    "location": "स्थान",
    "contact": "संपर्क",
    "accept": "आमंत्रण स्वीकार कीजिये : ",
    "acpt": "स्वीकार करें",
    "rjt": "अस्वीकार करें",
    "unlck": "अनब्लॉक करें",
    "typmsg": "एक संदेश लिखें",
    "savedconv": "सहेजे गए वार्तालाप",
    "unread": " अपठित संदेश",
    "nosave": "कोई सहेजे गए संदेश नहीं।",
    "unblock": "अनब्लॉक ",
    "unblocked": "अनब्लॉक हो गया!",
    "hidechat": "चैट छिपाएँ",
    "unhidechat": "अनहाइड चैट! ",
    "cancel": "रद्द करें",
    "sayhi": "नमस्ते कहे! ",
    "today": "आज",
    "yesterday": "बिता कल ",
    "lastseen": "आखरी बार ऑनलाइन",
    "typing": "टाइपिंग ...",
    "online": "ऑनलाइन",
    "loading": "लोड हो रहा है ...",
    "pmc": "प्रारंभ करने के लिए माइक्रोफ़ोन और कैमरे तक पहुंचने की अनुमति आवश्यक है।",
    "vsmsg": "सहेजे गए संदेशों को देखने के लिए स्क्रीन पर बाईं ओर स्वाइप करें।",
    "drag": "उस संदेश तक वार्तालाप समाप्त करने के लिए अपने मित्र संदेश को बाएं से दाएं तक खींचें।",
    "unlockchat": "चैट अनलॉक ",
    "lockchat": "चैट लॉक",
    "setwall": "वालपेपर सेट",
    "removewall": "वॉलपेपर निकालें",
    "showtutor": "ट्यूटोरियल",
    "search_recentchats": "नवीनतम चैट खोजें",
    "recentchats": "नवीनतम चैट",
    "chats": "चैट",
    "calls": "कॉल",
    "profile": "प्रोफ़ाइल",
    "rate": "एप्प मूल्यांकन",
    "share": "आमंत्रित करें",
    "feedback": "प्रतिपुष्टि",
    "tutorials": "ट्यूटोरियल",
    "tnc": "नियम एवं शर्तें",
    "pp": "गोपनीयता नीति",
    "logout": "लॉग आउट",



    "unblockchat": "अन ब्लॉक चैट",
    "blockchat": "ब्लॉक चैट",
    "submit": "दर्ज करे",
    "saved": "सफल",
    "save": "सहेजें",
    "validdetails": "मान्य विवरण दर्ज करें",
    "status": "स्थिति",
    "setpasscode": "आगे बढ़ने से पहले पासकोड सेट करें।",
    "enterpass": "पासकोड दर्ज करें",
    "delete": "हटाएं",
    "done": "कर दिया",
    "newans": "कृपया एक नया उत्तर प्रदान करें!",
    "ansempty": "उत्तर रिक्त नहीं हो सकता!",
    "quesempty": "प्रश्न खाली नहीं हो सकता!",
    "sans": "सुरक्षा जवाब",
    "sques": "सुरक्षा प्रश्न",
    "setpass": "पास कोड सेट करें",
    "makesureotp": "सुनिश्चित करें कि आपका फ़ोन नंबर / OTP कोड सही है और बाद में पुनः प्रयास करें।",
    "setpasslong": "यदि आप इसे भूल जाते हैं तो अपना पासकोड रीसेट करने के लिए निम्नलिखित का उपयोग किया जाना चाहिए। केवल एक प्रश्न का उत्तर दें। रचनात्मक रहें और ऐसा उत्तर चुनें जिसका अनुमान लगाना कठिन हो।",
    "welcomeback": "वापसी पर स्वागत है !",
    "failedlogin": "लॉगिन करने में विफल!",
    "entervalidmob": "कृपया सही संख्या डालिये।",
    "nameem": "नाम खाली नहीं हो सकता!",
    "correctotp": "सही कोड दर्ज करें",
    "authfailed": "माणीकरण विफल है!",
    "authh": "प्रमाणीकरण",
    "trylater": "कृपया बाद में पुन: प्रयास करें !",
    "incomingaudio": "इनकमिंग ऑडियो कॉल ...",
    "incomingvideo": "इनकमिंग वीडियो कॉल ...",
    "startchat": "नीचे दाईं ओर बटन दबाकर चैटिंग शुरू करें!",
    "nochats": "कोई चैट नहीं मिली!",
    "clearlog": "कॉल लॉग साफ़ करें?",
    "clearloglong": "क्या आप सभी कॉल लॉग हटाना चाहते हैं?",
    "allav": "सभी वीडियो और ऑडियो कॉल इतिहास यहां दिखाए जाएंगे।",
    "nocalls": "अभी तक कोई कॉल नहीं ",
    "picked": "कॉल उठाया गया",
    "voice": "आवाज कॉल",
    "muted": "सहकर्मी डिवाइस म्यूट कर दिया गया",
    "connecting": "कनेक्ट हो रहा है ...",
    "calling": "कॉलिंग",
    "oncall": "फोन कॉल पर  ",
    "callended": "कॉल समाप्त !",
    "callrejected": "कॉल अस्वीकार !",
    "ps": "फ़ाइल डाउनलोड करने के लिए आवश्यक संग्रहण तक पहुंचने के लिए अनुमति की आवश्यकता है।",
    "psac": "फ़ाइल का चयन करने के लिए आवश्यक संग्रहण तक पहुँचने के लिए अनुमति की आवश्यकता है।",
    "eps": "डाउनलोड करते समय त्रुटि हुई है",
    "folder": "फ़ाइल फ़ोल्डर में डाउनलोड की गई है : ",
    "pms": "आपके फ़ोन में फ़ोटो सहेजने के लिए आवश्यक संग्रहण तक पहुंचने की अनुमति की आवश्यकता है।",
    "removealias": "उपनाम निकालें",
    "setalias": "उपनाम सेट करें",
    "aliasname": "उर्फ नाम",
    "clocktime": "आपकी घड़ी का समय सर्वर समय के साथ सिंक से बाहर है। कृपया इसे जारी रखने के लिए सही सेट करें।",
    "letschat": "चलो बात करे ",
    "joinme": "मुझे जुड़ें",
    "pgv": "",
    "pcv": "वीडियो का चयन करने के लिए आवश्यक गैलरी तक पहुंचने की अनुमति की आवश्यकता है।",
    "pgi": "फ़ोटो का चयन करने के लिए आवश्यक गैलरी तक पहुंचने की अनुमति की आवश्यकता है",
    "pci": "फ़ोटो का चयन करने के लिए आवश्यक कैमरा तक पहुंचने की अनुमति की आवश्यकता है",
    "pm": "आवश्यकता है प्रारंभ करने के लिए माइक्रोफोन तक पहुँचने की अनुमति आवश्यक है।",
    "forgotpassword": "पासवर्ड भूल गए ?",
    "updatesecurity": "सुरक्षा अद्यतन करें",
    "wrongans": "गलत जवाब",
    "hardguess": "एक पासकोड का उपयोग करें जिसका अनुमान लगाना कठिन है।",
    "takeimage": "शुरू करने के लिए एक तस्वीर ले ",
    "takefile": "शुरू करने के लिए एक फ़ाइल ले ",
    "close": "बंद करे",
    "sendingrecord": "रिकॉर्डिंग भेजा जा रहा है ... कृपया प्रतीक्षा करें!",
    "sendrecord": "रिकॉर्डिंग भेजें",
    "audiorecorder": "ऑडियो रिकॉर्डर",
    "playingrecording": "रिकॉर्डिंग बजाई जा रही है",
    "recording": "रिकॉर्डिंग ...",
    "recorderstopped": "रिकॉर्डर बंद है!",
    "mediamssgnotallowed": "मीडिया संदेश भेजना अस्थायी रूप से व्यवस्थापक द्वारा अक्षम है।",
    "textmssgnotallowed": "पाठ संदेश भेजने को अस्थायी रूप से व्यवस्थापक द्वारा अक्षम कर दिया जाता है।",
    "callnotallowed": "कॉलिंग सुविधा को अस्थायी रूप से व्यवस्थापक द्वारा अक्षम कर दिया गया है",
    "failedtoconfigure": "एप्लिकेशन को कॉन्फ़िगर करने में विफल। कृपया एप्लिकेशन को पुनरारंभ करें!",
    "logindisabled": "लॉगिन सुविधा अस्थायी रूप से व्यवस्थापक द्वारा अक्षम है।",
    "allnotifications": "सूचनाएं",
    "newnotifications": "नई सूचनाएं प्राप्त हुई",
    "nonotifications": "कोई सूचनाएं नहीं",
    "copy": "प्रतिलिपि",
    "agree": "जारी रखकर आप इससे सहमत हैं",



    "ntm": "नया संदेश",
    "nim": "📷 चित्र",
    "nvm": "🎥 वीडियो",
    "nam": "🎙️ रिकॉर्डिंग",
    "ncm": "👤 संपर्क साझा हो गया",
    "ndm": "📄 डाक्यूमेंट",
    "nlm": "📍 वर्तमान स्थान साझा किया गया है ।",
    "niac": "📞 इनकमिंग ऑडियो कॉल",
    "nivc": "🎥 इनकमिंग वीडियो कॉल",
    "ce": "कॉल समाप्त",
    "mc": "मिस कॉल",
    "aorc": "कॉल स्वीकार करें या अस्वीकार करें",
    "cr": " कॉल अस्वीकार कर दिया गया",
    "dltscs": "सफलतापूर्वक हटा दिया गया",
    "dltstatus": "स्टेटस हटाएं ?",
    "myactstatus": "मेरा सक्रिय स्टेटस",
    "nostatus": "आपके सहेजे गए संपर्कों में किसी का स्टेटस नहीं है",
    "rcntupdates": "हाल ही के अपडेट्स",
    "mystatus": "मेरा स्टेटस",
    "taptoupdtstatus": "स्टेटस अपडेट जोड़ने के लिए टैप करें",
    "createstatus": "स्टेटस बनाएं",
    "taptoview": "देखने के लिए टैप करें",
    "viewedby": "इनके द्वारा देखा गया",
    "typeacaption": "कैप्शन टाइप करें",
    "settingsoption": "सेटिंग्स",
    "myprofile": "मेरी प्रोफाइल",
    "editprofile": "प्रोफ़ाइल एडिट करें",
    "changednp": "डिस्प्ले नाम और तस्वीर बदलें",
    "givesuggestions": "ऐप के बारे में सुझाव दें",
    "leavereview": "अपनी समीक्षा छोड़ें",
    "pmtevents": "प्रचार कार्यक्रम और अलर्ट",
    "abiderules": "नियमों का पालन करें",
    "processdata": "जानें कि हम आपके डेटा को कैसे संसाधित करते हैं",
    "recipients": "प्राप्तकर्ता",
    "participants": "प्रतिभागि",
    "about": "अबाउट",
    "encryption": "एन्क्रिप्शन",
    "encryptionshort": "संदेश और कॉल एंड-टू-एंड एन्क्रिप्टेड हैं",
    "newbroadcast": "नया ब्रॉडकास्ट",
    "newgroup": "नया ग्रुप",
    "admin": "व्यवस्थापक",
    "setasadmin": "व्यवस्थापक बनाएं",
    "removeasadmin": "व्यवस्थापक के पद से हटाएं",
    "remove": "हटाएं",
    "removefromgroup": "ग्रुप से हटाएं",
    "leavegroup": "ग्रुप छोड़ें",
    "unabletoleavegrp": "ग्रुप छोड़ने में असमर्थ. कृपया पुन: प्रयास करें !",
    "leftthegroup": "आपने ग्रुप छोड़ दिया",
    "leave": "छोड़ें",
    "deletegroup": "ग्रुप डिलीट करें",
    "nodesc": "कोई विवरण नहीं जोड़ा गया हैं",
    "desc": "विवरण",
    "grpicondeletedby": "ग्रुप आइकॉन डिलीट किया गया इनके द्वारा",
    "grpiconchangedby": "ग्रुप आइकॉन बदल दिया गया इनके द्वारा",
    "createdby": "बनाया गया इनके द्वारा",
    "createdbyu": "आपके द्वारा बनाया गया",
    "removedbyadmin": "व्यवस्थापक ने हटाया",
    "hasremoved": "ने हटा दिया है",
    "confirm": "पुष्टि करें",
    "deletedgroup": "इस ग्रुप को व्यवस्थापक द्वारा डिलीट कर दिया गया है या आपको इस समूह से हटा दिया गया है।",
    "onlyadminsend": "🔒 इस ग्रुप में सिर्फ एडमिन ही मैसेज भेज सकते हैं",
    "tapherefrgrpinfo": "ग्रुप की जानकारी के लिए यहां टैप करें",
    "detectingloc": "स्थान का पता लगाया जा रहा है...",
    "download": "डाउनलोड",
    "preview": "प्रीव़्यू",
    "msgdeleted": "संदेश डिलीट हो गया है",
    "dltforeveryone": "सबके लिए डिलीट करें",
    "dltforme": "खुद के लिए डिलीट करें",
    "youleftthegroup": "आपने ग्रुप छोड़ दिया",
    "uhaveadded": "आपने जोड़ा है",
    "youhaveremoved": "आपने हटाया है",
    "youremovedgrpicon": "आपने ग्रुप आइकॉन हटा दिया",
    "hasremovedgrpicon": "ने ग्रुप आइकॉन हटा दिया",
    "youupdatedgrpicon": "आपने ग्रुप आइकॉन अपडेट कर दिया",
    "hasupdatedgrpicon": "ने ग्रुप आइकॉन अपडेट कर दिया",
    "youcreatedthisgroup": "आपने इस ग्रुप को बनाया है",
    "hascreatedthisgroup": "ने इस ग्रुप को बनाया है",
    "uhvupdatedgrpdetails": "आपने ग्रुप डीटेल्स अपडेट कर दिया है",
    "grpdetailsupdatebyadmin": "एडमिन ने ग्रुप डीटेल्स अपडेट कर दिया है",
    "hasupdatedgrpdetails": "ने ग्रुप डीटेल्स अपडेट कर दिया है",
    "hasbeensetasadminbyu": "को आपके द्वारा एडमिन बनाया गया है",
    "hvsetuasadmin": "ने आपको एडमिन बनाया है",
    "theyremoveduasadmin": "ने आपको एडमिन के पद से हटा दिया है",
    "adminahasadded": "एडमिन ने जोड़ा है",
    "users": "उपयोगकर्ता",
    "added": "जोड़ दिया गया",
    "set": "सेट",
    "creategroup": "नया ग्रुप",
    "editgroup": "एडिट ग्रुप",
    "groupname": "ग्रुप का नाम",
    "groupdesc": "ग्रुप का विवरण",
    "grouptype": "ग्रुप का प्रकार",
    "adminhasadded": "एडमिन ने जोड़ा है",
    "youandother": "आप और अन्य",
    "youareaddedtothisgrp": "आपको इस ग्रुप में जोड़ा गया है",
    "fromadmin": "एडमिन से",
    "asadmin": "एडमिन के रूप में",
    "setgroup": "ग्रुप विवरण सेट करें",
    "selected": "चयनित",
    "selectcontacts": "जोड़ने के लिए संपर्क चुनें",
    "errorcreatinggroup": "उपयोगकर्ताओं को ग्रुप में जोड़ने में त्रुटि. कृपया पुन: प्रयास करें!",
    "deleting": "डिलीट किया जा रहा है...",
    "deleted": "डिलीट हो गया",
    "blockbroadcast": "इस ब्रॉडकास्ट को ब्लॉक करें",
    "blockedbroadcast": "यह ब्रॉडकास्ट ब्लॉक कर दिया गया है",
    "copied": "कॉपी हो गया",
    "chatencryption": "संदेश और कॉल एंड-टू-एंड एन्क्रिप्टेड हैं। इस चैट के बाहर कोई भी उन्हें पढ़ नहीं सकता",
    "alreadydeleted": "यह संदेश प्रेषक द्वारा पहले ही डिलीट कर दिया गया है",
    "fileexists": "फ़ाइल पहले से ही फ़ोल्डर में मौजूद है:",
    "downloading": "डाउनलोड हो रहा है",
    "broadcastupdatedbyadmin": "ब्रॉडकास्ट डीटेल्स एडमिन द्वारा अपडेट किया गया है",
    "uhaveupdatedbroadcast": "आपने ब्रॉडकास्ट डीटेल्स अपडेट कर दिया है",
    "updatedbroadcast": "ने ब्रॉडकास्ट डीटेल्स अपडेट किया है",
    "editbroadcast": "ब्रॉडकास्ट एडिट करें",
    "broadcastname": "ब्रॉडकास्ट का नाम",
    "broadcastdesc": "ब्रॉडकास्ट का विवरण",
    "removefromlist": "सूची से निकालें",
    "deletebroadcast": "ब्रॉडकास्ट डिलीट करें",
    "broadcasticondlted": "ब्रॉडकास्ट ग्रुप आइकॉन आपके द्वारा डिलीट किया गया है",
    "broadcasticonupdtd": "ब्रॉडकास्ट ग्रुप आइकॉन आपके द्वारा बदला गया है",
    "senttorecp": "सभी प्राप्तकर्ताओं को भेजा गया:",
    "norecp": "भेजने के लिए कोई प्राप्तकर्ता उपलब्ध नहीं है",
    "tapforbroadcastinfo": "ब्रॉडकास्ट जानकारी के लिए यहां टैप करें",
    "createdbroadcast": "ब्रॉडकास्ट सूची बनाई गई है",
    "erroraddingbroadcast": "उपयोगकर्ताओं को ब्रॉडकास्ट में जोड़ने में त्रुटि. कृपया पुन: प्रयास करें!",
    "erroroccured": "लोड करते समय त्रुटि हुई। कृपया ऐप को फिर से स्टार्ट करें",
    "selectsinglecontact": "संपर्क चुनें",
    "disabled": "यह सुविधा अस्थायी रूप से एडमिन द्वारा अक्षम की गई है",
    "uploading": "अपलोड हो रहा है...",
    "createbroadcast": "ब्रॉडकास्ट बनाएँ",
    "setbroadcastdetails": "ब्रॉडकास्ट विवरण सेट करें",
    "bothuseradmin": "उपयोगकर्ता और व्यवस्थापक दोनों के संदेशों की अनुमति है",
    "onlyadmin": "केवल व्यवस्थापक के संदेशों की अनुमति है",
    "generatingthumbnail": "थंबनेल बन रहा है।",
    "text": "टेक्स्ट",
    "endtoendencryption": "एंड-टू-एंड एन्क्रिप्शन",
    "maxfilesize": "फ़ाइल साइज़ कम होनी चाहिए",
    "selectedfilesize": "चयनित फ़ाइल का साइज़ है",
    "norecentchats": "हाल ही में कोई चैट नहीं",
    "forward": "फॉरवर्ड",
    "you": "आप",
    "selectcontactstoforward": "अग्रेषित करने के लिए चुनें",
    "forwarded": "अग्रेषित",
    "sending": "भेजा जा रहा है",
    "maxnooffiles": "फ़ाइलों की अधिकतम संख्या का चयन किया जा सकता है : ",
    "filesizeexceeded": "एक या अधिक फ़ाइल आकार अनुमत अधिकतम आकार से अधिक है",
    "selectcontacttoshare": "साझा करने के लिए चुनें",
    "maxallowed": "अधिकतम अनुमत :",


    "latest_credits":"नवीनतम क्रेडिट",
    "latest_debits":"नवीनतम डेबिट",
    "see_all": "सभी देखें",
    "hide": "छिपाना",
    "deposits": "जमा",
    "notifications": "सूचनाएं",
    "transactions": "लेनदेन",
    "hello": "नमस्ते",
    "user": "उपयोगकर्ता",
    "account_number": "खाता संख्या",
    "available_balance": "उपलब्ध शेष राशि",
    "withdraw": "निकालना",
    "scan_code": "स्कैन कोड",
    "scan_this_QR_code_to_get_transaction": "लेन-देन पाने के लिए इस क्यूआर कोड को स्कैन करें",
    "scan_qr_code": "स्कैन क्यू आर कोड",
    "qr_Barcode": "क्यूआर/बारकोड",
    "doubleTapToGoBack": "वापस जाने के लिए दो बार टैप करें",
    "pleaseEnterValidEmail": "कृपया एक मान्य ईमेल पता प्रवेश करें",
    "emailCannotBeEmpty": "ईमेल खाली नहीं हो सकता!",
    "theUsernameMustBe6Characters": "उपयोगकर्ता नाम कम से कम 6 वर्णों का होना चाहिए",
    "pleaseEnterLessAmountThenWalletAmount": "कृपया कम राशि दर्ज करें फिर वॉलेट राशि",
    "pleaseEnterValidAmount": "कृपया मान्य राशि दर्ज करें",
    "paymentIntentIdCopieToClipboard": "भुगतान आशयId को क्लिपबोर्ड पर कॉपी किया गया",
    "walletNumber": "वॉलेट नंबर",
    "noCreditRecordFound": "कोई क्रेडिट रिकॉर्ड नहीं मिला।",
    "noDebitRecordFound.": "कोई डेबिट रिकॉर्ड नहीं मिला।",
    "copy": "प्रतिलिपि",
    "to": "प्रति :",
    "oK": "ठीक है",
    "transactionID": "लेन-देन आईडी:",
    "transactionDetails": "लेनदेन का विवरण",
    "transactionType": "सौदे का प्रकार :",
    "depositRecordNotFound": "जमा रिकॉर्ड नहीं मिला।",
    "transactionRecordNotFound": "लेन-देन रिकॉर्ड नहीं मिला।",
    "withdrawRecordNotFound.": "निकासी रिकॉर्ड नहीं मिला।",
    "payment": "भुगतान",
    "enterAmount": "राशी डालें",
    "payViaCard": "कार्ड के माध्यम से भुगतान करें",
    "payViaWallet": "वॉलेट के माध्यम से भुगतान करें",
    "pleaseWait": "कृपया प्रतीक्षा करें...",
    "enterYourEmail": "अपना ईमेल दर्ज करें",
    "register": "रजिस्टर करें",
    "saveThisTransactionIdForFuture": "भविष्य के लिए इस ट्रांजेक्शन आईडी को सेव करें",
    "amountWillBeRefundWithinWorkingDays,": "राशि 6 से 8 कार्य दिवसों के भीतर वापस कर दी जाएगी,",
    "pleaseContactOurCustomerCare": "कृपया हमारे ग्राहक सेवा से संपर्क करें,",
    "doNotPressBackLeaveAppWhileDoingTransaction": "लेन-देन करते समय वापस न दबाएं या ऐप को न छोड़ें",
    "addToWallet": "वॉलेट में जोड़ें",
    "addAmountIntoWallet": "वॉलेट में राशि जोड़ें",


    "lblLanguage":"बोली",
    "lblUpdateIngredient":"अद्यतन घटक",
    "lblAddIngredient":"घटक जोड़ें",
    "lblName":"नाम",
    "lblCancel":"रद्द करें",
    "lblUpdate":"अद्यतन",
    "lblAdd":"जोड़ें",
    "lblPleaseAddIngredient":"कृपया घटक जोड़ें",
    "lblNew":"नया",
    "lblCategories":"श्रेणियाँ",
    "lblLongPressOnCategoryForMoreOptions":"अधिक विकल्पों के लिए श्रेणी पर लंबे समय तक दबाएं।",
    "lblA":"ए",
    "lblAll":"सभी",
    "lblChooseCurrencySymbol":"मुद्रा प्रतीक चुनें",
    "lblSelect":"चुनते हैं",
    "lblCamera":"कैमरा",
    "lblGallery":"गेलरी",
    "lblForgetPassword":"पासवर्ड भूल गया?",
    "lblEnterYouEmail":"एक रीसेट पासवर्ड लिंक ऊपर दर्ज किए गए ईमेल पते पर भेजा जाएगा",
    "lblEmail":"ईमेल",
    "lblEnterValidEmail":"मान्य ईमेल दर्ज करें",
    "lblResetPassword":"पासवर्ड रीसेट",
    "lblResetPasswordLinkHasSentYourMail":"रीसेट पासवर्ड लिंक ने आपका मेल भेजा है",
    "lblEnable":"सक्षम",
    "lblDisable":"अक्षम करना",
    "lblTextForDeletingCategory":"यदि आप इस श्रेणी को हटाते हैं, तो इसके सभी मेनू हटा दिए जाएंगे। क्या आप अभी भी इस श्रेणी को मिटाना चाहते हैं?",
    "lblWrongSelection":"गलत चयन",
    "lblEdit":"संपादित करें",
    "lblDelete":"हटाएं",
    "lblSpicy":"मसालेदार",
    "lblJain":"जैन",
    "lblSpecial":"विशेष",
    "lblPopular":"लोकप्रिय",
    "lblShowMore":"और दिखाओ",
    "lblShowLess":"कम दिखाएं",
    "lblFoodItems":"खाद्य वस्तुओं",
    "lblMenuItems":"विकल्प सूची की चीज़ें",
    "lblNoMenuFor":"के लिए कोई मेनू नहीं",
    "lblCategory":"श्रेणी",
    "lblNoData":"कोई आकड़ा उपलब्ध नहीं है",
    "lblLight":"रोशनी",
    "lblDark":"अंधेरा",
    "lblSystemDefault":"प्रणालीगत चूक",
    "lblSelectYourTheme":"अपनी थीम का चयन करें",
    "lblAbout":"ऐप के बारे में",
    "lblRestaurantQRMenu":"क्यूआर मेनू",
    "lblVersion":"संस्करण",
    "lblAboutScreenText":"क्यूआर मेनू एक अच्छी तरह से सुसज्जित फ्टरर ऐप है। उपयोगकर्ता के अंत में, यह उपयोगकर्ता को वेटर का सामना किए बिना रेस्तरां के मेनू को देखने का एक आसान तरीका प्रदान करता है। यह मेनू देखने की प्रक्रिया की एक आसान, प्रबंधनीय और ऑन-द-गो तरीका प्रदान करता है। जबकि, रेस्तरां मालिक के अंत में, ऐप रेस्तरां, खाद्य श्रेणियों और मेनू का प्रबंधन करने के लिए एक पारंपरिक और आसानी से प्रबंधनीय विधि प्रदान करता है",
    "lblPurchase":"खरीदना",
    "lblAddImage":"छवि जोड़ें",
    "lblChooseAnAction":"एक कार्रवाई चुनें",
    "lblAddCategory":"कैटेगरी जोड़े",
    "lblDoYouWantToUpdate":"क्या आप अपडेट करना चाहते हैं",
    "lblDoYouWantToAddThisCategory":"क्या आप इस श्रेणी को जोड़ना चाहते हैं",
    "lblDescription":"विवरण",
    "lblAddMenuItem":"मेनू आइटम जोड़ें",
    "lblDoYouWantToDelete":"क्या आप हटाना चाहते हैं",
    "lblDoYouWantToAddThisMenuItem":"क्या आप इस मेनू आइटम को जोड़ना चाहते हैं",
    "lblPleaseChooseCategory":"कृपया श्रेणी चुनें",
    "lblChooseCategory":"श्रेणी का चयन करें",
    "lblPrice":"कीमत",
    "lblIngredients":"अवयव",
    "lblNewDescription":"अपने स्वाद कलियों को झुकाव के लिए पकाए गए नए व्यंजनों और व्यंजनों के अनन्य चयन का अन्वेषण करें",
    "lblVeg":"शाकाहारी",
    "lblVegDescription":"सब्जियों के विदेशी संग्रह से चुनें, हलचल और sautéed फेंक दिया और पूर्णता के साथ पकाया",
    "lblSpicyDescription":"गर्म और तेजस्वी, यदि आप मसालेदार व्यंजन के प्रशंसक हैं, तो व्यंजनों की विशेष मसालेदार श्रृंखला देखें।",
    "lblJainDescription":"अपनी खाद्य प्राथमिकताओं को पूरा करना हमारा लक्ष्य है, अपने आदर्श को खोजने के लिए एक समर्पित जैन खाद्य मेनू का पता लगाएं",
    "lblSpecialDescription":"यदि आपने व्यंजनों के हमारे उत्तम संग्रह की कोशिश नहीं की है, तो हमारे विशेष मेनू पर याद न करें जो आपके लिए सभी परोसा जाता है।",
    "lblSweet":"मिठाई",
    "lblSweetDescription":"मिठाई के बिना एक भोजन अपूर्ण है, हमारे सबसे प्यारे मिठाई संग्रह के साथ अपनी इंद्रियों को टैंटलाइज़ करें",
    "lblPopularDescription":"सुनिश्चित नहीं है कि आदेश क्या है? अत्यधिक अनुशंसित या बेस्टसेलर और सबसे लोकप्रिय व्यंजनों और व्यंजनों की जांच करें",
    "lblAddLogoImage":"लोगो छवि जोड़ें",
    "lblAddRestaurantImage":"डीडी रेस्तरां छवि",
    "lblUpdateRestaurant":"अद्यतन रेस्तरां",
    "lblAddRestaurant":"रेस्तरां जोड़ें",
    "lblDoYouWantToUpdateRestaurant":"क्या आप रेस्तरां अपडेट करना चाहते हैं",
    "lblDoYouWantToAddRestaurant":"क्या आप रेस्तरां जोड़ना चाहते हैं",
    "lblType":"प्रकार",
    "lblNonVeg":"मासाहारी",
    "lblContact":"संपर्क",
    "lblCurrency":"मुद्रा",
    "lblNewItemValidity":"नई वस्तु वैधता",
    "lblAddress":"पता",
    "lblPasswordSuccessfullyChanged":"पासवर्ड सफलतापूर्वक बदल दिया है",
    "lblOldPassword":"पुराना पासवर्ड",
    "lblOldPasswordIsNotCorrect":"पुराना पासवर्ड सही नहीं है",
    "lblNewPassword":"नया पासवर्ड",
    "lblConfirmPassword":"पासवर्ड की पुष्टि कीजिये",
    "lblPasswordLengthShouldBeMoreThanSix":"पासवर्ड की लंबाई छह से अधिक होनी चाहिए",
    "lblBothPasswordShouldBeMatched":"दोनों पासवर्ड से मेल खाना चाहिए",
    "lblOldPasswordShouldNotBeSameAsNewPassword":"पुराना पासवर्ड नए पासवर्ड के समान नहीं होना चाहिए",
    "lblSave":"सहेजें",
    "lblHello":"नमस्ते",
    "lblMyItems":"मेरे आइटम",
    "lblNoRestaurant":"कोई रेस्तरां नहीं",
    "lblDataUpdated":"डेटा अद्यतन",
    "lbDoYouWantToUpdateProfile":"क्या आप प्रोफ़ाइल अपडेट करना चाहते हैं",
    "lblEditProfile":"प्रोफ़ाइल संपादित करें",
    "lblNumber":"संख्या",
    "lblTryAgain":"पुनः प्रयास करें",
    "lblQR":"क्यूआर",
    "lblScanForOurOnlineMenu":"हमारे ऑनलाइन मेनू के लिए स्कैन करें",
    "lblUhOhSomethingWentWrong":"उह ओह! कुछ गलत हो गया",
    "lblScanned":"स्कैन किया",
    "lblWrongQRCode":"गलत QR कोड",
    "lblNoPermission":"अनुमति नहीं",
    "lblDoYouWantToDeleteRestaurant":"क्या आप रेस्तरां को हटाना चाहते हैं",
    "lblSettings":"समायोजन",
    "lblChangePassword":"पासवर्ड बदलें",
    "lblUserLoginWithSocialAccountCannotChangeThePassword":"सामाजिक खाते के साथ उपयोगकर्ता लॉगिन पासवर्ड नहीं बदल सकता है",
    "lblDarkMode":"डार्क मोड",
    "lblPrivacyPolicy":"गोपनीयता नीति",
    "lblRateUs":"हमें रेटिंग दें",
    "lblTerms":"नियम एवं शर्तें",
    "lblShare":"ऐप शेयर करें",
    "lblLogout":"लॉग आउट",
    "lblAreYouSureYouWantToLogout":"क्या आप लॉग आउट करना चाहते हैं",
    "lblVisitAgain":"पुनः पधारें",
    "lblPleaseEnterYourEmail":"अपना ईमेल दर्ज करें",
    "lblPleaseEnterYourPassword":"अपना पासवर्ड दर्ज करें",
    "lblPassword":"पासवर्ड",
    "lblForgotPassword":"पासवर्ड भूल गए",
    "lblSignIn":"साइन इन करें",
    "lblDontHaveAnAccount":"डॉन 'एक खाता है",
    "lblCreateAccountHere":"यहां खाता बनाएं",
    "lblOR":"या",
    "lblSignUp":"साइन अप करें",
    "lblPleaseEnterName":"कृपया नाम दर्ज करें",
    "lblPleaseEnterPhoneNumber":"कृपया फोन नंबर दर्ज करें",
    "lblPhoneNumber":"फ़ोन नंबर",
    "lblPleaseEnterEmail":"कृपया ईमेल दर्ज करें",
    "lblPleasEnterPassword":"पट्टा पासवर्ड दर्ज करें",
    "lblAlreadyHaveAccount":"पहले से ही खाता है",
    "lblSignInHere":"यहां साइन इन करो",
    "lblGoPaperless":"पेपरलेस मेनू सिस्टम जाओ",
    "lblGoPaperlessWithOurDigitalMenu":"क्यूआर मेनू ऐप का जादू आपको स्क्रीन फीचर पर तत्काल मेनू के साथ पेपरलेस जाने की अनुमति देता है। प्रौद्योगिकी द्वारा संचालित एक भविष्य के तैयार मेनू का निर्माण!",
    "lblGetStarted":"शुरू हो जाओ",
    "lblWaitToScan":"स्कैन करने की प्रतीक्षा करें",
    "lblUserAlreadyRegisterWithEmail":"उपयोगकर्ता पहले ही ईमेल के साथ पंजीकृत है",
    "lblWrongURL":"गलत यूआरएल",
    "lblRemoveImage":"छवि निकालें",
    "lblSelectLanguage":"भाषा चुने",
    "lblSelectTheme":"चुनिंदा विषय",
    "lblChangeRestaurantImage":"रेस्तरां छवि बदलें",
    "lblChangeLogoImage":"लोगो छवि बदलें",
    "lblSelectThemeDesc":"अपने ग्राहकों को एकाधिक ऐप थीम विकल्पों के साथ निर्बाध ब्रांड अनुभव प्रदान करें जो अनुकूलन योग्य और रचनात्मक क्षमता से भरा है।",
    "lblSelectLanguageDesc":"भाषा वैयक्तिकरण एक बात है और सभी नए रेस्तरां क्यूआर मेनू ऐप के साथ आपकी पसंदीदा भाषा में मेनू होने से अधिक जानकारी प्राप्त कर सकते हैं।",
    "lblRestaurant":"रेस्टोरेंट",
    "lblClickHere":"यहां क्लिक करें",
    "lblForScanner":"स्कैनर के लिए",
    "lblAddYourBusinessOrServicehere":"यहां अपना व्यवसाय या सेवा जोड़ें +",
    "lblPayViaWalletNumber": "वॉलेट नंबर के माध्यम से भुगतान करें",
    "lblPayViaQRCode": "क्यूआर कोड के माध्यम से भुगतान करें",
    "lblEnterWalletNumber": "वॉलेट नंबर दर्ज करें",
    "lblEnterAmount": "राशी डालें",
    "lblPleaseEnterTheValidWalletNumber": "कृपया मान्य वॉलेट नंबर दर्ज करें",
    "lblUserCouldNotSendYourWalletNumber": "उपयोगकर्ता आपका वॉलेट नंबर नहीं भेज सका",
    "lblTransferredFromMyWallet": "मेरे बटुए से स्थानांतरित",
    "news": " 📰 समाचार",
    "lblTo": "प्रति",
    "lblFrom": "से",
    "lblSmallTo": "प्रति",
    "lblSmallFrom": "से",
    "lblReceived": "प्राप्त"
}