{
    "name_hint": "Masukkan nama Anda",
    "enter_fullname": "Nama lengkap",
    "enter_mobilenumber": "Nomor handphone",
    "sendsmscode": "Kirim Kode SMS untuk memverifikasi nomor Anda",
    "sendverf": "Kirim kode verifikasi",
    "welcometo": "Selamat Datang di ",
    "enter_verfcode": "Masukkan Kode SMS yang dikirim ke ",
    "sending_code": "Mengirim Kode SMS ke ",
    "back": "kembali",
    "verify_otp": "Kode verifikasi",
    "auth_needed": "Otentikasi diperlukan untuk membuka kunci Pengaturan",
    "auth_neededchat": "Otentikasi diperlukan untuk membuka kunci Obrolan",
    "lp_setalias": "Tekan lama pada obrolan untuk menyetel alias.",
    "swipehide": "Geser ke bawah lagi untuk menyembunyikannya",
    "swipeview": "Geser layar ke bawah untuk melihat obrolan tersembunyi.",
    "loved": "Suka aplikasinya? Beri nilai aplikasi",
    "loadingfailed": "Gagal Memuat ! Harap mulai ulang aplikasi",
    "setup": "Penyiapan Server Selesai! Harap mulai ulang aplikasi",
    "signin": "Masuk",
    "updateavl": "Pembaruan Aplikasi Tersedia",
    "updateavlmsg": "Tersedia versi aplikasi yang lebih baru. Anda harus memperbarui aplikasi untuk terus menggunakannya.",
    "updatnow": "Memperbarui sekarang",
    "selectcontact": "Pilih Kontak untuk Dibagikan",
    "searchcontact": "Cari Kontak",
    "perm_contact": "Izin untuk mengakses kontak diperlukan untuk terhubung dengan orang yang Anda kenal.",
    "nosearchresult": "Tidak ada hasil pencarian",
    "search": "Cari",
    "searchuser": "Cari Pengguna",
    "validnum": "Harap masukkan nomor yang valid  ",
    "chatws": "Mengobrol tanpa Menyimpan nomor",
    "notexist": " tidak ada di ",
    "invite": "Undang Pengguna",
    "waitingpeer": "Menunggu rekan Anda untuk bergabung dalam obrolan.",
    "msgnotload": "Pesan tidak dapat dimuat",
    "convended": "Percakapan Berakhir",
    "usernotjoined": "Pengguna tidak bergabung",
    "msg": "Pesan",
    "pickdoc": "Pilih Dokumen",
    "plswait": "Mohon tunggu beberapa detik!",
    "sent": "pesan telah terkirim ",
    "doc": "Dokumen",
    "pickvideo": "Pilih Video",
    "video": "Video",
    "pickimage": "Pilih Gambar",
    "image": "Gambar",
    "record": "Suara rekaman",
    "audio": "Audio",
    "location": "Lokasi",
    "contact": "Kontak",
    "accept": "Menerima undangan :",
    "acpt": "Menerima",
    "rjt": "Menolak",
    "unlck": "Buka blokir obrolan ke Bagikan Media",
    "typmsg": "Ketik pesan",
    "savedconv": "Percakapan Tersimpan",
    "unread": " pesan yang belum dibaca",
    "nosave": "Tidak ada pesan yang disimpan.",
    "unblock": "Batalkan pemblokiran",
    "unblocked": "Dibebaskan!",
    "hidechat": "Sembunyikan Obrolan",
    "unhidechat": "Perlihatkan Obrolan!",
    "cancel": "Membatalkan",
    "sayhi": "Katakan Hai!",
    "today": "Hari ini",
    "yesterday": "Kemarin",
    "lastseen": "Terakhir terlihat pada",
    "typing": "mengetik ...",
    "online": "on line",
    "loading": "Memuat ...",
    "pmc": "Izin untuk mengakses Mikrofon & kamera diperlukan untuk Memulai.",
    "vsmsg": "Geser ke kiri pada layar untuk melihat pesan yang disimpan.",
    "drag": "Seret pesan teman Anda dari kiri ke kanan untuk mengakhiri percakapan hingga pesan itu.",
    "unlockchat": "Buka Kunci Obrolan",
    "lockchat": "Kunci Obrolan",
    "setwall": "Memasang wallpaper",
    "removewall": "Hapus Wallpaper",
    "showtutor": "Tunjukkan Tutorial",
    "search_recentchats": "Cari Obrolan Terbaru",
    "recentchats": "Obrolan Terbaru",
    "chats": "Obrolan",
    "calls": "Panggilan",
    "profile": "Profil",
    "rate": "Beri nilai aplikasi",
    "share": "Bagikan aplikasi",
    "feedback": "Umpan balik",
    "tutorials": "Tutorial",
    "tnc": "Syarat & Ketentuan",
    "pp": "Rahasia pribadi",
    "logout": "Keluar",
    "unblockchat": "Buka blokir Obrolan",
    "blockchat": "Blokir Obrolan",
    "submit": "Kirimkan",
    "saved": "Diselamatkan !",
    "save": "Menyimpan",
    "validdetails": "Masukkan detail yang valid",
    "status": "Status",
    "setpasscode": "Atur kode sandi sebelum melanjutkan.",
    "enterpass": "Masukkan kode sandi",
    "delete": "Menghapus",
    "done": "Selesai",
    "newans": "Tolong berikan jawaban baru!",
    "ansempty": "Jawaban tidak boleh kosong!",
    "quesempty": "Pertanyaan tidak boleh kosong!",
    "sans": "Jawaban keamanan",
    "sques": "pertanyaan keamanan",
    "setpass": "Setel Kode Sandi",
    "makesureotp": "Pastikan Nomor Telepon / Kode Verifikasi Anda benar dan coba lagi nanti.",
    "setpasslong": "Perintah berikut ini digunakan untuk mengatur ulang kode sandi Anda jika Anda lupa. Susun pertanyaan yang hanya bisa Anda jawab. Jadilah kreatif dan pilih jawaban yang sulit ditebak.",
    "welcomeback": "Selamat datang kembali !",
    "failedlogin": "Gagal untuk masuk!",
    "entervalidmob": "Harap masukkan nomor yang valid.",
    "nameem": "Nama tidak boleh kosong!",
    "correctotp": "Masukkan Kode yang Benar",
    "authfailed": "Otentikasi gagal !",
    "authh": "Autentikasi",
    "trylater": "Silakan coba lagi nanti!",
    "incomingaudio": "Panggilan Audio Masuk ...",
    "incomingvideo": "Panggilan Video Masuk ...",
    "startchat": "Mulailah Mengobrol dengan menekan tombol di kanan bawah!",
    "nochats": "Tidak ada obrolan yang ditemukan!",
    "clearlog": "Hapus log Panggilan?",
    "clearloglong": "Apakah Anda ingin menghapus semua log panggilan?",
    "allav": "Semua riwayat panggilan Video & Audio akan ditampilkan di sini.",
    "nocalls": "Tidak ada panggilan",
    "picked": "Telepon diangkat",
    "voice": "Panggilan suara",
    "muted": "Perangkat sesama dibisukan",
    "connecting": "Menghubungkan ...",
    "calling": "Menelepon ...",
    "oncall": " Dalam panggilan",
    "callended": "Panggilan Berakhir!",
    "callrejected": "Panggilan ditolak!",
    "ps": "Izin untuk mengakses Penyimpanan diperlukan untuk mengunduh File.",
    "psac": "Izin untuk mengakses Penyimpanan diperlukan untuk Memilih File.",
    "eps": "Error Occured while Downloading",
    "folder": "File yang diunduh di Folder: ",
    "pms": "Izin untuk mengakses penyimpanan diperlukan untuk menyimpan foto ke ponsel Anda.",
    "removealias": "Hapus Alias",
    "setalias": "Setel Alias",
    "aliasname": "Nama alias",
    "clocktime": "Waktu jam Anda tidak sinkron dengan waktu server. Harap setel hak tersebut untuk melanjutkan.",
    "letschat": "Ayo ngobrol ",
    "joinme": "Bergabunglah dengan saya di",
    "pgv": "Izin untuk mengakses Galeri diperlukan untuk memilih Video.",
    "pcv": "Izin untuk mengakses Kamera diperlukan untuk memilih Video.",
    "pgi": "Izin untuk mengakses Galeri diperlukan untuk memilih Foto",
    "pci": "Izin untuk mengakses Kamera diperlukan untuk memilih Foto",
    "pm": "Izin untuk mengakses Mikrofon diperlukan untuk Memulai.",
    "forgotpassword": "Tidak ingat kata sandi ?",
    "updatesecurity": "Perbarui Keamanan",
    "wrongans": " Jawaban yang salah",
    "hardguess": "Gunakan kode sandi yang sulit ditebak.",
    "takeimage": "Take an Image to start",
    "takefile": "Ambil File untuk memulai",
    "close": "Menutup",
    "sendingrecord": "Mengirim Rekaman ... harap tunggu!",
    "sendrecord": "Kirim Rekaman",
    "audiorecorder": "Perekam suara",
    "playingrecording": "Memutar Rekaman",
    "recording": "Merekam ...",
    "recorderstopped": "Perekam Dihentikan!",
    "mediamssgnotallowed": "Pengiriman Pesan Media untuk sementara dinonaktifkan oleh admin",
    "textmssgnotallowed": "Pengiriman Pesan Teks untuk sementara dinonaktifkan oleh admin",
    "callnotallowed": "Fitur panggilan telah dinonaktifkan sementara oleh admin",
    "failedtoconfigure": "Gagal mengonfigurasi aplikasi. Harap mulai ulang aplikasi",
    "logindisabled": "Fitur login untuk sementara dinonaktifkan oleh admin",
    "allnotifications": "Pemberitahuan",
    "newnotifications": "Notifikasi baru diterima",
    "nonotifications": "Tidak ada pemberitahuan",
    "copy": "Salinan",
    "agree": "Dengan melanjutkan, Anda setuju dengan",
    "ntm": "Pesan baru",
    "nim": "📷 Foto",
    "nvm": "🎥 Video",
    "nam": "🎙️ Rekaman",
    "ncm": "👤 Kontak dibagikan",
    "ndm": "📄 Dokumen",
    "nlm": "📍 Lokasi saat ini dibagikan",
    "niac": "📞 Panggilan Audio Masuk",
    "nivc": "🎥 Panggilan Video Masuk",
    "ce": "Panggilan Berakhir",
    "mc": "Panggilan tidak terjawab",
    "aorc": "Terima Atau Tolak Panggilan",
    "cr": " Panggilan ditolak",
    "dltscs": "Berhasil Dihapus",
    "dltstatus": "Hapus Status",
    "myactstatus": "Status Aktif Saya",
    "nostatus": "Tidak Ada Status di Kontak Tersimpan Anda",
    "rcntupdates": "Pembaruan Terbaru",
    "mystatus": "Status saya",
    "taptoupdtstatus": "Ketuk untuk menambahkan pembaruan status",
    "createstatus": "Buat Status",
    "taptoview": "Ketuk untuk melihat",
    "viewedby": "Dilihat oleh",
    "typeacaption": "Ketik deskripsi",
    "settingsoption": "Pengaturan",
    "myprofile": "Profil saya",
    "editprofile": "Sunting profil",
    "changednp": "Ubah Nama Tampilan & Foto",
    "givesuggestions": "Berikan Saran tentang aplikasi",
    "leavereview": "Tinggalkan ulasan Anda",
    "pmtevents": "Acara & Pemberitahuan Promosi",
    "abiderules": "Patuhi Aturan",
    "processdata": "Cari tahu bagaimana kami memproses data Anda",
    "recipients": "Penerima",
    "participants": "Peserta",
    "about": "Tentang",
    "encryption": "Enkripsi",
    "encryptionshort": "Pesan dan Panggilan dienkripsi ujung-ke-ujung",
    "newbroadcast": "Broadcast baru",
    "newgroup": "Grup baru",
    "admin": "Admin",
    "setasadmin": "Tetapkan sebagai Admin",
    "removeasadmin": "Hapus sebagai Admin",
    "remove": "Menghapus",
    "removefromgroup": "Hapus dari Grup",
    "leavegroup": "Keluar dari grup",
    "unabletoleavegrp": "Tidak Dapat Keluar dari Grup. Silakan coba lagi",
    "leftthegroup": "telah meninggalkan grup",
    "leave": "Meninggalkan",
    "deletegroup": "Hapus Grup",
    "nodesc": "Tidak ada deskripsi yang ditambahkan",
    "desc": "Deskripsi",
    "grpicondeletedby": "Ikon grup dihapus oleh",
    "grpiconchangedby": "Ikon grup diubah oleh",
    "createdby": "Dibuat oleh",
    "createdbyu": "Dibuat oleh Anda",
    "removedbyadmin": "dihapus oleh Admin",
    "hasremoved": "dihapus",
    "confirm": "memastikan",
    "deletedgroup": "Grup ini telah dihapus oleh admin ATAU Anda telah dikeluarkan dari grup ini",
    "onlyadminsend": "🔒 Hanya admin yang dapat mengirim pesan di Grup ini",
    "tapherefrgrpinfo": "Ketuk di sini untuk Info Grup",
    "detectingloc": "Deteksi Lokasi",
    "download": "UNDUH",
    "preview": "Pratinjau",
    "msgdeleted": "Pesan dihapus",
    "dltforeveryone": "Hapus untuk Semua Orang",
    "dltforme": "Hapus untuk Saya",
    "youleftthegroup": "Anda keluar dari Grup",
    "uhaveadded": "Anda telah menambahkan",
    "youhaveremoved": "Anda telah menghapus",
    "youremovedgrpicon": "Anda telah menghapus Ikon Grup",
    "hasremovedgrpicon": "telah menghapus ikon Grup",
    "youupdatedgrpicon": "Anda telah memperbarui Ikon Grup",
    "hasupdatedgrpicon": "telah memperbarui ikon Grup",
    "youcreatedthisgroup": "Anda membuat Grup ini",
    "hascreatedthisgroup": "buat grup ini",
    "uhvupdatedgrpdetails": "Anda telah memperbarui detail Grup",
    "grpdetailsupdatebyadmin": "Detail grup diperbarui oleh Admin",
    "hasupdatedgrpdetails": "telah memperbarui detail Grup",
    "hasbeensetasadminbyu": "telah ditetapkan sebagai admin oleh Anda",
    "hvsetuasadmin": "telah menetapkan Anda sebagai Admin",
    "theyremoveduasadmin": "telah menghapus Anda sebagai Admin",
    "adminahasadded": "Admin menambahkan",
    "users": "Pengguna",
    "added": "Ditambahkan",
    "set": "set",
    "creategroup": "Grup baru",
    "editgroup": "Edit Grup",
    "groupname": "nama grup",
    "groupdesc": "Deskripsi Grup",
    "grouptype": "Tipe Grup",
    "adminhasadded": "Admin menambahkan",
    "youandother": "kamu & orang lain",
    "youareaddedtothisgrp": "Anda telah ditambahkan ke Grup ini",
    "fromadmin": "dari Admin",
    "asadmin": "sebagai Admin",
    "setgroup": "Tetapkan detail grup",
    "selected": "Terpilih",
    "selectcontacts": "Pilih Kontak untuk Ditambah",
    "errorcreatinggroup": "Kesalahan Menambahkan pengguna ke grup. Silakan coba lagi",
    "deleting": "sedang Menghapus",
    "deleted": "Dihapus",
    "blockbroadcast": "Blokir Broadcast ini",
    "blockedbroadcast": "Broadcast ini Diblokir",
    "copied": "disalin",
    "chatencryption": "Pesan & panggilan dienkripsi ujung ke ujung. Tidak ada seorang pun di luar obrolan ini yang dapat membacanya",
    "alreadydeleted": "Pesan ini telah dihapus oleh pengirim",
    "fileexists": "File sudah ada di folder",
    "downloading": "sedang Mengunduh",
    "broadcastupdatedbyadmin": "Detail Broadcast diperbarui oleh Admin",
    "uhaveupdatedbroadcast": "Anda telah memperbarui Detail Broadcast ",
    "updatedbroadcast": "telah memperbarui Detail Broadcast",
    "editbroadcast": "Sunting Broadcast",
    "broadcastname": "Nama Broadcast",
    "broadcastdesc": "Deskripsi Broadcast",
    "removefromlist": "Hapus dari Daftar",
    "deletebroadcast": "Hapus Broadcast",
    "broadcasticondlted": "Ikon Grup Broadcast dihapus oleh Anda",
    "broadcasticonupdtd": "Ikon Grup Broadcast diubah oleh Anda",
    "senttorecp": "Dikirim ke total penerima",
    "norecp": "Tidak ada penerima yang tersedia untuk dikirim",
    "tapforbroadcastinfo": "Ketuk di sini untuk Info Broadcast",
    "createdbroadcast": "Daftar Broadcast dibuat",
    "erroraddingbroadcast": "Kesalahan Menambahkan Pengguna ke Broadcast. Silakan coba lagi",
    "erroroccured": "Terjadi kesalahan saat memuat. Silakan mulai ulang Aplikasi",
    "selectsinglecontact": "Pilih Kontak",
    "disabled": "Fitur ini dinonaktifkan sementara oleh Admin",
    "uploading": "Mengunggah",
    "createbroadcast": "Buat Broadcast",
    "setbroadcastdetails": "Setel Detail Broadcast",
    "bothuseradmin": "Baik Pesan Pengguna & Admin Diizinkan",
    "onlyadmin": "Hanya pesan admin yang diizinkan",

    "generatingthumbnail": "Membuat Gambar Mini",
    "text": "Teks",
    "endtoendencryption": "Enkripsi ujung ke ujung",
    "maxfilesize": "File harus kurang dari",
    "selectedfilesize": "Ukuran file yang dipilih adalah",
    "norecentchats": "Maksimum yang diizinkan:",
    "forward": "Maju",
    "you": "Anda",
    "selectcontactstoforward": "Pilih untuk Meneruskan",
    "forwarded": "Diteruskan",
    "sending": "Mengirim...",
    "maxnooffiles": "Jumlah maksimum file dapat dipilih",
    "filesizeexceeded": "Satu atau lebih ukuran file melebihi Ukuran maksimum yang diizinkan",
    "selectcontacttoshare": "Pilih untuk Dibagikan",
    "maxallowed": "Maksimum yang diizinkan :",


    "latest_credits":"Kredit Terbaru",
    "latest_debits":"Debit Terbaru",
    "see_all": "Lihat semua",
    "hide": "Bersembunyi",
    "deposits": "Deposito",
    "notifications": "Pemberitahuan",
    "transactions": "Transaksi",
    "hello": "Halo",
    "user": "Pengguna",
    "account_number": "Nomor rekening",
    "available_balance": "Saldo Tersedia",
    "withdraw": "Menarik",
    "scan_code": "Pindai Kode",
    "scan_this_QR_code_to_get_transaction": "Pindai kode QR ini untuk mendapatkan Transaksi",
    "scan_qr_code": "Pindai kode QR",
    "qr_Barcode": "QR/Kode Batang",
    "doubleTapToGoBack": "Ketuk Dua Kali Untuk Kembali",
    "pleaseEnterValidEmail": "Tolong masukkan email yang benar",
    "emailCannotBeEmpty": "Email tidak boleh kosong!",
    "theUsernameMustBe6Characters": "Nama pengguna harus minimal 6 karakter",
    "pleaseEnterLessAmountThenWalletAmount": "Silakan masukkan jumlah yang lebih sedikit dari jumlah dompet",
    "pleaseEnterValidAmount": "Harap masukkan jumlah yang valid",
    "paymentIntentIdCopieToClipboard": "Pembayaran IntentId disalin ke clipboard",
    "walletNumber": "Nomor Dompet",
    "noCreditRecordFound": "Catatan Kredit Tidak Ditemukan.",
    "noDebitRecordFound.": "Catatan Debit Tidak Ditemukan.",
    "copy": "Salinan",
    "to": "Ke :",
    "oK": "oke",
    "transactionID": "ID transaksi :",
    "transactionDetails": "Detil transaksi",
    "transactionType": "Tipe transaksi :",
    "depositRecordNotFound": "Catatan Setoran Tidak Ditemukan.",
    "transactionRecordNotFound": "Catatan Transaksi Tidak Ditemukan.",
    "withdrawRecordNotFound.": "Tarik Catatan Tidak Ditemukan.",
    "payment": "Pembayaran",
    "enterAmount": "Masukan jumlah",
    "payViaCard": "Bayar melalui Kartu",
    "payViaWallet": "Bayar melalui Dompet",
    "pleaseWait": "Mohon tunggu...",
    "enterYourEmail": "Masukkan email Anda",
    "register": "Daftar",
    "saveThisTransactionIdForFuture": "Simpan id transaksi ini untuk masa mendatang",
    "amountWillBeRefundWithinWorkingDays,": "Jumlah akan dikembalikan dalam waktu 6 sampai 8 hari kerja,",
    "pleaseContactOurCustomerCare": "Silahkan hubungi customer care kami.",
    "doNotPressBackLeaveAppWhileDoingTransaction": "jangan menekan kembali atau meninggalkan aplikasi saat melakukan transaksi",
    "addToWallet": "Tambahkan Ke Dompet",
    "addAmountIntoWallet": "Tambahkan Jumlah ke Dompet",





    "lblLanguage":"Bahasa",
    "lblUpdateIngredient":"Perbarui bahan",
    "lblAddIngredient":"Tambahkan bahan",
    "lblName":"Nama",
    "lblCancel":"Membatalkan",
    "lblUpdate":"Memperbarui",
    "lblAdd":"Menambahkan",
    "lblPleaseAddIngredient":"Tolong tambahkan bahan",
    "lblNew":"Baru",
    "lblCategories":"Kategori",
    "lblLongPressOnCategoryForMoreOptions":"Tekan lama pada kategori untuk lebih banyak opsi.",
    "lblA":"A",
    "lblAll":"Semua",
    "lblChooseCurrencySymbol":"Pilih Simbol Mata Uang",
    "lblSelect":"Pilih",
    "lblCamera":"Kamera",
    "lblGallery":"Galeri",
    "lblForgetPassword":"Lupa Password?",
    "lblEnterYouEmail":"Tautan ulang kata sandi akan dikirim ke alamat email yang dimasukkan di atas",
    "lblEmail":"Surel",
    "lblEnterValidEmail":"Masuk kan email yang benar",
    "lblResetPassword":"Setel ulang kata sandi",
    "lblResetPasswordLinkHasSentYourMail":"Reset Tautan Kata Sandi telah mengirim email Anda",
    "lblEnable":"Memungkinkan",
    "lblDisable":"Cacat",
    "lblTextForDeletingCategory":"Jika Anda menghapus kategori ini, semua menu-nya akan dihapus. Apakah Anda masih ingin menghapus kategori ini?",
    "lblWrongSelection":"Pilihan yang salah",
    "lblEdit":"Edit",
    "lblDelete":"Menghapus",
    "lblSpicy":"Pedas",
    "lblJain":"Jain.",
    "lblSpecial":"Spesial",
    "lblPopular":"Populer",
    "lblShowMore":"Menampilkan lebih banyak",
    "lblShowLess":"Tampilkan lebih banyak",
    "lblFoodItems":"Makanan",
    "lblMenuItems":"Item menu",
    "lblNoMenuFor":"Tidak ada menu untuk",
    "lblCategory":"kategori",
    "lblNoData":"Tidak ada data",
    "lblLight":"Lampu",
    "lblDark":"Gelap",
    "lblSystemDefault":"Sistem default",
    "lblSelectYourTheme":"Pilih tema Anda",
    "lblAbout":"Tentang App.",
    "lblRestaurantQRMenu":"Menu QR.",
    "lblVersion":"Versi: kapan",
    "lblAboutScreenText":"Menu QR adalah aplikasi flutter yang dilengkapi dengan baik. Pada akhirnya pengguna, ia menawarkan pengguna dengan cara sederhana untuk melihat menu restoran tanpa berhadapan dengan pelayan. Ini menawarkan metodologi penglihatan menu yang mudah, dapat dikelola & saat bepergian. Sementara, pada pemilik restoran berakhir, aplikasi ini menawarkan metode konvensional dan mudah dikelola untuk mengelola restoran, kategori makanan, dan menu",
    "lblPurchase":"Pembelian",
    "lblAddImage":"Menambahkan gambar",
    "lblChooseAnAction":"Pilih suatu tindakan",
    "lblAddCategory":"Tambahkan kategori",
    "lblDoYouWantToUpdate":"Apakah Anda ingin memperbarui",
    "lblDoYouWantToAddThisCategory":"Apakah Anda ingin menambahkan kategori ini",
    "lblDescription":"Keterangan",
    "lblAddMenuItem":"Tambahkan item menu",
    "lblDoYouWantToDelete":"Apakah Anda ingin menghapus",
    "lblDoYouWantToAddThisMenuItem":"Apakah Anda ingin menambahkan item menu ini",
    "lblPleaseChooseCategory":"Silakan pilih kategori",
    "lblChooseCategory":"Pilih Kategori",
    "lblPrice":"Harga",
    "lblIngredients":"Bahan-bahan",
    "lblNewDescription":"Jelajahi pemilihan eksklusif hidangan baru dan hidangan yang dimasak untuk menggemukkan selera Anda",
    "lblVeg":"VEG.",
    "lblVegDescription":"Pilih dari koleksi eksotis sayuran, diaduk dan tumis dilemparkan dan dimasak dengan kesempurnaan",
    "lblSpicyDescription":"Panas dan mendesis, jika Anda seorang penggemar masakan pedas, lihat berbagai hidangan pedas spesial.",
    "lblJainDescription":"Katering untuk preferensi makanan Anda adalah tujuan kami, jelajahi menu makanan Jain khusus untuk menemukan yang sempurna",
    "lblSpecialDescription":"Jika Anda belum mencoba koleksi masakan kami yang indah, jangan lewatkan menu khusus kami yang disajikan semuanya untuk Anda.",
    "lblSweet":"Manis",
    "lblSweetDescription":"Makanan tanpa hidangan penutup tidak lengkap, menggoda indra Anda dengan koleksi makanan penutup termanis kami",
    "lblPopularDescription":"Tidak yakin apa yang harus dipesan? Lihatlah yang sangat dianjurkan atau buku terlaris dan masakan dan makanan lezat yang paling populer",
    "lblAddLogoImage":"Tambahkan gambar logo",
    "lblAddRestaurantImage":"DD Restaurant Image.",
    "lblUpdateRestaurant":"Perbarui restoran",
    "lblAddRestaurant":"Tambahkan restoran",
    "lblDoYouWantToUpdateRestaurant":"Apakah Anda ingin memperbarui restoran",
    "lblDoYouWantToAddRestaurant":"Apakah Anda ingin menambahkan restoran",
    "lblType":"Jenis",
    "lblNonVeg":"Non-Veg.",
    "lblContact":"Kontak",
    "lblCurrency":"Mata uang",
    "lblNewItemValidity":"Validitas barang baru",
    "lblAddress":"Alamat",
    "lblPasswordSuccessfullyChanged":"Kata sandi berhasil diubah",
    "lblOldPassword":"password lama",
    "lblOldPasswordIsNotCorrect":"Kata sandi lama tidak benar",
    "lblNewPassword":"kata sandi baru",
    "lblConfirmPassword":"konfirmasi sandi",
    "lblPasswordLengthShouldBeMoreThanSix":"Panjang kata sandi harus lebih dari enam",
    "lblBothPasswordShouldBeMatched":"Kedua kata sandi harus dicocokkan",
    "lblOldPasswordShouldNotBeSameAsNewPassword":"Kata sandi lama seharusnya tidak sama dengan kata sandi baru",
    "lblSave":"Menyimpan",
    "lblHello":"Halo",
    "lblMyItems":"Barang saya",
    "lblNoRestaurant":"Tidak ada restoran",
    "lblDataUpdated":"Data diperbarui",
    "lbDoYouWantToUpdateProfile":"Apakah Anda ingin memperbarui profil",
    "lblEditProfile":"Sunting profil",
    "lblNumber":"Nomor",
    "lblTryAgain":"Coba lagi",
    "lblQR":"QR.",
    "lblScanForOurOnlineMenu":"Memindai menu online kami",
    "lblUhOhSomethingWentWrong":"Uh oh! Ada yang salah",
    "lblScanned":"dipindai",
    "lblWrongQRCode":"Kode QR yang salah",
    "lblNoPermission":"Tidak ada izin",
    "lblDoYouWantToDeleteRestaurant":"Apakah Anda ingin menghapus restoran",
    "lblSettings":"Pengaturan",
    "lblChangePassword":"Ganti kata sandi",
    "lblUserLoginWithSocialAccountCannotChangeThePassword":"Login pengguna dengan akun sosial tidak dapat mengubah kata sandi",
    "lblDarkMode":"Mode gelap.",
    "lblPrivacyPolicy":"Kebijakan pribadi",
    "lblRateUs":"Nilai kami",
    "lblTerms":"Syarat & Ketentuan",
    "lblShare":"Bagikan aplikasi",
    "lblLogout":"Keluar",
    "lblAreYouSureYouWantToLogout":"Apakah Anda yakin ingin logout",
    "lblVisitAgain":"Kunjungi lagi",
    "lblPleaseEnterYourEmail":"Masukkan email Anda",
    "lblPleaseEnterYourPassword":"Silakan masukkan kata sandi Anda",
    "lblPassword":"Kata sandi",
    "lblForgotPassword":"Tidak ingat kata sandi",
    "lblSignIn":"Masuk",
    "lblDontHaveAnAccount":"Jangan punya akun",
    "lblCreateAccountHere":"Buat akun di sini",
    "lblOR":"ATAU",
    "lblSignUp":"Daftar",
    "lblPleaseEnterName":"Silakan masukkan nama",
    "lblPleaseEnterPhoneNumber":"Silakan masukkan nomor telepon",
    "lblPhoneNumber":"Nomor telepon",
    "lblPleaseEnterEmail":"Silakan masukkan email",
    "lblPleasEnterPassword":"Sewa masuk kata sandi",
    "lblAlreadyHaveAccount":"Sudah memiliki akun",
    "lblSignInHere":"Masuk di sini",
    "lblGoPaperless":"Pergi sistem menu tanpa kertas",
    "lblGoPaperlessWithOurDigitalMenu":"Magic of QR Menu App memungkinkan Anda untuk pergi tanpa kertas dengan menu instan pada fitur layar. Bangun menu siap siap didukung oleh teknologi!",
    "lblGetStarted":"Memulai",
    "lblWaitToScan":"Tunggu untuk memindai",
    "lblUserAlreadyRegisterWithEmail":"Pengguna sudah mendaftar dengan email",
    "lblWrongURL":"URL yang salah",
    "lblRemoveImage":"Hapus gambar",
    "lblSelectLanguage":"Pilih bahasa",
    "lblSelectTheme":"Pilih tema",
    "lblChangeRestaurantImage":"Ubah gambar restoran",
    "lblChangeLogoImage":"Ubah Gambar Logo",
    "lblSelectThemeDesc":"Tawarkan pengalaman merek mulus kepada pelanggan Anda dengan beberapa opsi tema aplikasi yang dapat dikustomisasi dan penuh dengan kemampuan kreatif.",
    "lblSelectLanguageDesc":"Personalisasi bahasa adalah sesuatu dan apa lagi yang dapat merasa dapat diakses dan mudah daripada memiliki menu dalam bahasa pilihan Anda dengan semua aplikasi menu QR restoran baru.",
    "lblRestaurant":"Restoran",
    "lblClickHere":"Klik disini",
    "lblForScanner":"Untuk pemindai",
    "lblAddYourBusinessOrServicehere":"Tambahkan bisnis atau layanan Anda di sini +",
    "lblPayViaWalletNumber": "Bayar melalui Nomor Dompet",
    "lblPayViaQRCode": "Bayar melalui Kode QR",
    "lblEnterWalletNumber": "Masukkan Nomor Dompet",
    "lblEnterAmount": "Masukan jumlah",
    "lblPleaseEnterTheValidWalletNumber": "Silakan Masukkan Nomor Dompet yang Valid",
    "lblUserCouldNotSendYourWalletNumber": "Pengguna tidak dapat mengirim nomor dompet Anda",
    "lblTransferredFromMyWallet": "Ditransfer dari dompet saya",
    "news": " 📰 BERITA",
    "lblTo": "Ke",
    "lblFrom": "Dari",
    "lblSmallTo": "ke",
    "lblSmallFrom": "dari",
    "lblReceived": "Diterima"
}