{
    "name_hint": "あなたの名前を入力してください",
    "enter_fullname": "フルネーム",
    "enter_mobilenumber": "携帯電話番号",
    "sendsmscode": "あなたの番号を確認するためにSMSコードを送信します",
    "sendverf": "確認コードを送信する",
    "welcometo": " ようこそ ",
    "enter_verfcode": "に送信されたSMSコードを入力してください ",
    "sending_code": "SMSコードをに送信する ",
    "back": "バック",
    "verify_otp": "コードを確認する",
    "auth_needed": "設定のロックを解除するには認証が必要です",
    "auth_neededchat": "チャットのロックを解除するには認証が必要です",
    "lp_setalias": "チャットを長押ししてエイリアスを設定します。",
    "swipehide": "もう一度下にスワイプして非表示にします",
    "swipeview": "画面を下にスワイプして、非表示のチャットを表示します。",
    "loved": "アプリが気に入りましたか？アプリを評価する ",
    "loadingfailed": "読み込みに失敗しました！アプリを再起動してください",
    "setup": "サーバーのセットアップが完了しました！アプリを再起動してください",
    "signin": "ログイン",
    "updateavl": "利用可能なアプリのアップデート",
    "updateavlmsg": "利用可能なアプリの新しいバージョンがあります。引き続き使用するには、アプリを更新する必要があります。",
    "updatnow": "今すぐアップデート",
    "selectcontact": "共有する連絡先を選択",
    "searchcontact": "連絡先を検索",
    "perm_contact": "知り合いとつながるには、連絡先へのアクセス許可が必要です。",
    "nosearchresult": "検索結果がありません",
    "search": "探す",
    "searchuser": "ユーザーの検索",
    "validnum": "有効な数値を入力してください  ",
    "chatws": "番号を保存せずにチャット",
    "notexist": " に存在しません ",
    "invite": "ユーザーを招待する",
    "waitingpeer": "ピアがチャットに参加するのを待っています。",
    "msgnotload": "メッセージを読み込めません",
    "convended": "会話が終了しました",
    "usernotjoined": "ユーザーが参加していません",
    "msg": "メッセージ",
    "pickdoc": "ドキュメントを選択",
    "plswait": "数秒お待ちください！",
    "sent": "メッセージを送りました",
    "doc": "資料",
    "pickvideo": "ビデオを選ぶ",
    "video": "ビデオ",
    "pickimage": "画像を選ぶ",
    "image": "画像",
    "record": "レコードオーディオ",
    "audio": "オーディオ",
    "location": "ロケーション",
    "contact": "連絡先",
    "accept": "招待を受ける ：",
    "acpt": "受け入れる",
    "rjt": "拒否する",
    "unlck": "メディアを共有するためにチャットのブロックを解除する",
    "typmsg": "メッセージを入力してください",
    "savedconv": "保存された会話",
    "unread": " 未読メッセージ",
    "nosave": "保存されたメッセージはありません。",
    "unblock": "ブロックを解除する",
    "unblocked": "ブロックを解除しました！ ",
    "hidechat": "チャットを隠す",
    "unhidechat": "チャットを再表示！",
    "cancel": "キャンセル",
    "sayhi": "こんにちは！ ",
    "today": "今日",
    "yesterday": "昨日",
    "lastseen": "最後に見たのは",
    "typing": "タイピング..。",
    "online": "オンライン",
    "loading": "読み込み中..。",
    "pmc": "起動するには、マイクとカメラへのアクセス許可が必要です。",
    "vsmsg": "画面を左にスワイプすると、保存されたメッセージが表示されます。",
    "drag": "友達のメッセージを左から右にドラッグして、そのメッセージまで会話を終了します。",
    "unlockchat": "チャットのロックを解除する",
    "lockchat": "チャットをロックする",
    "setwall": "壁紙を設定する",
    "removewall": "壁紙を削除する",
    "showtutor": "チュートリアルを表示",
    "search_recentchats": "最近のチャットを検索",
    "recentchats": "最近のチャット",
    "chats": "チャット",
    "calls": "呼び出し",
    "profile": "プロフィール",
    "rate": "アプリを評価",
    "share": "アプリを共有する",
    "feedback": "フィードバック",
    "tutorials": "チュートリアル",
    "tnc": "利用規約",
    "pp": "個人情報保護方針",
    "logout": "ログアウト",
    "unblockchat": "チャットのブロックを解除する",
    "blockchat": "チャットをブロックする",
    "submit": "参加する",
    "saved": "保存しました！",
    "save": "セーブ",
    "validdetails": "有効な詳細を入力してください",
    "status": "状態",
    "setpasscode": "続行する前にパスコードを設定してください。",
    "enterpass": "パスコードを入力してください",
    "delete": "削除",
    "done": "完了",
    "newans": "新しい答えを提供してください！",
    "ansempty": "答えを空にすることはできません！",
    "quesempty": "質問を空にすることはできません！",
    "sans": "セキュリティ回答",
    "sques": "秘密の質問",
    "setpass": "パスコードを設定する",
    "makesureotp": "電話番号/確認コードが正しいことを確認し、後で再試行してください",
    "setpasslong": "以下は、パスコードを忘れた場合にリセットするために使用されます。あなただけが答えることができる質問を組み立ててください。創造性を発揮し、推測しにくい答えを選んでください。",
    "welcomeback": "お帰りなさい ！",
    "failedlogin": "ログインに失敗しました！",
    "entervalidmob": "有効な数値を入力してください。",
    "nameem": "名前を空にすることはできません！",
    "correctotp": "正しいコードを入力してください",
    "authfailed": "認証に失敗しました ！",
    "authh": "認証",
    "trylater": "後でもう一度やり直してください！",
    "incomingaudio": "着信音声通話..。",
    "incomingvideo": "着信ビデオ通話..。",
    "startchat": "右下のボタンを押してチャットを始めましょう！",
    "nochats": "チャットが見つかりません！",
    "clearlog": "通話履歴をクリアしますか？",
    "clearloglong": "すべての通話履歴を削除しますか？",
    "allav": "すべてのビデオとオーディオの通話履歴がここに表示されます。",
    "nocalls": "通話なし",
    "picked": "ピックアップされた電話",
    "voice": "音声電話",
    "muted": "ピアデバイスがミュートされました",
    "connecting": "接続中..。",
    "calling": "呼び出し...",
    "oncall": "オンコール",
    "callended": "通話終了！",
    "callrejected": "着信拒否！",
    "ps": "ファイルのダウンロードに必要なストレージへのアクセス許可。",
    "psac": "ファイルの選択に必要なストレージへのアクセス許可。",
    "eps": "ダウンロード中にエラーが発生しました",
    "folder": "フォルダにダウンロードされたファイル：",
    "pms": "写真を携帯電話に保存するために必要なストレージにアクセスするための許可。",
    "removealias": "エイリアスを削除する",
    "setalias": "エイリアスの設定",
    "aliasname": "エイリアス名",
    "clocktime": "時計の時刻がサーバーの時刻と同期していません。続行するには、正しく設定してください。",
    "letschat": "チャットしましょう ",
    "joinme": "で私に参加",
    "pgv": "ビデオを選択するには、ギャラリーにアクセスするための許可が必要です。",
    "pcv": "ビデオを選択するには、カメラにアクセスするための許可が必要です。",
    "pgi": "写真の選択に必要なギャラリーへのアクセス許可",
    "pci": "写真を選択するために必要なカメラへのアクセス許可",
    "pm": "起動するには、マイクへのアクセス許可が必要です。",
    "forgotpassword": "パスワードをお忘れですか ？",
    "updatesecurity": "セキュリティの更新",
    "wrongans": "間違った答え",
    "hardguess": "推測しにくいパスコードを使用してください。",
    "takeimage": "画像を撮って開始",
    "takefile": "ファイルを取得して開始します",
    "close": "閉じる",
    "sendingrecord": "録音を送信しています...お待ちください！",
    "sendrecord": "録音を送信する",
    "audiorecorder": "オーディオレコーダ",
    "playingrecording": "録音を再生する",
    "recording": "録音 ..​​.",
    "recorderstopped": "レコーダーが停止しました！",
    "mediamssgnotallowed": "メディアメッセージの送信は、管理者によって一時的に無効にされています。",
    "textmssgnotallowed": "テキストメッセージの送信は管理者によって一時的に無効にされています。",
    "callnotallowed": "通話機能は、管理者によって一時的に無効にされています。",
    "failedtoconfigure": "アプリの設定に失敗しました。アプリを再起動してください",
    "logindisabled": "ログイン機能は、 管理者によって一時的に無効にされています ",
    "allnotifications": "通知",
    "newnotifications": "新しい通知を受け取りました",
    "nonotifications": "通知なし",
    "copy": "コピー",
    "agree": "続行することにより、あなたは同意します",
    "ntm": "新しいメッセージ",
    "nim": "📷 写真",
    "nvm": "🎥 ビデオ",
    "nam": "🎙️ 録音",
    "ncm": "👤 連絡先が共有されました",
    "ndm": "📄 資料",
    "nlm": "📍 共有されている現在の場所",
    "niac": "📞 着信オーディオコール",
    "nivc": "🎥 着信ビデオ通話",
    "ce": "通話終了",
    "mc": "不在着信",
    "aorc": "通話を受け入れるか拒否する",
    "cr": " 通話拒否された",
    "dltscs": "正常に削除されました",
    "dltstatus": "ステータスの削除",
    "myactstatus": "私のアクティブステータス",
    "nostatus": "保存した連絡先にステータスがありません",
    "rcntupdates": "最近の更新",
    "mystatus": "私のステータス",
    "taptoupdtstatus": "タップしてステータスの更新を追加します",
    "createstatus": "ステータスを作成する",
    "taptoview": "タップして表示",
    "viewedby": "で見られる",
    "typeacaption": "キャプションを入力します",
    "settingsoption": "設定",
    "myprofile": "私のプロフィール",
    "editprofile": "プロファイル編集",
    "changednp": "表示名と写真を変更する",
    "givesuggestions": "アプリについての提案をする",
    "leavereview": "レビューを残す",
    "pmtevents": "プロモーションイベントと通知",
    "abiderules": "ルールを守る",
    "processdata": "私たちがあなたのデータをどのように処理するかを知ってください",
    "recipients": "受信者",
    "participants": "参加者",
    "about": "約",
    "encryption": "暗号化",
    "encryptionshort": "メッセージと通話はエンドツーエンドで暗号化されます",
    "newbroadcast": "新しい放送",
    "newgroup": "新グループ",
    "admin": "管理者",
    "setasadmin": "管理者として設定",
    "removeasadmin": "管理者としてサインオフ",
    "remove": "削除する",
    "removefromgroup": "グループから削除",
    "leavegroup": "グループを離れる",
    "unabletoleavegrp": "グループを離ことができません。もう一度やり直してください",
    "leftthegroup": "グループを去った",
    "leave": "去る",
    "deletegroup": "グループを削除",
    "nodesc": "説明は追加されていません",
    "desc": "説明",
    "grpicondeletedby": "によって削除されたグループアイコン",
    "grpiconchangedby": "グループアイコンが変更されました",
    "createdby": "によって作成された",
    "createdbyu": "あなたが作成した",
    "removedbyadmin": "管理者によって削除されました",
    "hasremoved": "削除さ",
    "confirm": "続行します",
    "deletedgroup": "このグループは管理者によって削除されたか、このグループから削除されました",
    "onlyadminsend": "🔒 このグループのメッセージを送信できるのは管理者のみです",
    "tapherefrgrpinfo": "グループ情報はこちらをタップ",
    "detectingloc": "場所の検出",
    "download": "ダウンロード",
    "preview": "プレビュー",
    "msgdeleted": "メッセージは削除されます",
    "dltforeveryone": "全員削除",
    "dltforme": "私のために削除します",
    "youleftthegroup": "あなたはグループを去りました",
    "uhaveadded": "君は追加しました",
    "youhaveremoved": "削除しました",
    "youremovedgrpicon": "あなたがグループアイコンを削除しました",
    "hasremovedgrpicon": "グループアイコンを削除しました",
    "youupdatedgrpicon": "あなたがグループアイコンを更新しました",
    "hasupdatedgrpicon": "グループアイコンを更新しました",
    "youcreatedthisgroup": "あなたがグループを作成しました",
    "hascreatedthisgroup": "グループを作成しました",
    "uhvupdatedgrpdetails": "あなたがグループの詳細を更新しました",
    "grpdetailsupdatebyadmin": "管理者によって更新されたグループの詳細",
    "hasupdatedgrpdetails": "グループの詳細を更新しました",
    "hasbeensetasadminbyu": "あなたによって管理者として設定されています",
    "hvsetuasadmin": "あなたを管理者として設定しました",
    "theyremoveduasadmin": "管理者としてあなたを削除しました",
    "adminahasadded": "管理者が追加しました",
    "users": "ユーザー",
    "added": "追加されました",
    "set": "セットする",
    "creategroup": "新しい集団",
    "editgroup": "グループの編集",
    "groupname": "グループ名",
    "groupdesc": "グループの説明",
    "grouptype": "グループタイプ",
    "adminhasadded": "管理者が追加しました",
    "youandother": "あなたと他の",
    "youareaddedtothisgrp": "このグループに追加されました君は",
    "fromadmin": "管理者から",
    "asadmin": "管理者として",
    "setgroup": "グループの詳細を設定する",
    "selected": "選択済み",
    "selectcontacts": "追加する連絡先を選択",
    "errorcreatinggroup": "グループへのユーザーの追加中にエラーが発生しました。もう一度やり直してください",
    "deleting": "削除中です",
    "deleted": "削除さ",
    "blockbroadcast": "このブロードキャストをブロックする",
    "blockedbroadcast": "このブロードキャストをブロックしました",
    "copied": "コピーされ",
    "chatencryption": "メッセージと通話はエンドツーエンドで暗号化されます。このチャットの外部からは誰もそれらを読むことができません",
    "alreadydeleted": "このメッセージは送信者によってすでに削除されています",
    "fileexists": "ファイルはすでにフォルダに存在します",
    "downloading": "ダウンロード中です",
    "broadcastupdatedbyadmin": "管理者によって更新されたブロードキャストの詳細",
    "uhaveupdatedbroadcast": "君はブロードキャストの詳細を更新しました",
    "updatedbroadcast": "ブロードキャストの詳細を更新しました",
    "editbroadcast": "放送を編集する",
    "broadcastname": "放送名",
    "broadcastdesc": "放送の説明",
    "removefromlist": "リストから削除する",
    "deletebroadcast": "ブロードキャストを削除する",
    "broadcasticondlted": "ブロードキャストグループアイコンがあなたによって削除されました",
    "broadcasticonupdtd": "ブロードキャストグループアイコンがあなたによって変更されました",
    "senttorecp": "総受信者に送信",
    "norecp": "リストに受信者がいません",
    "tapforbroadcastinfo": "放送情報はこちらをタップ",
    "createdbroadcast": "ブロードキャストリストが作成されます",
    "erroraddingbroadcast": "ユーザーをブロードキャストに追加中にエラーが発生しました。もう一度やり直してください",
    "erroroccured": "読み込み中にエラーが発生しました。アプリを再起動してください",
    "selectsinglecontact": "連絡先を選択",
    "disabled": "この機能は、管理者によって一時的に無効にされています",
    "uploading": "アップロード中です",
    "createbroadcast": "ブロードキャストを作成する",
    "setbroadcastdetails": "放送詳細を設定する",
    "bothuseradmin": "ユーザーメッセージと管理者メッセージの両方を許可",
    "onlyadmin": "管理者メッセージのみが許可されます",
    "generatingthumbnail": "サムネイルを生成しています",
    "text": "テキスト",
    "endtoendencryption": "エンドツーエンド暗号化",
    "maxfilesize": "ファイルは以下である必要があります",
    "selectedfilesize": "選択したファイルサイズは",
    "norecentchats": "最近のチャットはありません",
    "forward": "前方",
    "you": "君は",
    "selectcontactstoforward": "転送するように選択します",
    "forwarded": "転送",
    "sending": "送信",
    "maxnooffiles": "最大数のファイルを選択できます",
    "filesizeexceeded": "1つ以上のファイルサイズが許可された最大サイズを超えました",
    "selectcontacttoshare": "共有することを選択",
    "maxallowed": "許可される最大数 :",



    "latest_credits":"最新のクレジット",
    "latest_debits":"最新の借方",
    "see_all": "すべて表示",
    "hide": "隠れる",
    "deposits": "預金",
    "notifications": "通知",
    "transactions": "トランザクション",
    "hello": "こんにちは",
    "user": "ユーザー",
    "account_number": "口座番号",
    "available_balance": "利用可能残高",
    "withdraw": "撤退",
    "scan_code": "スキャンコード",
    "scan_this_QR_code_to_get_transaction": "このQRコードをスキャンしてトランザクションを取得します",
    "scan_qr_code": "QRコードをスキャンする",
    "qr_Barcode": "QR /バーコード",
    "doubleTapToGoBack": "ダブルタップして戻る",
    "pleaseEnterValidEmail": "正しいメールアドレスを入力してください",
    "emailCannotBeEmpty": "メールを空にすることはできません！",
    "theUsernameMustBe6Characters": "ユーザー名は6文字以上である必要があります",
    "pleaseEnterLessAmountThenWalletAmount": "ウォレットの金額より少ない金額を入力してください",
    "pleaseEnterValidAmount": "有効な金額を入力してください",
    "paymentIntentIdCopieToClipboard": "クリップボードにコピーされたPaymentIntentId",
    "walletNumber": "ウォレット番号",
    "noCreditRecordFound": "信用記録が見つかりません。",
    "noDebitRecordFound.": "借方レコードが見つかりません。",
    "copy": "コピー",
    "to": "に ：",
    "oK": "わかった",
    "transactionID": "トランザクションID：",
    "transactionDetails": "取引の詳細",
    "transactionType": "トランザクションタイプ：",
    "depositRecordNotFound": "預金レコードが見つかりません。",
    "transactionRecordNotFound": "トランザクションレコードが見つかりません。",
    "withdrawRecordNotFound.": "撤回レコードが見つかりません。",
    "payment": "支払い",
    "enterAmount": "金額を入力します",
    "payViaCard": "カードで支払う",
    "payViaWallet": "ウォレット経由で支払う",
    "pleaseWait": "お待ちください...",
    "enterYourEmail": "メールアドレスを入力",
    "register": "登録",
    "saveThisTransactionIdForFuture": "将来のためにこのトランザクションIDを保存します",
    "amountWillBeRefundWithinWorkingDays,": "金額は6〜8営業日以内に返金されます。",
    "pleaseContactOurCustomerCare": "カスタマーケアにお問い合わせください、",
    "doNotPressBackLeaveAppWhileDoingTransaction": "トランザクションの実行中にアプリを押し戻したり、アプリを終了したりしないでください",
    "addToWallet": "ウォレットに追加",
    "addAmountIntoWallet": "ウォレットに金額を追加",

    "lblLanguage":"言語",
    "lblUpdateIngredient":"成分を更新します",
    "lblAddIngredient":"成分を加える",
    "lblName":"名前",
    "lblCancel":"キャンセル",
    "lblUpdate":"アップデート",
    "lblAdd":"追加",
    "lblPleaseAddIngredient":"成分を追加してください",
    "lblNew":"新しい",
    "lblCategories":"カテゴリー",
    "lblLongPressOnCategoryForMoreOptions":"より多くのオプションのためにカテゴリを長押しします。",
    "lblA":"NS",
    "lblAll":"全て",
    "lblChooseCurrencySymbol":"通貨記号を選択してください",
    "lblSelect":"選択する",
    "lblCamera":"カメラ",
    "lblGallery":"ギャラリー",
    "lblForgetPassword":"パスワードを忘れますか？",
    "lblEnterYouEmail":"リセットパスワードリンクは上記のEメールアドレスに送信されます。",
    "lblEmail":"Eメール",
    "lblEnterValidEmail":"有効な電子メールを入力してください",
    "lblResetPassword":"パスワードを再設定する",
    "lblResetPasswordLinkHasSentYourMail":"パスワードのリセットリンクはあなたのメールを送信しました",
    "lblEnable":"有効",
    "lblDisable":"無効にする",
    "lblTextForDeletingCategory":"このカテゴリを削除すると、そのメニューのすべてが削除されます。まだこのカテゴリを削除したいですか？",
    "lblWrongSelection":"間違った選択",
    "lblEdit":"編集",
    "lblDelete":"消去",
    "lblSpicy":"辛い",
    "lblJain":"ジーン",
    "lblSpecial":"特別な",
    "lblPopular":"人気",
    "lblShowMore":"もっと見せる",
    "lblShowLess":"遅くに",
    "lblFoodItems":"食料品",
    "lblMenuItems":"メニュー項目",
    "lblNoMenuFor":"メニューはありません",
    "lblCategory":"カテゴリー",
    "lblNoData":"データなし",
    "lblLight":"光",
    "lblDark":"暗い",
    "lblSystemDefault":"システムのデフォルト",
    "lblSelectYourTheme":"あなたのテーマを選択してください",
    "lblAbout":"アプリについて",
    "lblRestaurantQRMenu":"QRメニュー",
    "lblVersion":"バージョン",
    "lblAboutScreenText":"QRメニューは設備の整ったフラッタアプリです。ユーザーの終わりには、ウェイターに直面しなくてもレストランのメニューを表示する簡単な方法をユーザーに提供します。これは、メニュービュープロセスの簡単で管理可能な方法の手法を提供します。レストランの所有者の終わりに、アプリはレストラン、食品のカテゴリ、メニューを管理するための従来のそして容易に管理可能な方法を提供しています",
    "lblPurchase":"購入",
    "lblAddImage":"画像を追加",
    "lblChooseAnAction":"アクションを選択してください",
    "lblAddCategory":"カテゴリを追加する",
    "lblDoYouWantToUpdate":"アップデートしたいですか",
    "lblDoYouWantToAddThisCategory":"このカテゴリを追加しますか",
    "lblDescription":"説明",
    "lblAddMenuItem":"メニュー項目を追加します",
    "lblDoYouWantToDelete":"削除したいですか",
    "lblDoYouWantToAddThisMenuItem":"このメニュー項目を追加しますか",
    "lblPleaseChooseCategory":"カテゴリーを選んでください",
    "lblChooseCategory":"カテゴリーを選ぶ",
    "lblPrice":"価格",
    "lblIngredients":"材料",
    "lblNewDescription":"あなたの味の芽を片付けするために調理された新しい料理や牧師の独占的な選択を探検する",
    "lblVeg":"野生の",
    "lblVegDescription":"野菜のエキゾチックなコレクションから選択し、攪拌し、炒め、炒め、完璧で調理しました",
    "lblSpicyDescription":"暑くて暑さ、あなたが辛い料理のファンであるならば、特別なスパイシーな範囲の珍しい範囲をチェックしてください。",
    "lblJainDescription":"あなたの食べ物の好みへのケータリングは私たちの目標です、あなたの完璧なものを見つけるために専用のJain Foodメニューを探検",
    "lblSpecialDescription":"あなたが私たちの絶妙な料理のコレクションを試していないならば、私たちの特別なメニューをお見逃しなく。",
    "lblSweet":"甘い",
    "lblSweetDescription":"デザートなしの食事は不完全で、私たちの最も甘いデザートコレクションであなたの感覚を扱います",
    "lblPopularDescription":"何を注文するかわからない？強くお勧めやベストセラーや最も人気のある料理や香りをチェックしてください",
    "lblAddLogoImage":"ロゴ画像を追加します",
    "lblAddRestaurantImage":"DDレストラン画像",
    "lblUpdateRestaurant":"レストランを更新します",
    "lblAddRestaurant":"レストランを追加してください",
    "lblDoYouWantToUpdateRestaurant":"レストランを更新しますか",
    "lblDoYouWantToAddRestaurant":"レストランを追加しますか",
    "lblType":"タイプ",
    "lblNonVeg":"非身長",
    "lblContact":"コンタクト",
    "lblCurrency":"通貨",
    "lblNewItemValidity":"新しいアイテムの有効性",
    "lblAddress":"住所",
    "lblPasswordSuccessfullyChanged":"パスワードが正常に変更されました",
    "lblOldPassword":"以前のパスワード",
    "lblOldPasswordIsNotCorrect":"古いパスワードが正しくありません",
    "lblNewPassword":"新しいパスワード",
    "lblConfirmPassword":"パスワードを認証する",
    "lblPasswordLengthShouldBeMoreThanSix":"パスワードの長さは6つ以上にする必要があります",
    "lblBothPasswordShouldBeMatched":"どちらのパスワードも一致する必要があります",
    "lblOldPasswordShouldNotBeSameAsNewPassword":"古いパスワードは新しいパスワードと同じにしてはいけません",
    "lblSave":"保存する",
    "lblHello":"こんにちは",
    "lblMyItems":"私の商品",
    "lblNoRestaurant":"レストランなし",
    "lblDataUpdated":"データを更新しました",
    "lbDoYouWantToUpdateProfile":"プロファイルを更新しますか？",
    "lblEditProfile":"プロファイル編集",
    "lblNumber":"番号",
    "lblTryAgain":"再試行する",
    "lblQR":"QR.",
    "lblScanForOurOnlineMenu":"オンラインメニューのスキャン",
    "lblUhOhSomethingWentWrong":"ええとああ！何かがうまくいかなかった",
    "lblScanned":"sc",
    "lblWrongQRCode":"間違ったQRコード",
    "lblNoPermission":"全く許可しません",
    "lblDoYouWantToDeleteRestaurant":"レストランを削除しますか",
    "lblSettings":"設定",
    "lblChangePassword":"パスワードを変更する",
    "lblUserLoginWithSocialAccountCannotChangeThePassword":"ソーシャルアカウントでのユーザーログインはパスワードを変更できません",
    "lblDarkMode":"暗いモード",
    "lblPrivacyPolicy":"プライバシーポリシー",
    "lblRateUs":"私たちを評価してください",
    "lblTerms":"利用規約",
    "lblShare":"アプリを共有する",
    "lblLogout":"ログアウト",
    "lblAreYouSureYouWantToLogout":"ログアウトしてよくよく思い出してください",
    "lblVisitAgain":"もう一度訪問してください",
    "lblPleaseEnterYourEmail":"あなたのメールアドレスを入力してください",
    "lblPleaseEnterYourPassword":"パスワードを入力してください",
    "lblPassword":"パスワード",
    "lblForgotPassword":"パスワードをお忘れですか",
    "lblSignIn":"ログイン",
    "lblDontHaveAnAccount":"口座を持っています",
    "lblCreateAccountHere":"ここにアカウントを作成してください",
    "lblOR":"また",
    "lblSignUp":"サインアップ",
    "lblPleaseEnterName":"名前を入力してください",
    "lblPleaseEnterPhoneNumber":"電話番号を入力してください",
    "lblPhoneNumber":"電話番号",
    "lblPleaseEnterEmail":"Eメールを入力してください",
    "lblPleasEnterPassword":"リースパスワードを入力してください",
    "lblAlreadyHaveAccount":"すでに口座を持っています",
    "lblSignInHere":"ここでサインイン",
    "lblGoPaperless":"ペーパーレスメニューシステムに行きます",
    "lblGoPaperlessWithOurDigitalMenu":"QRメニューアプリの魔法を使用すると、画面機能のインスタントメニューでペーパーレスに移動できます。テクノロジーを搭載した将来の準備完了メニューを構築しましょう！",
    "lblGetStarted":"始まりました",
    "lblWaitToScan":"スキャンを待ちます",
    "lblUserAlreadyRegisterWithEmail":"ユーザーはすでにEメールに登録します",
    "lblWrongURL":"間違ったURL",
    "lblRemoveImage":"画像を削除します",
    "lblSelectLanguage":"言語を選択する",
    "lblSelectTheme":"テーマを選択してください",
    "lblChangeRestaurantImage":"レストランのイメージを変更してください",
    "lblChangeLogoImage":"ロゴ画像を変更してください",
    "lblSelectThemeDesc":"カスタマイズ可能で創造的な能力でいっぱいの複数のアプリのテーマオプションを持つあなたの顧客にシームレスなブランド体験を提供します。",
    "lblSelectLanguageDesc":"言語のパーソナライズは物事であり、すべての新しいレストランQRメニューアプリであなたの好みの言語にメニューを持つことよりも、より多くのものと簡単なことがあることです。",
    "lblRestaurant":"レストラン",
    "lblClickHere":"ここをクリック",
    "lblForScanner":"スキャナーの場合",
    "lblAddYourBusinessOrServicehere":"ここにあなたのビジネスやサービスを追加してください",
    "lblPayViaWalletNumber": "ウォレット番号で支払う",
    "lblPayViaQRCode": "QRコードで支払う",
    "lblEnterWalletNumber": "ウォレット番号を入力してください",
    "lblEnterAmount": "金額を入力します",
    "lblPleaseEnterTheValidWalletNumber": "有効なウォレット番号を入力してください",
    "lblUserCouldNotSendYourWalletNumber": "ユーザーはウォレット番号を送信できませんでした",
    "lblTransferredFromMyWallet": "私の財布から転送されました",
    "news": "📰 ニュース",
    "lblTo": "に",
    "lblFrom": "から",
    "lblSmallTo": "に",
    "lblSmallFrom": "から",
    "lblReceived": "受け取った"
}