{
    "name_hint": "당신의 이름을 입력",
    "enter_fullname": "성명",
    "enter_mobilenumber": "휴대폰 번호",
    "sendsmscode": "번호를 확인하기 위해 SMS 코드를 보냅니다.",
    "sendverf": "확인 코드 보내기",
    "welcometo": "에 오신 것을 환영합니다",
    "enter_verfcode": "보낸 SMS 코드 입력 ",
    "sending_code": "확인 코드를 ",
    "back": "뒤",
    "verify_otp": "코드 확인",
    "auth_needed": "설정 잠금 해제에 필요한 인증",
    "auth_neededchat": "채팅 잠금 해제에 필요한 인증",
    "lp_setalias": "별칭을 설정하려면 채팅을 길게 누르세요.",
    "swipehide": "다시 아래로 스 와이프하여 숨 깁니다.",
    "swipeview": "숨겨진 채팅을 보려면 화면을 아래로 스 와이프하세요.",
    "loved": " 앱이 마음에 드 셨나요? 앱 평가",
    "loadingfailed": "로드 실패! 앱을 다시 시작하세요 ",
    "setup": " 서버 설정 완료! 앱을 다시 시작하세요",
    "signin": "로그인",
    "updateavl": "앱 업데이트 가능",
    "updateavlmsg": "사용 가능한 최신 버전의 앱이 있습니다. 계속 사용하려면 앱을 업데이트해야합니다.",
    "updatnow": "지금 업데이트",
    "selectcontact": "공유 할 연락처 선택",
    "searchcontact": "연락처 검색",
    "perm_contact": "아는 사람과 연결하려면 연락처에 대한 액세스 권한이 필요합니다.",
    "nosearchresult": "검색 결과 없음",
    "search": "검색",
    "searchuser": "사용자 검색",
    "validnum": "유효한 번호를 입력하십시오 ",
    "chatws": " 번호를 저장하지 않고 채팅",
    "notexist": " 존재하지 않는다 ",
    "invite": "사용자 초대",
    "waitingpeer": "동료가 채팅에 참여하기를 기다리고 있습니다.",
    "msgnotload": "메시지를로드 할 수 없습니다.",
    "convended": "대화가 끝났습니다.",
    "usernotjoined": "가입하지 않은 사용자",
    "msg": "메시지",
    "pickdoc": "문서 선택",
    "plswait": "몇 초 동안 기다리십시오!",
    "sent": "메시지가 전송되었습니다 ",
    "doc": "문서",
    "pickvideo": "비디오 선택",
    "video": "비디오",
    "pickimage": "이미지 선택",
    "image": "영상",
    "record": "오디오 녹음",
    "audio": "오디오",
    "location": "위치",
    "contact": "접촉",
    "accept": " 초대를 수락 :",
    "acpt": "동의하기",
    "rjt": "받지 않다",
    "unlck": "미디어 공유를위한 채팅 차단 해제",
    "typmsg": "메시지 입력",
    "savedconv": "저장된 대화",
    "unread": " 읽지 않은 메시지",
    "nosave": "저장된 메시지가 없습니다.",
    "unblock": "차단 해제 ",
    "unblocked": "차단 해제! ",
    "hidechat": "채팅 숨기기",
    "unhidechat": " 채팅 숨기기 해제!",
    "cancel": " 취소",
    "sayhi": " 인사하다! ",
    "today": "오늘",
    "yesterday": "어제",
    "lastseen": "마지막으로 본",
    "typing": "타이핑 ...",
    "online": "온라인",
    "loading": "로딩 ...",
    "pmc": "시작하려면 마이크 및 카메라에 대한 액세스 권한이 필요합니다.",
    "vsmsg": "저장된 메시지를 보려면 화면을 왼쪽으로 살짝 밉니다.",
    "drag": "친구 메시지를 왼쪽에서 오른쪽으로 끌어 해당 메시지까지 대화를 종료합니다.",
    "unlockchat": "채팅 잠금 해제",
    "lockchat": "채팅 잠금",
    "setwall": "배경 화면 설정",
    "removewall": "배경 화면 제거",
    "showtutor": "튜토리얼보기",
    "search_recentchats": "최근 채팅 검색",
    "recentchats": "최근 채팅",
    "chats": "채팅",
    "calls": "전화",
    "profile": "프로필",
    "rate": "앱 평가",
    "share": "앱 공유",
    "feedback": "피드백",
    "tutorials": "튜토리얼",
    "tnc": "이용 약관",
    "pp": "개인 정보 정책",
    "logout": "로그 아웃",
    "unblockchat": "채팅 차단 해제",
    "blockchat": "채팅 차단",
    "submit": "제출",
    "saved": "저장되었습니다",
    "save": "저장",
    "validdetails": "유효한 세부 정보를 입력하세요.",
    "status": "상태",
    "setpasscode": "계속하기 전에 암호를 설정하십시오.",
    "enterpass": "비밀번호 입력",
    "delete": "지우다",
    "done": "끝난",
    "newans": "새로운 답변을 입력하십시오",
    "ansempty": "답은 비워 둘 수 없습니다",
    "quesempty": "질문은 비워 둘 수 없습니다.",
    "sans": "보안 답변",
    "sques": "보안 질문",
    "setpass": "비밀번호 설정",
    "makesureotp": "전화 번호 또는 인증 코드가 올바른지 확인하고 나중에 다시 시도하세요.",
    "setpasslong": "다음은 비밀번호를 잊어 버린 경우 비밀번호를 재설정하는 데 사용됩니다. 나만 대답 할 수있는 질문을 구성하십시오. 창의력을 발휘하고 추측하기 어려운 답을 선택하십시오.",
    "welcomeback": "다시 오신 것을 환영합니다",
    "failedlogin": "로그인 실패",
    "entervalidmob": "유효한 번호를 입력하십시오.",
    "nameem": "이름은 비워 둘 수 없습니다",
    "correctotp": "올바른 코드 입력",
    "authfailed": "인증 실패",
    "authh": "입증",
    "trylater": "나중에 다시 시도하세요",
    "incomingaudio": "수신 음성 통화 ...",
    "incomingvideo": "수신 영상 통화 ...",
    "startchat": "오른쪽 하단의 버튼을 눌러 채팅을 시작하세요",
    "nochats": "채팅이 없습니다",
    "clearlog": "통화 기록을 지우시겠습니까",
    "clearloglong": "모든 통화 기록을 삭제 하시겠습니까",
    "allav": "모든 비디오 및 오디오 통화 내역이 여기에 표시됩니다",
    "nocalls": "전화 없음",
    "picked": "수신 된 전화",
    "voice": "음성 통화",
    "muted": "피어 장치 음소거",
    "connecting": "연결 중 ...",
    "calling": "전화하는 중 ...",
    "oncall": "통화",
    "callended": "통화 종료",
    "callrejected": "전화가 거부되었습니다",
    "ps": "파일 다운로드에 필요한 저장소에 대한 액세스 권한입니다",
    "psac": "파일 선택에 필요한 스토리지에 대한 액세스 권한",
    "eps": "다운로드하는 동안 오류가 발생했습니다",
    "folder": "폴더에 다운로드 된 파일 : ",
    "pms": "휴대 전화에 사진을 저장하는 데 필요한 저장소 액세스 권한입니다",
    "removealias": "별칭 제거",
    "setalias": "별칭 설정",
    "aliasname": "별칭 이름",
    "clocktime": "시계 시간이 서버 시간과 동기화되지 않았습니다. 계속하려면 오른쪽으로 설정하세요",
    "letschat": "채팅하자 ",
    "joinme": "나와 함께",
    "pgv": "비디오 선택에 필요한 갤러리 액세스 권한",
    "pcv": "비디오 선택에 필요한 카메라 액세스 권한",
    "pgi": "사진 선택에 필요한 갤러리 액세스 권한",
    "pci": "사진 선택에 필요한 카메라 액세스 권한",
    "pm": "시작하려면 마이크 액세스 권한이 필요합니다",
    "forgotpassword": "비밀번호를 잊으 셨나요 ",
    "updatesecurity": "보안 업데이트",
    "wrongans": "잘못된 답변",
    "hardguess": "추측하기 어려운 암호를 사용하십시오",
    "takeimage": "시작하려면 이미지 촬영",
    "takefile": "시작하려면 파일 가져 오기",
    "close": "닫기",
    "sendingrecord": "녹음을 보내는 중입니다 ... 잠시만 기다려주세요",
    "sendrecord": "녹음 보내기",
    "audiorecorder": "녹음기",
    "playingrecording": "녹음 재생",
    "recording": "녹음 ...",
    "recorderstopped": "레코더가 중지되었습니다",
    "mediamssgnotallowed": "관리자가 미디어 메시지 전송을 일시적으로 비활성화했습니다",
    "textmssgnotallowed": "관리자가 일시적으로 문자 메시지 전송을 비활성화했습니다",
    "callnotallowed": "통화 기능이 관리자에 의해 일시적으로 비활성화되었습니다",
    "failedtoconfigure": "앱을 구성하지 못했습니다. 앱을 다시 시작하십시오",
    "logindisabled": "관리자가 로그인 기능을 일시적으로 비활성화했습니다 ",
    "allnotifications": "알림",
    "newnotifications": "수신 된 새 알림",
    "nonotifications": "알림 없음",
    "copy": "부",
    "agree": "계속하면 다음에 동의하게됩니다.",
    "ntm": "새로운 메시지",
    "nim": "📷 사진",
    "nvm": "🎥 비디오",
    "nam": "🎙️ 오디오 녹음",
    "ncm": "👤 연락처가 공유 됨",
    "ndm": "📄 문서",
    "nlm": "📍 위치가 공유 됨",
    "niac": "📞 수신 음성 통화",
    "nivc": "🎥 수신 영상 통화",
    "ce": "통화 종료",
    "mc": "부재중 전화",
    "aorc": "전화 수락 또는 거부",
    "cr": " 통화 거부됨",
    "dltscs": "성공적으로 삭제됨",
    "dltstatus": "상태삭제",
    "myactstatus": "내 활동 상태",
    "nostatus": "저장된 연락처에 상태가 없습니다",
    "rcntupdates": "최근 업데이트",
    "mystatus": "내 상태",
    "taptoupdtstatus": "탭하여 상태 업데이트를 추가합니다.",
    "createstatus": "상태 생성",
    "taptoview": "탭하여 보기",
    "viewedby": "본 사람",
    "typeacaption": "캡션 입력",
    "settingsoption": "앱 설정",
    "myprofile": "내 프로필",
    "editprofile": "프로필 수정",
    "changednp": "표시 이름 및 사진 변경",
    "givesuggestions": "앱에 대한 제안 제공",
    "leavereview": "리뷰를 남겨주세요",
    "pmtevents": "프로모션 이벤트 및 알림",
    "abiderules": "규칙 준수",
    "processdata": "우리가 귀하의 데이터를 처리하는 방법을 알고",
    "recipients": "수신자",
    "participants": "참가자",
    "about": "약",
    "encryption": "암호화",
    "encryptionshort": "메시지와 통화는 종단 간 암호화됩니다.",
    "newbroadcast": "새로운 방송",
    "newgroup": "새 그룹",
    "admin": "관리자",
    "setasadmin": "관리자로 설정",
    "removeasadmin": "관리자로 제거",
    "remove": "지우다",
    "removefromgroup": "그룹에서 제거",
    "leavegroup": "그룹을 떠나다",
    "unabletoleavegrp": "그룹에서 탈퇴 할 수 없습니다. 다시 시도하십시오",
    "leftthegroup": "그룹을 떠났다",
    "leave": "떠나다",
    "deletegroup": "그룹 삭제",
    "nodesc": "추가 된 설명 없음",
    "desc": "서술",
    "grpicondeletedby": "의해그룹 아이콘이 삭제됨",
    "grpiconchangedby": "의해그룹 아이콘이 변경됨",
    "createdby": "만들어진의해",
    "createdbyu": "만들어진당신에 의해",
    "removedbyadmin": "관리자에 의해 제거됨",
    "hasremoved": "제거했습니다",
    "confirm": "확인",
    "deletedgroup": "이 그룹은 관리자에 의해 삭제되었거나 당신은이 그룹에서 제거되었습니다",
    "onlyadminsend": "🔒 관리자 만이 그룹에서 메시지를 보낼 수 있습니다.",
    "tapherefrgrpinfo": "그룹 정보를 보려면 여기를 누르세요.",
    "detectingloc": "위치 감지",
    "download": "다운로드",
    "preview": "시사",
    "msgdeleted": "메시지가 삭제되었습니다.",
    "dltforeveryone": "모두를 위해 삭제",
    "dltforme": "나를 위해 삭제",
    "youleftthegroup": "당신은그룹을 탈퇴했습니다.",
    "uhaveadded": "당신은 추가했습니다",
    "youhaveremoved": "당신은 제거했습니다",
    "youremovedgrpicon": "당신은그룹 아이콘을 제거했습니다.",
    "hasremovedgrpicon": "그룹 아이콘을 제거했습니다",
    "youupdatedgrpicon": "당신은그룹 아이콘을 업데이트했습니다.",
    "hasupdatedgrpicon": "그룹 아이콘을 업데이트했습니다",
    "youcreatedthisgroup": "당신은이 그룹을 만들었습니다.",
    "hascreatedthisgroup": "이 그룹을 만들었습니다",
    "uhvupdatedgrpdetails": "당신은그룹 세부 정보를 업데이트했습니다.",
    "grpdetailsupdatebyadmin": "관리자가 업데이트 한 그룹 세부 정보",
    "hasupdatedgrpdetails": "그룹 세부정보를 업데이트했습니다.",
    "hasbeensetasadminbyu": "관리자로 설정당신에 의해",
    "hvsetuasadmin": "당신을 관리자로 만들었습니다",
    "theyremoveduasadmin": "님이 귀하를 관리자에서 제거했습니다.",
    "adminahasadded": "관리자가 추가되었습니다.",
    "users": "사용자",
    "added": "추가됨",
    "set": "세트",
    "creategroup": "새 그룹",
    "editgroup": "그룹 편집",
    "groupname": "그룹 이름",
    "groupdesc": "그룹 설명",
    "grouptype": "그룹 유형",
    "adminhasadded": "관리자가 추가되었습니다",
    "youandother": "당신 & 다른",
    "youareaddedtothisgrp": "당신이 그룹에 추가되었습니다.",
    "fromadmin": "관리자에서",
    "asadmin": "관리자로",
    "setgroup": "그룹 세부 정보 설정",
    "selected": "선택된",
    "selectcontacts": "추가 할 연락처 선택",
    "errorcreatinggroup": "그룹에 사용자를 추가하는 동안 오류가 발생했습니다. 다시 시도하십시오",
    "deleting": "삭제 중",
    "deleted": "삭제됨",
    "blockbroadcast": "이 브로드캐스트 차단",
    "blockedbroadcast": "이 방송을 차단했습니다",
    "copied": "복사됨",
    "chatencryption": "메시지와 통화는 종단 간 암호화됩니다. 이 채팅 외부에있는 사람은 읽을 수 없습니다.",
    "alreadydeleted": "보낸 사람이 이미 삭제한 메시지입니다.",
    "fileexists": "파일이 이미 폴더에 있습니다",
    "downloading": "다운로드 중",
    "broadcastupdatedbyadmin": "관리자가 업데이트한 브로드캐스트 세부정보",
    "uhaveupdatedbroadcast": "당신업데이트된 방송 세부정보.",
    "updatedbroadcast": "방송 세부정보 업데이트",
    "editbroadcast": "방송 편집",
    "broadcastname": "방송 명",
    "broadcastdesc": "방송 설명",
    "removefromlist": "목록에서 제거하다",
    "deletebroadcast": "방송 삭제",
    "broadcasticondlted": "방송 그룹 아이콘 삭제됨당신에 의해",
    "broadcasticonupdtd": "방송 그룹 아이콘 업데이트 됨 당신에 의해",
    "senttorecp": "수신자에게 보낸 총계",
    "norecp": "보낼 수있는 수신자가 없습니다.",
    "tapforbroadcastinfo": "방송 정보는 여기를 터치하세요.",
    "createdbroadcast": "방송 목록이 생성되었습니다.",
    "erroraddingbroadcast": "브로드 캐스트에 사용자를 추가하는 중에 오류가 발생했습니다. 다시 시도하십시오",
    "erroroccured": "로드하는 동안 오류가 발생했습니다. 앱을 다시 시작하십시오",
    "selectsinglecontact": "연락처 선택",
    "disabled": "이 기능은 관리자에 의해 일시적으로 비활성화되었습니다.",
    "uploading": "업로드 중",
    "createbroadcast": "방송 만들기",
    "setbroadcastdetails": "방송 세부 정보 설정",
    "bothuseradmin": "사용자 및 관리자 메시지 모두 허용됨",
    "onlyadmin": "관리자 메시지만 허용됨",
    "generatingthumbnail": "썸네일 생성 중",
    "text": "정본",
    "endtoendencryption": "종단 간 암호화",
    "maxfilesize": "파일은 다음보다 작아야 합니다",
    "selectedfilesize": "선택한 파일 크기는",
    "norecentchats": "최근 채팅 없음",
    "forward": "앞으로",
    "you": "너",
    "selectcontactstoforward": "전달 선택",
    "forwarded": "전달됨",
    "sending": "배상",
    "maxnooffiles": "최대 파일 수 선택 가능",
    "filesizeexceeded": "하나 이상의 파일 크기가 허용된 최대 크기를 초과했습니다.",
    "selectcontacttoshare": "공유 선택",
    "maxallowed": "최대 허용 :",


    "latest_credits":"최신 크레딧",
    "latest_debits":"최근 차변",
    "see_all": "모두 보기",
    "hide": "숨다",
    "deposits": "매장",
    "notifications": "알림",
    "transactions": "업무",
    "hello": "안녕하십니까",
    "user": "사용자",
    "account_number": "계좌 번호",
    "available_balance": "사용 가능한 잔액",
    "withdraw": "철회하다",
    "scan_code": "스캔 코드",
    "scan_this_QR_code_to_get_transaction": "거래를 받으려면 이 QR 코드를 스캔하세요.",
    "scan_qr_code": "QR 코드 스캔",
    "qr_Barcode": "QR/바코드",
    "doubleTapToGoBack": "뒤로 돌아가려면 두 번 탭하세요.",
    "pleaseEnterValidEmail": "유효한 이메일을 입력하세요",
    "emailCannotBeEmpty": "이메일은 비워둘 수 없습니다!",
    "theUsernameMustBe6Characters": "사용자 이름은 6자 이상이어야 합니다.",
    "pleaseEnterLessAmountThenWalletAmount": "지갑 금액보다 적은 금액을 입력하세요.",
    "pleaseEnterValidAmount": "유효한 금액을 입력하세요.",
    "paymentIntentIdCopieToClipboard": "Payment IntentId가 클립보드에 복사되었습니다.",
    "walletNumber": "지갑 번호",
    "noCreditRecordFound": "신용 기록을 찾을 수 없습니다.",
    "noDebitRecordFound.": "차변 기록을 찾을 수 없습니다.",
    "copy": "복사",
    "to": "NS :",
    "oK": "좋아요",
    "transactionID": "거래 ID:",
    "transactionDetails": "상세 거래 내역",
    "transactionType": "거래 유형 :",
    "depositRecordNotFound": "입금 기록을 찾을 수 없습니다.",
    "transactionRecordNotFound": "거래 기록을 찾을 수 없습니다.",
    "withdrawRecordNotFound.": "인출 기록을 찾을 수 없습니다.",
    "payment": "지불",
    "enterAmount": "금액을 입력하세요",
    "payViaCard": "카드로 결제",
    "payViaWallet": "지갑을 통해 지불",
    "pleaseWait": "기다리세요...",
    "enterYourEmail": "이메일을 입력하세요",
    "register": "등록하다",
    "saveThisTransactionIdForFuture": "나중을 위해 이 거래 ID를 저장하십시오.",
    "amountWillBeRefundWithinWorkingDays,": "금액은 영업일 기준 6~8일 이내에 환불되며,",
    "pleaseContactOurCustomerCare": "저희 고객센터로 연락주세요.",
    "doNotPressBackLeaveAppWhileDoingTransaction": "거래하는 동안 뒤로 누르거나 앱을 종료하지 마십시오",
    "addToWallet": "지갑에 추가",
    "addAmountIntoWallet": "지갑에 금액 추가",





    "lblLanguage":"언어",
    "lblUpdateIngredient":"업데이트 성분",
    "lblAddIngredient":"성분을 추가하십시오",
    "lblName":"이름",
    "lblCancel":"취소",
    "lblUpdate":"업데이트",
    "lblAdd":"추가하다",
    "lblPleaseAddIngredient":"성분을 추가하십시오",
    "lblNew":"새로운",
    "lblCategories":"카테고리",
    "lblLongPressOnCategoryForMoreOptions":"더 많은 옵션을 보려면 카테고리를 길게 누릅니다.",
    "lblA":"NS",
    "lblAll":"모두",
    "lblChooseCurrencySymbol":"통화 기호를 선택하십시오",
    "lblSelect":"선택하다",
    "lblCamera":"카메라",
    "lblGallery":"갤러리",
    "lblForgetPassword":"비밀번호 분실?",
    "lblEnterYouEmail":"재설정 암호 링크가 위의 입력 된 이메일 주소로 전송됩니다.",
    "lblEmail":"이메일",
    "lblEnterValidEmail":"유효한 이메일을 입력하십시오",
    "lblResetPassword":"암호를 재설정",
    "lblResetPasswordLinkHasSentYourMail":"암호 재설정 링크가 메일을 보냈습니다",
    "lblEnable":"할 수있게하다",
    "lblDisable":"장애를 입히다",
    "lblTextForDeletingCategory":"이 카테고리를 삭제하면 모든 메뉴가 제거됩니다.이 카테고리를 삭제하고 싶습니다.",
    "lblWrongSelection":"잘못된 선택",
    "lblEdit":"편집하다",
    "lblDelete":"삭제",
    "lblSpicy":"매운",
    "lblJain":"자이나",
    "lblSpecial":"특별한",
    "lblPopular":"인기있는",
    "lblShowMore":"자세히보기",
    "lblShowLess":"더 적은 것을 보여줍니다",
    "lblFoodItems":"식품",
    "lblMenuItems":"메뉴 항목",
    "lblNoMenuFor":"메뉴 없음",
    "lblCategory":"범주",
    "lblNoData":"데이터 없음",
    "lblLight":"빛",
    "lblDark":"어두운",
    "lblSystemDefault":"시스템 기본값",
    "lblSelectYourTheme":"테마를 선택하십시오",
    "lblAbout":"App.",
    "lblRestaurantQRMenu":"QR 메뉴",
    "lblVersion":"버전",
    "lblAboutScreenText":"QR 메뉴는 잘 갖춘 플러터 앱입니다. 사용자가 끝나면 웨이터에 직면하지 않고 레스토랑의 메뉴를 간단하게 볼 수있는 간단한 방법을 제공합니다. 이는 메뉴 시청 프로세스의 쉽고 관리 할 수 ​​있고 on-the-go 방법론을 제공합니다. 레스토랑 주인이 끝나면 앱은 식당, 식품 카테고리 및 메뉴를 관리하는 기존의 쉽게 관리 할 수있는 방법을 제공합니다.",
    "lblPurchase":"구입",
    "lblAddImage":"이미지를 추가하십시오",
    "lblChooseAnAction":"행동을 선택하십시오",
    "lblAddCategory":"카테고리 추가",
    "lblDoYouWantToUpdate":"업데이트 하시겠습니까?",
    "lblDoYouWantToAddThisCategory":"이 카테고리를 추가 하시겠습니까?",
    "lblDescription":"설명",
    "lblAddMenuItem":"메뉴 항목 추가",
    "lblDoYouWantToDelete":"삭제하고 싶습니까?",
    "lblDoYouWantToAddThisMenuItem":"이 메뉴 항목을 추가 하시겠습니까?",
    "lblPleaseChooseCategory":"카테고리를 선택하십시오",
    "lblChooseCategory":"카테고리를 선택하십시오",
    "lblPrice":"가격",
    "lblIngredients":"재료",
    "lblNewDescription":"당신의 맛 봉오리를 울리는 새로운 요리와 진미의 독점적 인 선택을 탐구하십시오.",
    "lblVeg":"veg.",
    "lblVegDescription":"야채의 이국적인 컬렉션에서 선택하고, 교반하고, 던져 던지고 완벽하게 조리하십시오.",
    "lblSpicyDescription":"뜨겁고 지글 지글, 당신이 매운 요리의 팬 인 경우, 특별한 매운맛의 범위를 확인하십시오.",
    "lblJainDescription":"귀하의 음식 환경 설정을 제공하는 것은 우리의 목표이며, 전용 Jain 음식 메뉴를 탐험하여 완벽한 것을 찾을 수 있습니다.",
    "lblSpecialDescription":"당신이 우리의 절묘한 요리를 시도하지 않았다면, 우리의 특별한 메뉴를 놓치지 마세요.",
    "lblSweet":"달콤한",
    "lblSweetDescription":"디저트가없는 식사는 불완전합니다. 가장 감미로운 디저트 컬렉션으로 당신의 감각을 깔끔하게합니다.",
    "lblPopularDescription":"무엇을 주문 해야할지 모르십니까? 권장 또는 베스트셀러를 확인하고 가장 인기있는 요리와 진미를 확인하십시오.",
    "lblAddLogoImage":"로고 이미지를 추가하십시오",
    "lblAddRestaurantImage":"DD 레스토랑 이미지",
    "lblUpdateRestaurant":"레스토랑 업데이트",
    "lblAddRestaurant":"레스토랑을 추가하십시오",
    "lblDoYouWantToUpdateRestaurant":"레스토랑을 업데이트 하시겠습니까?",
    "lblDoYouWantToAddRestaurant":"레스토랑을 추가하고 싶습니까?",
    "lblType":"유형",
    "lblNonVeg":"비 채식이없는",
    "lblContact":"연락하다",
    "lblCurrency":"통화",
    "lblNewItemValidity":"새로운 항목 유효성",
    "lblAddress":"주소",
    "lblPasswordSuccessfullyChanged":"암호가 성공적으로 변경되었습니다",
    "lblOldPassword":"기존 비밀번호",
    "lblOldPasswordIsNotCorrect":"이전 비밀번호가 올바르지 않습니다",
    "lblNewPassword":"새 비밀번호",
    "lblConfirmPassword":"비밀번호 확인",
    "lblPasswordLengthShouldBeMoreThanSix":"암호 길이는 6 개 이상이어야합니다",
    "lblBothPasswordShouldBeMatched":"두 암호가 모두 일치해야합니다",
    "lblOldPasswordShouldNotBeSameAsNewPassword":"이전 암호는 새 암호와 동일하지 않아야합니다",
    "lblSave":"구하다",
    "lblHello":"안녕하십니까",
    "lblMyItems":"내 아이템",
    "lblNoRestaurant":"레스토랑 없음",
    "lblDataUpdated":"데이터가 업데이트되었습니다",
    "lbDoYouWantToUpdateProfile":"프로필을 업데이트 하시겠습니까?",
    "lblEditProfile":"프로필 편집",
    "lblNumber":"숫자",
    "lblTryAgain":"다시 시도하십시오",
    "lblQR":"QR.",
    "lblScanForOurOnlineMenu":"온라인 메뉴를 검색하십시오",
    "lblUhOhSomethingWentWrong":"어 오! 무언가가 잘못되었습니다",
    "lblScanned":"스캔 한 것",
    "lblWrongQRCode":"QR 코드가 잘못되었습니다",
    "lblNoPermission":"비허가",
    "lblDoYouWantToDeleteRestaurant":"레스토랑을 삭제 하시겠습니까?",
    "lblSettings":"설정",
    "lblChangePassword":"암호 변경",
    "lblUserLoginWithSocialAccountCannotChangeThePassword":"소셜 계정으로 사용자 로그인은 암호를 변경할 수 없습니다",
    "lblDarkMode":"어두운 모드",
    "lblPrivacyPolicy":"개인 정보 정책",
    "lblRateUs":"우리를 평가하십시오",
    "lblTerms":"이용 약관",
    "lblShare":"앱 공유",
    "lblLogout":"로그 아웃",
    "lblAreYouSureYouWantToLogout":"로그 아웃 하시겠습니까?",
    "lblVisitAgain":"다시 방문하십시오",
    "lblPleaseEnterYourEmail":"이메일을 입력하십시오",
    "lblPleaseEnterYourPassword":"암호를 입력하십시오",
    "lblPassword":"비밀번호",
    "lblForgotPassword":"비밀번호를 잊으 셨나요",
    "lblSignIn":"로그인",
    "lblDontHaveAnAccount":"계정이있다",
    "lblCreateAccountHere":"여기에 계정을 만듭니다",
    "lblOR":"또는",
    "lblSignUp":"가입하기",
    "lblPleaseEnterName":"이름을 입력하십시오",
    "lblPleaseEnterPhoneNumber":"전화 번호를 입력하십시오",
    "lblPhoneNumber":"전화 번호",
    "lblPleaseEnterEmail":"이메일을 입력하십시오",
    "lblPleasEnterPassword":"임대 암호를 입력하십시오",
    "lblAlreadyHaveAccount":"이미 계정이 있습니다",
    "lblSignInHere":"여기에 로그인하십시오",
    "lblGoPaperless":"GO Paperless 메뉴 시스템",
    "lblGoPaperlessWithOurDigitalMenu":"QR 메뉴 응용 프로그램의 마술을 사용하면 화면 기능의 인스턴트 메뉴로 Paperless를 사용할 수 있습니다. 기술별로 제공되는 미래의 준비 메뉴를 작성하십시오!",
    "lblGetStarted":"시작하다",
    "lblWaitToScan":"스캔을 기다리십시오",
    "lblUserAlreadyRegisterWithEmail":"사용자가 이미 이메일로 등록합니다",
    "lblWrongURL":"잘못된 URL",
    "lblRemoveImage":"이미지를 제거하십시오",
    "lblSelectLanguage":"언어를 선택하십시오",
    "lblSelectTheme":"테마를 선택하십시오",
    "lblChangeRestaurantImage":"식당 이미지 변경",
    "lblChangeLogoImage":"로고 이미지 변경",
    "lblSelectThemeDesc":"사용자 정의 할 수 있고 창조적 인 능력으로 가득 차있는 여러 앱 테마 옵션을 갖춘 고객에게 원활한 브랜드 경험을 제공합니다.",
    "lblSelectLanguageDesc":"언어 개인화는 모든 새로운 레스토랑 QR 메뉴 앱으로 원하는 언어로 된 메뉴를 갖는 것보다 쉽고 쉽게 접근 할 수있는 것보다 쉽고 쉽게 접근 할 수있는 것보다 쉽습니다.",
    "lblRestaurant":"식당",
    "lblClickHere":"여기를 클릭하십시오",
    "lblForScanner":"스캐너 용",
    "lblAddYourBusinessOrServicehere":"여기에 귀하의 비즈니스 나 서비스를 추가하십시오 +",
    "lblPayViaWalletNumber": "월렛 번호로 결제",
    "lblPayViaQRCode": "QR 코드로 결제",
    "lblEnterWalletNumber": "지갑 번호 입력",
    "lblEnterAmount": "금액을 입력하세요",
    "lblPleaseEnterTheValidWalletNumber": "유효한 지갑 번호를 입력하십시오",
    "lblUserCouldNotSendYourWalletNumber": "사용자가 지갑 번호를 보낼 수 없습니다",
    "lblTransferredFromMyWallet": "내 지갑에서 이체됨",
    "news": "소식",
    "lblTo": "에게",
    "lblFrom": "에서",
    "lblSmallTo": "에게",
    "lblSmallFrom": "~에서",
    "lblReceived": "받았다"
}