{
    "home_page": "Startpagina",
    "personal_information": "Personal Information",
    "name": "Name",

    "email": "E-mail",
    "email_hint": "Voer uw e-mailadres in",
    "date_of_birth": "Geboortedatum",
    "required_field": "Verplicht veld",
    "submit_info": "Verzend informatie",
    "about_us": "Over ons",
    "settings": "Instellingen",
    "change_language": "Taal wijzigen",

    "name_hint": "Voer uw naam in",
    "enter_fullname": "Volledige naam",
    "enter_mobilenumber": "Mobiel nummer",
    "sendsmscode": "Stuur een sms-code om uw nummer te verifiëren",
    "sendverf": "Verificatiecode verzenden",
    "welcometo": "Welkom bij",
    "enter_verfcode": "Voer de sms-code in die is verzonden naar",
    "sending_code": "Sms-code verzenden naar",
    "back": "terug",
    "verify_otp": "Verifieer code",
    "auth_needed": "Authenticatie nodig om de instellingen te ontgrendelen",
    "auth_neededchat": "Authenticatie nodig om de chat te ontgrendelen",
    "lp_setalias": "Druk lang op de chat om een ​​alias in te stellen.",
    "swipehide": "Veeg opnieuw naar beneden om ze te verbergen",
    "swipeview": "Veeg over het scherm om verborgen chats te zien.",
    "loved": "Vond je de app geweldig? Beoordeel de app",
    "loadingfailed": "Laden mislukt! Start de app opnieuw",
    "setup": "Serverconfiguratie voltooid! Start de app opnieuw",
    "signin": "Aanmelden",
    "updateavl": "App-update beschikbaar",
    "updateavlmsg": "Er is een nieuwere versie van de app beschikbaar. U moet de app updaten om deze te blijven gebruiken.",
    "updatnow": "Nu bijwerken",
    "selectcontact": "Selecteer contact om te delen",
    "searchcontact": "Contact zoeken",
    "perm_contact": "Toestemming voor toegang tot contacten is nodig om contact te maken met mensen die je kent.",
    "nosearchresult": "Geen zoekresultaten",
    "search": "zoeken",
    "searchuser": "Zoek gebruiker",
    "validnum": "Voer een geldig nummer in",
    "chatws": "Chat zonder nummer op te slaan",
    "notexist": "bestaat niet in",
    "Invite": "Nodig gebruiker uit",
    "waitpeer": "Wachten tot uw peer deelneemt aan de chat.",
    "msgnotload": "Berichten kunnen niet worden geladen",
    "convended": "Gesprek beëindigd",
    "usernotjoined": "Gebruiker niet aangemeld",
    "msg": "Bericht",
    "pickdoc": "Kies een document",
    "plswait": "Bezig met verzenden ...",
    "sent": "Bericht is verzonden",
    "doc": "Document",
    "pickvideo": "Kies een video",
    "video": "Video",
    "pickimage": "Kies een afbeelding",
    "image": "Afbeelding",
    "record": "Audio opnemen",
    "audio": "Audio",
    "location": "Location",
    "contact": "Contact",
    "accept": "Accepteer uitnodiging:",
    "acpt": "Accepteren",
    "rjt": "Afwijzen",
    "unlck": "Chat deblokkeren om media te delen",
    "typmsg": "Typ een bericht",
    "savedconv": "Opgeslagen gesprekken",
    "unread": "ongelezen bericht",
    "nosave": "Geen opgeslagen berichten.",
    "unblock": "Deblokkeren",
    "unblocked": "Gedeblokkeerd!",
    "hidechat": "Chat verbergen",
    "unhidechat": "Chat zichtbaar maken!",
    "Cancel": "Annuleren",
    "sayhi": "Zeg hallo!",
    "today": "Vandaag",
    "yesterday": "Gisteren",
    "lastseen": "Laatst gezien om",
    "typing": "typing ...",
    "online": "online",
    "loading": "loading ...",
    "pmc": "Toestemming voor toegang tot microfoon en camera is vereist om te starten.",
    "vsmsg": "Veeg naar links over het scherm om opgeslagen berichten te bekijken.",
    "drag": "Sleep het bericht van je vriend van links naar rechts om gesprekken tot aan dat bericht te beëindigen.",
    "unlockchat": "Chat ontgrendelen",
    "lockchat": "Chat vergrendelen",
    "setwall": "Achtergrond instellen",
    "removeewall": "Achtergrond verwijderen",
    "showtutor": "Tutorials weergeven",
    "search_recentchats": "Zoeken in recente chats",
    "recentchats": "Recente chats",
    "chats": "Chats",
    "calls": "Gesprekken",
    "profile": "Profiel",
    "rate": "App beoordelen",
    "share": "App delen",
    "feedback": "Feedback",
    "tutorials": "Tutorials",
    "tnc": "Algemene voorwaarden",
    "pp": "Privacybeleid",
    "logout": "Uitloggen",
    "unblockchat": "Chat deblokkeren",
    "blockchat": "Chat blokkeren",
    "submit": "Verzenden",
    "saved": "Opgeslagen!",
    "save": "Opslaan",
    "validdetails": "Voer geldige gegevens in",
    "status": "Status",
    "setpasscode": "Stel de toegangscode in voordat u verder gaat.",
    "enterpass": "Voer de toegangscode in",
    "delete": "Verwijderen",
    "done": "Gedaan",
    "newans": "Geef een nieuw antwoord op!",
    "ansempty": "Antwoord mag niet leeg zijn!",
    "quesempty": "Vraag mag niet leeg zijn!",
    "sans": "Beveiligingsantwoord",
    "sques": "Beveiligingsvraag",
    "setpass": "Stel toegangscode in",
    "makesureotp": "Zorg ervoor dat uw telefoonnummer / OTP-code correct is en probeer het later opnieuw.",
    "setpasslong": "Het volgende wordt gebruikt om uw toegangscode opnieuw in te stellen voor het geval u deze vergeet. Stel een vraag in die alleen u kunt beantwoorden. Wees creatief en kies een antwoord dat moeilijk te raden is.",
    "welcomeback": "Welkom terug!",
    "failedlogin": "Inloggen mislukt!",
    "entervalidmob": "Voer een geldig nummer in.",
    "nameem": "Naam mag niet leeg zijn!",
    "correctotp": "Voer de juiste code in",
    "authfailed": "Authenticatie mislukt!",
    "authh": "Authenticatie",
    "trylater": "Probeer het later opnieuw!",
    "incomingaudio": "Inkomend audiogesprek ...",
    "incomingvideo": "Inkomend videogesprek ...",
    "startchat": "Start het chatten door op de knop rechtsonder te drukken!",
    "nochats": "Geen chats gevonden!",
    "clearlog": "Oproeplogboek wissen?",
    "clearloglong": "Wilt u alle oproeplogboeken verwijderen?",
    "allav": "Alle video- en audiogesprekgeschiedenis wordt hier weergegeven.",
    "nocalls": "Oproepen",
    "picked": "Oproep aangenomen",
    "voice": "Spraakoproep",
    "muted": "Peer-apparaat gedempt",
    "connecting": "Verbinden ...",
    "calling": "Bellen ...",
    "oncall": "On Call",
    "callended": "Oproep beëindigd!",
    "callrejected": "Oproep geweigerd!",
    "ps": "Toestemming voor toegang tot opslagruimte nodig om bestand te downloaden.",
    "psac": "Toestemming voor toegang tot opslag vereist om bestand te selecteren.",
    "eps": "Error Occured while Downloading",
    "folder": "Bestand gedownload in map:",
    "pms": "Toestemming voor toegang tot opslag vereist om foto's op uw telefoon op te slaan.",
    "removealias": "Alias ​​verwijderen",
    "setalias": "Alias ​​instellen",
    "aliasname": "Aliasnaam",
    "clocktime": "Uw kloktijd is niet synchroon met de servertijd. Stel deze correct in om door te gaan.",
    "letschat": "Laten we chatten",
    "joinme": "Join me at",
    "pgv": "Toestemming voor toegang tot Galerij vereist om Video te selecteren.",
    "pcv": "Toestemming voor toegang tot camera vereist om video te selecteren.",
    "pgi": "Toestemming voor toegang tot de galerij vereist om foto's te selecteren",
    "pci": "Toestemming voor toegang tot camera vereist om foto's te selecteren",
    "pm": "Toestemming voor toegang tot microfoon is vereist om te starten.",
    "forgotpassword": "Wachtwoord vergeten?",
    "updatesecurity": "Beveiliging bijwerken",
    "wrongans": "Verkeerd antwoord",
    "hardguess": "Gebruik een toegangscode die moeilijk te raden is.",
    "takeimage": "Maak een afbeelding om te beginnen",
    "takefile": "Neem een ​​bestand om te starten",
    "close": "Sluiten",
    "sendingrecord": "Opname wordt verzonden ... een ogenblik geduld alstublieft!",
    "sendrecord": "Opname verzenden",
    "audiorecorder": "Audiorecorder",
    "playingrecording": "Opname afspelen",
    "recording": "Opnemen ...",
    "recorderstopped": "Recorder is gestopt!",
    "mediamssgnotallowed": "Het verzenden van mediaberichten is tijdelijk uitgeschakeld door de beheerder.",
    "textmssgnotallowed": "Het verzenden van tekstberichten is tijdelijk uitgeschakeld door de beheerder.",
    "callnotallowed": "De belfunctie is tijdelijk uitgeschakeld door de beheerder.",
    "failedtoconfigure": "Configureren van app is mislukt. Start de app opnieuw!",
    "logindisabled": "De aanmeldingsfunctie is tijdelijk uitgeschakeld door de beheerder.",
    "allnotifications": "Meldingen",
    "newnotifications": "Nieuwe meldingen ontvangen",
    "nonotifications": "Geen notificaties",
    "copy": "Kopiëren",
    "agree": "Door verder te gaan ga je akkoord met de",


    "ntm": "Nieuw bericht",
    "nim": "📷 Foto",
    "nvm": "🎥 Video",
    "nam": "🎙️ Geluidsopname",
    "ncm": "👤 Contact gedeeld",
    "ndm": "📄 Document",
    "nlm": "📍 Huidige locatie gedeeld",
    "niac": "📞 Inkomende audio-oproep",
    "nivc": "🎥 Inkomend videogesprek",
    "ce": "Oproep beëindigd",
    "mc": "Gemiste oproep",
    "aorc": "De oproep accepteren of weigeren",
    "cr": " Gesprek geweigerd",
    "dltscs": "Succesvol verwijderd",
    "dltstatus": "Status verwijderen",
    "myactstatus": "Mijn actieve status",
    "nostatus": "Geen status in je opgeslagen contacten",
    "rcntupdates": "Recente updates",
    "mystatus": "Mijn status",
    "taptoupdtstatus": "Tik om statusupdate toe te voegen",
    "createstatus": "Status maken",
    "taptoview": "Tik om te bekijken",
    "viewedby": "Bekeken door",
    "typeacaption": "Typ een bijschrift",
    "settingsoption": "Instellingen",
    "myprofile": "Mijn profiel",
    "editprofile": "Bewerk profiel",
    "changednp": "Weergavenaam en foto wijzigen",
    "givesuggestions": "Suggesties geven over de app",
    "leavereview": "Laat je recensie achter",
    "pmtevents": "Promotie-evenementen en waarschuwingen",
    "abiderules": "Volg de regels",
    "processdata": "Weet hoe we uw gegevens verwerken",
    "recipients": "Ontvangers",
    "participants": "deelnemer",
    "about": "Over",
    "encryption": "encryptie",
    "encryptionshort": "Berichten en oproepen zijn end-to-end versleuteld",
    "newbroadcast": "Nieuwe uitzending",
    "newgroup": "Nieuwe groep",
    "admin": "beheerder",
    "setasadmin": "toegewezen als beheerder",
    "removeasadmin": "Verwijderen als beheerder",
    "remove": "Verwijderen",
    "removefromgroup": "Verwijderen uit de groep",
    "leavegroup": "Verlaat groep",
    "unabletoleavegrp": "Kan groep niet verlaten. probeer het opnieuw",
    "leftthegroup": "heeft de groep verlaten",
    "leave": "Laten staan",
    "deletegroup": "Groep verwijderen",
    "nodesc": "Geen beschrijving toegevoegd",
    "desc": "Omschrijving",
    "grpicondeletedby": "Groepspictogram verwijderd door",
    "grpiconchangedby": "Groepspictogram gewijzigd door",
    "createdby": "Gemaakt door",
    "createdbyu": "Gemaakt door jou",
    "removedbyadmin": "verwijderd door admin",
    "hasremoved": "heeft verwijderd",
    "confirm": "Bevestigen",
    "deletedgroup": "Deze groep is verwijderd door de beheerder OF je bent verwijderd uit deze groep",
    "onlyadminsend": "🔒 Alleen beheerders kunnen berichten in deze groep verzenden",
    "tapherefrgrpinfo": "Tik hier voor groepsinfo",
    "detectingloc": "is locatie aan het detecteren",
    "download": "DOWNLOAD",
    "preview": "VOORBEELD",
    "msgdeleted": "Bericht is verwijderd",
    "dltforeveryone": "Verwijderen voor iedereen",
    "dltforme": "Verwijder voor mij",
    "youleftthegroup": "Je hebt de groep verlaten",
    "uhaveadded": "Jij hebt toegevoegd",
    "youhaveremoved": "jij verwijderde",
    "youremovedgrpicon": "Je hebt het groepspictogram verwijderd",
    "hasremovedgrpicon": "heeft het groepspictogram verwijderd",
    "youupdatedgrpicon": "Je hebt het groepspictogram bijgewerkt",
    "hasupdatedgrpicon": "heeft het groepspictogram bijgewerkt",
    "youcreatedthisgroup": "Je hebt deze groep gemaakt",
    "hascreatedthisgroup": "deze groep gemaakt",
    "uhvupdatedgrpdetails": "Je hebt de groepsdetails bijgewerkt",
    "grpdetailsupdatebyadmin": "Groepsdetails bijgewerkt door Admin",
    "hasupdatedgrpdetails": "heeft groepsdetails bijgewerkt",
    "hasbeensetasadminbyu": "is door u ingesteld als beheerder",
    "hvsetuasadmin": "u instellen als beheerder",
    "theyremoveduasadmin": "heeft u verwijderd als beheerder",
    "adminahasadded": "Beheerder toegevoegd",
    "users": "Gebruikers",
    "added": "toegevoegd",
    "set": "set",
    "creategroup": "Nieuwe groep",
    "editgroup": "Groep bewerken",
    "groupname": "Groepsnaam",
    "groupdesc": "groepsomschrijving",
    "grouptype": "Groepstype",
    "adminhasadded": "Beheerder toegevoegd",
    "youandother": "jij & anderen",
    "youareaddedtothisgrp": "Je bent toegevoegd aan deze groep",
    "fromadmin": "van Admin",
    "asadmin": "als beheerder",
    "setgroup": "Groepsdetails instellen",
    "selected": "Geselecteerd",
    "selectcontacts": "Selecteer contacten om toe te voegen",
    "errorcreatinggroup": "Fout bij het toevoegen van gebruikers aan de groep. probeer het opnieuw",
    "deleting": "is aan het verwijderen",
    "deleted": "verwijderd",
    "blockbroadcast": "Deze uitzending blokkeren",
    "blockedbroadcast": "Deze uitzending geblokkeerd",
    "copied": "gekopieerd",
    "chatencryption": "Berichten en oproepen zijn end-to-end versleuteld. Niemand buiten deze chat kan ze lezen",
    "alreadydeleted": "Dit bericht is al verwijderd door de afzender",
    "fileexists": "Bestand bestaat al in map",
    "downloading": "is aan het downloaden",
    "broadcastupdatedbyadmin": "Uitzendgegevens bijgewerkt door beheerder",
    "uhaveupdatedbroadcast": "Je hebt de uitzendingsdetails bijgewerkt",
    "updatedbroadcast": "bijgewerkt de uitzendingsdetails",
    "editbroadcast": "Uitzending bewerken",
    "broadcastname": "Naam uitzending",
    "broadcastdesc": "Beschrijving van de uitzending",
    "removefromlist": "Verwijder van Lijst",
    "deletebroadcast": "Uitzending verwijderen",
    "broadcasticondlted": "Uitzendgroepspictogram door jou verwijderd",
    "broadcasticonupdtd": "Groepspictogram voor uitzending gewijzigd door jou",
    "senttorecp": "Verzonden naar totaal aantal ontvangers",
    "norecp": "Geen ontvangers beschikbaar om te verzenden",
    "tapforbroadcastinfo": "Tik hier voor uitzendingsinfo",
    "createdbroadcast": "Uitzendlijst is gemaakt",
    "erroraddingbroadcast": "Fout bij het toevoegen van gebruikers aan uitzending. probeer het opnieuw",
    "erroroccured": "Er is een fout opgetreden tijdens het laden. Herstart de app a.u.b.",
    "selectsinglecontact": "Selecteer Contactpersoon",
    "disabled": "Deze functie is tijdelijk uitgeschakeld door Admin",
    "uploading": "is aan het uploaden",
    "createbroadcast": "Uitzending makent",
    "setbroadcastdetails": "Uitzenddetails instellen",
    "bothuseradmin": "Zowel gebruikers- als beheerdersberichten toegestaan",
    "onlyadmin": "Alleen beheerdersberichten toegestaan",

    "generatingthumbnail": "is bezig met het genereren van miniatuur",
    "text": "Tekst",
    "endtoendencryption": "End-to-end encryptie",
    "maxfilesize": "Bestand moet kleiner zijn dan",
    "selectedfilesize": "Geselecteerde bestandsgrootte is",
    "norecentchats": "Geen recente chats",
    "forward": "Naar voren",
    "you": "Jij",
    "selectcontactstoforward": "Selecteer om door te sturen",
    "forwarded": "Doorgestuurd",
    "sending": "Bezig met verzenden",
    "maxnooffiles": "Maximaal aantal bestanden kan worden geselecteerd",
    "filesizeexceeded": "Een of meer bestandsgroottes hebben de toegestane maximale grootte overschreden",
    "selectcontacttoshare": "Selecteer om te delen",
    "maxallowed": "Maximaal toegestaan ​​:",


    "latest_credits":"Laatste tegoeden",
    "latest_debits":"Laatste afschrijvingen",
    "see_all": "Alles zien",
    "hide": "Verbergen",
    "deposits": "deposito's",
    "notifications": "Meldingen",
    "transactions": "Transacties",
    "hello": "Hallo",
    "user": "Gebruiker",
    "account_number": "Rekeningnummer",
    "available_balance": "beschikbaar saldo",
    "withdraw": "Terugtrekken",
    "scan_code": "Scancode",
    "scan_this_QR_code_to_get_transaction": "Scan deze QR-code om Transactie te krijgen",
    "scan_qr_code": "Scan QR-code",
    "qr_Barcode": "QR/streepjescode",
    "doubleTapToGoBack": "Dubbeltik om terug te gaan",
    "pleaseEnterValidEmail": "Gelieve een geldig e-mailadres in te vullen",
    "emailCannotBeEmpty": "E-mail mag niet leeg zijn!",
    "theUsernameMustBe6Characters": "De gebruikersnaam moet minimaal 6 tekens lang zijn",
    "pleaseEnterLessAmountThenWalletAmount": "Voer een lager bedrag in dan het bedrag in de portemonnee",
    "pleaseEnterValidAmount": "Voer een geldig bedrag in",
    "paymentIntentIdCopieToClipboard": "Betalingsintentie-ID gekopieerd naar klembord",
    "walletNumber": "Portemonneenummer",
    "noCreditRecordFound": "Geen kredietrecord gevonden.",
    "noDebitRecordFound.": "Geen debetrecord gevonden.",
    "copy": "Kopiëren",
    "to": "Tot :",
    "oK": "Oke",
    "transactionID": "Transactie ID :",
    "transactionDetails": "transactie details",
    "transactionType": "Transactie Type :",
    "depositRecordNotFound": "Stortingsrecord niet gevonden.",
    "transactionRecordNotFound": "Transactierecord niet gevonden.",
    "withdrawRecordNotFound.": "Intrekkingsrecord niet gevonden.",
    "payment": "Betaling",
    "enterAmount": "Voer een bedrag in",
    "payViaCard": "Betalen met kaart",
    "payViaWallet": "Betalen via Portemonnee",
    "pleaseWait": "Even geduld aub...",
    "enterYourEmail": "Voer uw e-mail in",
    "register": "Register",
    "saveThisTransactionIdForFuture": "Bewaar deze transactie-ID voor de toekomst",
    "amountWillBeRefundWithinWorkingDays,": "Bedrag wordt binnen 6 tot 8 werkdagen teruggestort,",
    "pleaseContactOurCustomerCare": "Neem dan contact op met onze klantenservice,",
    "doNotPressBackLeaveAppWhileDoingTransaction": "druk niet op terug of verlaat de app niet tijdens het doen van een transactie",
    "addToWallet": "Toevoegen aan portemonnee",
    "addAmountIntoWallet": "Bedrag toevoegen aan portemonnee",





    "lblLanguage":"Talen",
    "lblUpdateIngredient":"Update ingrediënt",
    "lblAddIngredient":"Ingrediënt toevoegen",
    "lblName":"Naam",
    "lblCancel":"Annuleren",
    "lblUpdate":"Update",
    "lblAdd":"Toevoegen",
    "lblPleaseAddIngredient":"Voeg alstublieft ingrediënt toe",
    "lblNew":"Nieuw",
    "lblCategories":"Categorieën",
    "lblLongPressOnCategoryForMoreOptions":"Druk lang op de categorie voor meer opties.",
    "lblA":"EEN",
    "lblAll":"Alle",
    "lblChooseCurrencySymbol":"Kies valutasymbool",
    "lblSelect":"Selecteren",
    "lblCamera":"Camera",
    "lblGallery":"Galerij",
    "lblForgetPassword":"Wachtwoord vergeten?",
    "lblEnterYouEmail":"Een RESET-wachtwoordlink wordt verzonden naar het hierboven ingevoerde e-mailadres",
    "lblEmail":"E-mail",
    "lblEnterValidEmail":"Vul een geldig emailadres in",
    "lblResetPassword":"Wachtwoord opnieuw instellen",
    "lblResetPasswordLinkHasSentYourMail":"Reset Wachtwoord Link heeft uw e-mail gestuurd",
    "lblEnable":"Inschakelen",
    "lblDisable":"Uitzetten",
    "lblTextForDeletingCategory":"Als u deze categorie verwijdert, worden alle menu's verwijderd. Wilt u deze categorie nog steeds verwijderen?",
    "lblWrongSelection":"Verkeerde selectie",
    "lblEdit":"Bewerking",
    "lblDelete":"Verwijderen",
    "lblSpicy":"Pittig",
    "lblJain":"Jain",
    "lblSpecial":"Speciaal",
    "lblPopular":"Populair",
    "lblShowMore":"Laat meer zien",
    "lblShowLess":"Laat minder zien",
    "lblFoodItems":"Etenswaren",
    "lblMenuItems":"Menu items",
    "lblNoMenuFor":"Geen menu voor",
    "lblCategory":"categorie",
    "lblNoData":"Geen informatie",
    "lblLight":"Licht",
    "lblDark":"Donker",
    "lblSystemDefault":"Systeemfout",
    "lblSelectYourTheme":"Selecteer uw thema",
    "lblAbout":"Over app",
    "lblRestaurantQRMenu":"QR-menu",
    "lblVersion":"Versie",
    "lblAboutScreenText":"QR-menu is een goed uitgeruste fladder-app. Op het einde van de gebruiker biedt het de gebruiker een eenvoudige manier om het menu van een restaurant te bekijken zonder zelfs de ober te confronteren. Het biedt een eenvoudige, beheersbare en onder-go-methodologie van het menu-kijkproces. Terwijl, op het einde van het restaurant Eigene, biedt de app een conventionele en gemakkelijk beheersbare methode om restaurants, voedselcategorieën en menu's te beheren",
    "lblPurchase":"Aankoop",
    "lblAddImage":"Voeg afbeelding toe",
    "lblChooseAnAction":"Kies een actie",
    "lblAddCategory":"categorie toevoegen",
    "lblDoYouWantToUpdate":"Wilt u updaten",
    "lblDoYouWantToAddThisCategory":"Wilt u deze categorie toevoegen",
    "lblDescription":"Beschrijving",
    "lblAddMenuItem":"Menu-item toevoegen",
    "lblDoYouWantToDelete":"Wil je stoppen",
    "lblDoYouWantToAddThisMenuItem":"Wilt u dit menu-item toevoegen",
    "lblPleaseChooseCategory":"Kies de categorie",
    "lblChooseCategory":"Kies categorie",
    "lblPrice":"Prijs",
    "lblIngredients":"Ingrediënten",
    "lblNewDescription":"Ontdek de exclusieve selectie van nieuwe gerechten en delicatessen die gekookt zijn om je smaakpapillen te tintelen",
    "lblVeg":"Vegetatief",
    "lblVegDescription":"Kies uit de exotische verzameling groenten, geroerd en gesauteerd gegooid en gekookt met perfectie",
    "lblSpicyDescription":"Heet en sissen, als u een fan bent van pittige keuken, bekijk het speciale pittige scala aan delicatessen.",
    "lblJainDescription":"Catering aan je voedselvoorkeuren is ons doel, verken een speciale Jain Food-menu om je perfecte te vinden",
    "lblSpecialDescription":"Als je onze exquisite collectie van gerechten niet hebt geprobeerd, mis dan niet om ons speciale menu dat voor jou is geserveerd.",
    "lblSweet":"Lief hoor",
    "lblSweetDescription":"Een maaltijd zonder dessert is onvolledig, tantaliseert je zintuigen met onze zoetste dessertcollectie",
    "lblPopularDescription":"Niet zeker wat te bestellen? Bekijk de sterk aanbevolen of bestsellers en de meest populaire keukens en delicatessen",
    "lblAddLogoImage":"Voeg logo-afbeelding toe",
    "lblAddRestaurantImage":"DD Restaurant Image",
    "lblUpdateRestaurant":"Update restaurant",
    "lblAddRestaurant":"Restaurant toevoegen",
    "lblDoYouWantToUpdateRestaurant":"Wilt u het restaurant bijwerken",
    "lblDoYouWantToAddRestaurant":"Wilt u Restaurant toevoegen",
    "lblType":"Type",
    "lblNonVeg":"Niet vegetarisch",
    "lblContact":"Contact",
    "lblCurrency":"Munteenheid",
    "lblNewItemValidity":"Nieuwe itemvaliditeit",
    "lblAddress":"Adres",
    "lblPasswordSuccessfullyChanged":"wachtwoord succesvol veranderd",
    "lblOldPassword":"Oud Wachtwoord",
    "lblOldPasswordIsNotCorrect":"Oud wachtwoord is niet correct",
    "lblNewPassword":"nieuw paswoord",
    "lblConfirmPassword":"bevestig wachtwoord",
    "lblPasswordLengthShouldBeMoreThanSix":"Wachtwoordlengte moet meer dan zes zijn",
    "lblBothPasswordShouldBeMatched":"Zowel wachtwoord moet worden gekoppeld",
    "lblOldPasswordShouldNotBeSameAsNewPassword":"Oud wachtwoord mag niet hetzelfde zijn als nieuw wachtwoord",
    "lblSave":"Opslaan",
    "lblHello":"Hallo",
    "lblMyItems":"Mijn spullen",
    "lblNoRestaurant":"Geen restaurant",
    "lblDataUpdated":"Gegevens bijgewerkt",
    "lbDoYouWantToUpdateProfile":"Wilt u profiel bijwerken",
    "lblEditProfile":"Bewerk profiel",
    "lblNumber":"Nummer",
    "lblTryAgain":"Probeer het opnieuw",
    "lblQR":"Qr",
    "lblScanForOurOnlineMenu":"Scannen voor ons online menu",
    "lblUhOhSomethingWentWrong":"Oh Oh! Er is iets fout gegaan",
    "lblScanned":"gescand",
    "lblWrongQRCode":"Verkeerde QR-code",
    "lblNoPermission":"Geen toestemming",
    "lblDoYouWantToDeleteRestaurant":"Wilt u restaurant verwijderen",
    "lblSettings":"Instellingen",
    "lblChangePassword":"Verander wachtwoord",
    "lblUserLoginWithSocialAccountCannotChangeThePassword":"Gebruikersinlog met sociaal account kan het wachtwoord niet wijzigen",
    "lblDarkMode":"Donkere modus",
    "lblPrivacyPolicy":"Privacybeleid",
    "lblRateUs":"Beoordeel ons",
    "lblTerms":"algemene voorwaarden",
    "lblShare":"Deel app",
    "lblLogout":"Uitloggen",
    "lblAreYouSureYouWantToLogout":"Weet je zeker dat je wilt uitloggen",
    "lblVisitAgain":"Opnieuw bezoeken",
    "lblPleaseEnterYourEmail":"Vul alstublieft uw e-mailadres in",
    "lblPleaseEnterYourPassword":"Voer uw wachtwoord in",
    "lblPassword":"Wachtwoord",
    "lblForgotPassword":"Wachtwoord vergeten",
    "lblSignIn":"Inloggen",
    "lblDontHaveAnAccount":"Geen account hebben",
    "lblCreateAccountHere":"Maak hier account aan",
    "lblOR":"OF",
    "lblSignUp":"Inschrijven",
    "lblPleaseEnterName":"Voer de naam in",
    "lblPleaseEnterPhoneNumber":"Voer het telefoonnummer in",
    "lblPhoneNumber":"Telefoonnummer",
    "lblPleaseEnterEmail":"Voer een e-mail in",
    "lblPleasEnterPassword":"lease invoeren wachtwoord",
    "lblAlreadyHaveAccount":"Heb je al een account",
    "lblSignInHere":"Meld je hier aan",
    "lblGoPaperless":"Ga papierloos menusysteem",
    "lblGoPaperlessWithOurDigitalMenu":"Met de magie van de QR-menu-app kunt u papierloos met instant-menu op het schermfunctie. Bouw een toekomstgereed menu dat wordt aangedreven door technologie!",
    "lblGetStarted":"Begin",
    "lblWaitToScan":"Wacht om te scannen",
    "lblUserAlreadyRegisterWithEmail":"Gebruiker al registreren met e-mail",
    "lblWrongURL":"Verkeerde url",
    "lblRemoveImage":"Verwijder beeld",
    "lblSelectLanguage":"Selecteer taal",
    "lblSelectTheme":"Selecteer thema",
    "lblChangeRestaurantImage":"Verander het beeld van het restaurant",
    "lblChangeLogoImage":"Wijzig logo afbeelding",
    "lblSelectThemeDesc":"Bieden naadloze merkervaring aan uw klanten met meerdere app-thema-opties die aanpasbaar en vol creatief vermogen zijn.",
    "lblSelectLanguageDesc":"Taalpersonalisatie is een ding en wat er meer toegankelijk en gemakkelijk kan voelen dan een menu in de taal van uw voorkeur met alle nieuwe restaurant QR-menu-app.",
    "lblRestaurant":"Restaurant",
    "lblClickHere":"Klik hier",
    "lblForScanner":"voor scanner",
    "lblAddYourBusinessOrServicehere": "oeg hier uw bedrijf of service toe +",
    "lblPayViaWalletNumber": "Betalen via Portemonneenummer",
    "lblPayViaQRCode": "Betalen via QR-code",
    "lblEnterWalletNumber": "Portefeuillenummer invoeren",
    "lblEnterAmount": "Voer een bedrag in",
    "lblPleaseEnterTheValidWalletNumber": "Voer het geldige portemonneenummer in",
    "lblUserCouldNotSendYourWalletNumber": "Gebruiker kan uw portefeuillenummer niet verzenden",
    "lblTransferredFromMyWallet": "Overgeboekt uit mijn portemonnee",
    "news": "NIEUWS",
    "lblTo": "Naar",
    "lblFrom": "Van",
    "lblSmallTo": "naar",
    "lblSmallFrom": "van",
    "lblReceived": "Ontvangen"
}