{
    "home_page": "Pagina inicial",
    "personal_information": "Informações pessoais",
    "name": "Nome",
    "email": "E-mail",
    "email_hint": "Digite seu e-mail",
    "date_of_birth": "Data de nascimento",
    "required_field": "Campo obrigatório",
    "submit_info": "Enviar informações",
    "about_us": "Sobre nós",
    "settings": "Definições",
    "change_language": "Mudar idioma",
    "name_hint": "Digite seu nome",
    "enter_fullname": "Nome completo",
    "enter_mobilenumber": "Número de telemóvel",
    "sendsmscode": "Envie um código SMS para verificar o seu número",
    "sendverf": "Enviar código de verificação",
    "welcometo": "Bem-vindo ao ",
    "enter_verfcode": "Digite o código SMS enviado para ",
    "sending_code": "Enviando código SMS para ",
    "back": "voltar",
    "verify_otp": "Código de verificação",
    "auth_needed": "Autenticação necessária para desbloquear as configurações",
    "auth_neededchat": "Autenticação necessária para desbloquear o bate-papo",
    "lp_setalias": "Pressione longamente no chat para definir o alias.",
    "swipehide": "Deslize para baixo novamente para ocultá-los",
    "swipeview": "Deslize a tela para baixo para ver os bate-papos ocultos.",
    "loved": "Gostou do app? Avalie o aplicativo",
    "loadingfailed": "O carregamento falhou. Reinicie o aplicativo",
    "setup": "Configuração do servidor concluída. Reinicie o aplicativo ",
    "signin": "Entrar",
    "updateavl": "Atualização de aplicativo disponível",
    "updateavlmsg": "Existe uma versão mais recente do aplicativo disponível. Você deve atualizar o aplicativo para continuar a usá-lo.",
    "updatnow": "Atualize agora",
    "selectcontact": "Selecione o contato para compartilhar",
    "searchcontact": "Pesquisar contato",
    "perm_contact": "A permissão para acessar contatos é necessária para se conectar com pessoas que você conhece.",
    "nosearchresult": "Sem resultados de pesquisa",
    "search": "Procurar",
    "searchuser": "Pesquisar usuário",
    "validnum": "Por favor insira um número válido",
    "chatws": "Converse sem salvar o número",
    "notexist": "não existe em ",
    "invite": "Convidar Usuário",
    "waitingpeer": "Esperando que seu colega entre no bate-papo.",
    "msgnotload": "As mensagens não carregam",
    "convended": "Conversa Terminada",
    "usernotjoined": "Usuário não aderiu",
    "msg": "Mensagem",
    "pickdoc": "Escolha um documento",
    "plswait": "Por favor, aguarde...",
    "sent": " mensagem enviada ",
    "doc": "Documento",
    "pickvideo": "Escolha um vídeo",
    "video": "Vídeo",
    "pickimage": "Escolha uma imagem",
    "image": "Imagem",
    "record": "Gravar audio",
    "audio": "Áudio",
    "location": "Localização",
    "contact": "Contato",
    "accept": "Aceitar convite: ",
    "acpt": "Aceitar",
    "rjt": "Rejeitar",
    "unlck": "Desbloquear bate-papo para compartilhar mídia",
    "typmsg": "Digite uma mensagem",
    "savedconv": "Conversas salvas",
    "unread": " mensagem não lida",
    "nosave": "Nenhuma mensagem salva.",
    "unblock": "Desbloquear",
    "unblocked": "Desbloqueado! ",
    "hidechat": " Ocultar bate-papo",
    "unhidechat": "Reexibir bate-papo ",
    "cancel": "Cancelar ",
    "sayhi": "Diga oi ",
    "today": "Hoje",
    "yesterday": "Ontem",
    "lastseen": "Visto por último em",
    "typing": "digitando ...",
    "online": "conectadas",
    "loading": "carregando ...",
    "pmc": "A permissão para acessar o microfone e a câmera é necessária para iniciar.",
    "vsmsg": "Deslize para a esquerda na tela para ver as mensagens salvas.",
    "drag": "Arraste a mensagem de seu amigo da esquerda para a direita para encerrar as conversas até essa mensagem.",
    "unlockchat": "Desbloquear bate-papo",
    "lockchat": "Bloquear bate-papo",
    "setwall": "Definir papel de parede",
    "removewall": "Remover papel de parede",
    "showtutor": "Mostrar tutoriais",
    "search_recentchats": "Pesquisar bate-papos recentes",
    "recentchats": "Bate-papos recentes",
    "chats": "Bate-papos",
    "calls": "Ligações",
    "profile": "Perfil",
    "rate": "Avaliar app",
    "share": "Compartilhe o aplicativo",
    "feedback": "Comentários",
    "tutorials": "Tutoriais",
    "tnc": "termos e Condições",
    "pp": "Política de Privacidade",
    "logout": "Sair",
    "unblockchat": "Desbloquear bate-papo",
    "blockchat": "Bloquear bate-papo",
    "submit": "Enviar",
    "saved": "Salvou",
    "save": "Salve",
    "validdetails": "Insira detalhes válidos",
    "status": "Status",
    "setpasscode": "Defina a senha antes de continuar.",
    "enterpass": "Digite a senha",
    "delete": "Excluir",
    "done": "Feita",
    "newans": "Forneça uma nova resposta!",
    "ansempty": "A resposta não pode estar vazia!",
    "quesempty": "A pergunta não pode estar vazia!",
    "sans": "Resposta de segurança",
    "sques": "Pergunta de segurança",
    "setpass": "Definir código de acesso",
    "makesureotp": "Certifique-se de que seu número de telefone ou código de verificação está correto e tente novamente mais tarde.",
    "setpasslong": "O seguinte pode ser usado para redefinir sua senha caso você a esqueça. Emoldure uma pergunta que só você pode responder. Seja criativo e escolha uma resposta difícil de adivinhar.",
    "welcomeback": "Bem vindo de volta",
    "failedlogin": "Falha ao fazer login",
    "entervalidmob": "por favor insira um número válido.",
    "nameem": "O nome não pode estar vazio",
    "correctotp": "Digite o código correto",
    "authfailed": "A autenticação falhou!",
    "authh": "Autenticação",
    "trylater": "Por favor, tente novamente mais tarde !",
    "incomingaudio": "Recebendo chamada de áudio ...",
    "incomingvideo": "Recebendo videochamada ...",
    "startchat": "Comece a conversar pressionando o botão no canto inferior direito!",
    "nochats": "Nenhum bate-papo encontrado!",
    "clearlog": "Limpar registro de chamadas?",
    "clearloglong": "Você deseja excluir todos os registros de chamadas?",
    "allav": "Todo o histórico de chamadas de vídeo e áudio será mostrado aqui.",
    "nocalls": "Sem ligações",
    "picked": "Chamada atendida",
    "voice": "Chamada de voz",
    "muted": "Dispositivo par sem som",
    "connecting": "Conectando ...",
    "calling": "Ligando ...",
    "oncall": "Em Chamada",
    "callended": "Chamada finalizada !",
    "callrejected": "Ligação rejeitada!",
    "ps": "É necessária permissão para acessar o armazenamento para fazer o download do arquivo.",
    "psac": "É necessária permissão para acessar o armazenamento para selecionar o arquivo",
    "eps": "Ocorreu um erro durante o download",
    "folder": "Arquivo baixado na pasta: ",
    "pms": "Permissão para acessar o armazenamento necessário para salvar fotos em seu telefone.",
    "removealias": "Remover Alias",
    "setalias": "Definir Alias",
    "aliasname": "Nome do Alias",
    "clocktime": "A hora do seu relógio está fora de sincronia com a hora do servidor. Defina-o corretamente para continuar.",
    "letschat": "Vamos conversar ",
    "joinme": "Junte-se a mim em",
    "pgv": "É necessária permissão para acessar a Galeria para selecionar Vídeo.",
    "pcv": "É necessária permissão para acessar a câmera para selecionar Vídeo.",
    "pgi": "É necessária permissão para acessar a Galeria para selecionar fotos",
    "pci": "É necessária permissão para acessar a câmera para selecionar fotos",
    "pm": "A permissão para acessar o microfone é necessária para iniciar.",
    "forgotpassword": "Esqueceu a senha ?",
    "updatesecurity": "Segurança de atualização",
    "wrongans": "Resposta errada",
    "hardguess": "Use uma senha que seja difícil de adivinhar.",
    "takeimage": "Tire uma imagem para começar",
    "takefile": "Pegue um arquivo para começar",
    "close": "Perto",
    "sendingrecord": "Enviando Gravação ... aguarde!",
    "sendrecord": "Enviar Gravação",
    "audiorecorder": "Gravador de áudio",
    "playingrecording": "Reproduzindo Gravação",
    "recording": "Gravando ...",
    "recorderstopped": "O gravador está parado!",
    "mediamssgnotallowed": "O envio de mensagens de mídia está temporariamente desativado pelo administrador.",
    "textmssgnotallowed": "O envio de mensagens de texto está temporariamente desativado pelo administrador.",
    "callnotallowed": "O recurso de chamada foi temporariamente desativado pelo administrador.",
    "failedtoconfigure": "Falha ao configurar o aplicativo. Reinicie o aplicativo",
    "logindisabled": "O recurso de login está temporariamente desativado pelo administrador",
    "allnotifications": "Notificações",
    "newnotifications": "Novas notificações recebidas",
    "nonotifications": "Nenhuma notificação",
    "copy": "cópia de",
    "agree": "Ao continuar, você concorda com o",


    "ntm": "nova mensagem",
    "nim": "📷 foto",
    "nvm": "🎥 Vídeo",
    "nam": "🎙️ Gravação",
    "ncm": "👤 Contato compartilhado",
    "ndm": "📄 Documento",
    "nlm": "📍 Local compartilhado atual",
    "niac": "📞 chegando chamada de áudio",
    "nivc": "🎥 Videochamada chegando",
    "ce": "Chamada finalizada",
    "mc": "Chamada Perdida",
    "aorc": "Aceitar ou rejeitar a chamada",
    "cr": " Ligação rejeitada",
    "dltscs": "excluído com sucesso",
    "dltstatus": "Excluir status",
    "myactstatus": "meu status ativo",
    "nostatus": "Nenhum status em seus contatos salvos",
    "rcntupdates": "Atualizações recentes",
    "mystatus": "meu status",
    "taptoupdtstatus": "Toque para adicionar atualização de status",
    "createstatus": "Criar status",
    "taptoview": "toque para ver",
    "viewedby": "Visto por",
    "typeacaption": "Digite uma legenda",
    "settingsoption": "Configurações do aplicativo",
    "myprofile": "Meu perfil",
    "editprofile": "Editar Perfil",
    "changednp": "Alterar o nome de exibição e a foto",
    "givesuggestions": "Dê sugestões sobre o aplicativo",
    "leavereview": "Deixe a sua opinião",
    "pmtevents": "Eventos e alertas promocionais",
    "abiderules": "Siga as regras",
    "processdata": "Descubra como processamos seus dados",
    "recipients": "Destinatários",
    "participants": "Participantes",
    "about": "Cerca de",
    "encryption": "Encriptação",
    "encryptionshort": "Mensagens e chamadas são criptografadas de ponta a ponta",
    "newbroadcast": "Nova Broadcast",
    "newgroup": "Novo grupo",
    "admin": "Admin",
    "setasadmin": "Definir como administrador",
    "removeasadmin": "Remover como administrador",
    "remove": "Remover",
    "removefromgroup": "Remover do grupo",
    "leavegroup": "sair do grupo",
    "unabletoleavegrp": "Incapaz de sair do grupo. Por favor, tente novamente",
    "leftthegroup": "deixou o grupo",
    "leave": "Sair",
    "deletegroup": "Excluir Grupo",
    "nodesc": "Nenhuma descrição adicionada",
    "desc": "Descrição",
    "grpicondeletedby": "Ícone do grupo excluído por",
    "grpiconchangedby": "ícone do grupo alterado por",
    "createdby": "Criado por",
    "createdbyu": "criado por você",
    "removedbyadmin": "removido pelo administrador",
    "hasremoved": "removida",
    "confirm": "confirme",
    "deletedgroup": "Este grupo foi excluído pelo administrador OU você foi removido deste grupo",
    "onlyadminsend": "🔒 Apenas o administrador pode postar mensagens neste grupo.",
    "tapherefrgrpinfo": "Toque aqui para obter informações sobre o grupo",
    "detectingloc": "Detectando localização",
    "download": "DOWNLOAD",
    "preview": "PREVIEW",
    "msgdeleted": "A mensagem foi excluída",
    "dltforeveryone": "deletar para todos",
    "dltforme": "apaga para mim",
    "youleftthegroup": "você saiu do grupo",
    "uhaveadded": "tu adicionaste",
    "youhaveremoved": "Você removeu",
    "youremovedgrpicon": "Você removeu o ícone do grupo",
    "hasremovedgrpicon": "removeu o ícone do grupo",
    "youupdatedgrpicon": "Você atualizou o ícone do grupo",
    "hasupdatedgrpicon": "atualizou o ícone do grupo",
    "youcreatedthisgroup": "Você criou este grupo",
    "hascreatedthisgroup": "criou este grupo",
    "uhvupdatedgrpdetails": "Você atualizou os detalhes do Grupo",
    "grpdetailsupdatebyadmin": "Detalhes do grupo atualizados pelo administrador",
    "hasupdatedgrpdetails": "detalhes do grupo atualizados",
    "hasbeensetasadminbyu": "foi definido como administrador por você",
    "hvsetuasadmin": "definiu você como administrador",
    "theyremoveduasadmin": "removeu você como administrador",
    "adminahasadded": "administrador adicionado",
    "users": "Usuários de aplicativos",
    "added": "Adicionada",
    "set": "definir",
    "creategroup": "Novo grupo",
    "editgroup": "Editar Grupo",
    "groupname": "Nome do grupo",
    "groupdesc": "descrição do grupo",
    "grouptype": "Tipo de Grupo",
    "adminhasadded": "administrador adicionado",
    "youandother": "você é outro",
    "youareaddedtothisgrp": "Você foi adicionado a este grupo",
    "fromadmin": "do administrador",
    "asadmin": "como administrador",
    "setgroup": "Defina os detalhes do grupo",
    "selected": "selecionada",
    "selectcontacts": "Selecione contatos para adicionar",
    "errorcreatinggroup": "Erro ao adicionar usuários ao grupo. Por favor, tente novamente",
    "deleting": "Excluindo",
    "deleted": "Excluída",
    "blockbroadcast": "Bloquear esta Broadcast",
    "blockedbroadcast": "Bloqueou esta Broadcast",
    "copied": "copiada",
    "chatencryption": "As mensagens e chamadas são criptografadas de ponta a ponta. Ninguém fora deste chat pode lê-los",
    "alreadydeleted": "Esta mensagem já foi excluída pelo remetente",
    "fileexists": "O arquivo já existe na pasta",
    "downloading": "Baixando",
    "broadcastupdatedbyadmin": "Detalhes da Broadcast atualizados pelo administrador",
    "uhaveupdatedbroadcast": "Você atualizou os detalhes da Broadcast",
    "updatedbroadcast": "detalhes de Broadcast atualizados",
    "editbroadcast": "Editar Broadcast",
    "broadcastname": "nome de Broadcast",
    "broadcastdesc": "Descrição da Broadcast",
    "removefromlist": "Remover da lista",
    "deletebroadcast": "Excluir Broadcast",
    "broadcasticondlted": "Ícone do grupo de Broadcast que você excluiu",
    "broadcasticonupdtd": "Ícone do grupo de Broadcast alterado por você",
    "senttorecp": "Enviado para destinatários totais",
    "norecp": "Nenhum destinatário disponível para enviar",
    "tapforbroadcastinfo": "Toque aqui para obter informações de Broadcast",
    "createdbroadcast": "A lista de Broadcast é criada",
    "erroraddingbroadcast": "Erro ao adicionar usuários à Broadcast, tente novamente",
    "erroroccured": "Ocorreu um erro ao carregar. Reinicie o aplicativo",
    "selectsinglecontact": "Selecione o contato",
    "disabled": "Este recurso está temporariamente desativado pelo administrador",
    "uploading": "Está enviando",
    "createbroadcast": "Criar Broadcast",
    "setbroadcastdetails": "Definir detalhes de Broadcast",
    "bothuseradmin": "Mensagens de usuário e administrador permitidas",
    "onlyadmin": "Apenas mensagens de administrador são permitidas.",
    "generatingthumbnail": "Gerando miniatura",
    "text": "Texto",
    "endtoendencryption": "Criptografia ponta a ponta",
    "maxfilesize": "O arquivo deve ser menor que",
    "selectedfilesize": "O tamanho do arquivo selecionado é",
    "norecentchats": "Sem chats recentes",
    "forward": "Avançar",
    "you": "Vocês",
    "selectcontactstoforward": "Selecione para encaminhar",
    "forwarded": "Encaminhado",
    "sending": "Enviando",
    "maxnooffiles": "O número máximo de arquivos pode ser selecionado",
    "filesizeexceeded": "Um ou mais tamanhos de arquivo excederam o tamanho máximo permitido",
    "selectcontacttoshare": "Selecione para compartilhar",
    "maxallowed": "Máximo permitido :",


    "latest_credits":"Últimos Créditos",
    "latest_debits":"Últimos Débitos",
    "see_all": "Ver tudo",
    "hide": "Esconder",
    "deposits": "Depósitos",
    "notifications": "Notificações",
    "transactions": "Transações",
    "hello": "Olá",
    "user": "Do utilizador",
    "account_number": "Número de conta",
    "available_balance": "Saldo disponível",
    "withdraw": "Retirar",
    "scan_code": "Scan Code",
    "scan_this_QR_code_to_get_transaction": "Leia este código QR para obter a transação",
    "scan_qr_code": "Leia o código QR",
    "qr_Barcode": "QR / código de barras",
    "doubleTapToGoBack": "Toque duas vezes para voltar",
    "pleaseEnterValidEmail": "Por favor digite um email válido",
    "emailCannotBeEmpty": "O e-mail não pode estar vazio!",
    "theUsernameMustBe6Characters": "O nome de usuário deve ter pelo menos 6 caracteres",
    "pleaseEnterLessAmountThenWalletAmount": "Insira menos valor do que o valor da carteira",
    "pleaseEnterValidAmount": "Por favor, insira um valor válido",
    "paymentIntentIdCopieToClipboard": "ID da intenção de pagamento copiado para a área de transferência",
    "walletNumber": "Número da carteira",
    "noCreditRecordFound": "Nenhum registro de crédito encontrado.",
    "noDebitRecordFound.": "Nenhum registro de débito encontrado.",
    "copy": "cópia de",
    "to": "Para :",
    "oK": "OK",
    "transactionID": "ID da transação:",
    "transactionDetails": "Detalhes da transação",
    "transactionType": "Tipo de transação:",
    "depositRecordNotFound": "Registro de depósito não encontrado.",
    "transactionRecordNotFound": "Registro de transação não encontrado.",
    "withdrawRecordNotFound.": "Registro de retirada não encontrado.",
    "payment": "Pagamento",
    "enterAmount": "Insira o valor",
    "payViaCard": "Pague com cartão",
    "payViaWallet": "Pague via carteira",
    "pleaseWait": "Por favor, espere...",
    "enterYourEmail": "Digite seu e-mail",
    "register": "Registro",
    "saveThisTransactionIdForFuture": "Salve este ID de transação para o futuro",
    "amountWillBeRefundWithinWorkingDays,": "O valor será reembolsado dentro de 6 a 8 dias úteis,",
    "pleaseContactOurCustomerCare": "Entre em contato com nosso atendimento ao cliente.",
    "doNotPressBackLeaveAppWhileDoingTransaction": "não pressione para trás ou saia do aplicativo durante a transação",
    "addToWallet": "Adicionar à carteira",
    "addAmountIntoWallet": "Adicionar valor à carteira",






    "lblLanguage":"línguas",
    "lblUpdateIngredient":"Atualizar ingrediente",
    "lblAddIngredient":"Adicionar ingrediente",
    "lblName":"Nome",
    "lblCancel":"Cancelar",
    "lblUpdate":"Atualizar",
    "lblAdd":"Adicionar",
    "lblPleaseAddIngredient":"Por favor, adicione ingrediente",
    "lblNew":"Novo",
    "lblCategories":"Categorias",
    "lblLongPressOnCategoryForMoreOptions":"Pressione longa na categoria para mais opções.",
    "lblA":"UMA",
    "lblAll":"Tudo",
    "lblChooseCurrencySymbol":"Escolha símbolo de moeda",
    "lblSelect":"Selecione.",
    "lblCamera":"Câmera",
    "lblGallery":"Galeria",
    "lblForgetPassword":"Esqueceu a senha?",
    "lblEnterYouEmail":"Um link de redefinição de senha será enviado para o endereço de e-mail inserido acima",
    "lblEmail":"O email",
    "lblEnterValidEmail":"Digite email válido",
    "lblResetPassword":"Redefinir senha",
    "lblResetPasswordLinkHasSentYourMail":"Redefinir o link da senha enviou seu e-mail",
    "lblEnable":"Permitir",
    "lblDisable":"Desativar",
    "lblTextForDeletingCategory":"Se você excluir esta categoria, todos os seus menus serão removidos. Você ainda deseja excluir esta categoria?",
    "lblWrongSelection":"Seleção errada",
    "lblEdit":"Editar",
    "lblDelete":"Excluir",
    "lblSpicy":"Apimentado",
    "lblJain":"Jain",
    "lblSpecial":"Especial",
    "lblPopular":"Popular",
    "lblShowMore":"Mostre mais",
    "lblShowLess":"Mostre menos",
    "lblFoodItems":"Itens alimentares",
    "lblMenuItems":"Itens do menu",
    "lblNoMenuFor":"Nenhum menu para",
    "lblCategory":"categoria",
    "lblNoData":"Sem dados",
    "lblLight":"Luz",
    "lblDark":"Escuro",
    "lblSystemDefault":"Sistema padrão",
    "lblSelectYourTheme":"Selecione seu tema",
    "lblAbout":"Sobre app.",
    "lblRestaurantQRMenu":"Menu QR.",
    "lblVersion":"Versão",
    "lblAboutScreenText":"O menu QR é um aplicativo de flutter bem equipado. No final do usuário, ele oferece ao usuário uma maneira simples de visualizar o menu de um restaurante sem sequer confrontando o garçom. Ele oferece uma metodologia fácil, gerenciável e on-the-go do processo de visualização de menu. Enquanto, no dono do restaurante, o aplicativo oferece um método convencional e facilmente gerenciável para gerenciar restaurantes, categorias de alimentos e menus",
    "lblPurchase":"Compra",
    "lblAddImage":"Adicionar imagem",
    "lblChooseAnAction":"Escolha uma ação",
    "lblAddCategory":"Adicionar categoria",
    "lblDoYouWantToUpdate":"Você quer atualizar",
    "lblDoYouWantToAddThisCategory":"Você quer adicionar esta categoria?",
    "lblDescription":"Descrição",
    "lblAddMenuItem":"Adicionar item de menu",
    "lblDoYouWantToDelete":"Você quer deletar",
    "lblDoYouWantToAddThisMenuItem":"Você quer adicionar este item de menu",
    "lblPleaseChooseCategory":"Por favor escolha Categoria.",
    "lblChooseCategory":"Escolher categoria",
    "lblPrice":"Preço",
    "lblIngredients":"Ingredientes",
    "lblNewDescription":"Explore a seleção exclusiva de novos pratos e iguarias preparadas para formigar seus paladares",
    "lblVeg":"Veg",
    "lblVegDescription":"Selecione a partir da coleção exótica de legumes, agitada e sauté lançada e cozida com perfeição",
    "lblSpicyDescription":"Quente e crepitante, se você é fã de cozinha picante, confira a gama especial picante de iguarias.",
    "lblJainDescription":"Catering para suas preferências alimentares é o nosso objetivo, explore um menu de alimentos jain dedicado para encontrar o seu perfeito",
    "lblSpecialDescription":"Se você ainda não experimentou nossa requintada coleção de cozinhas, não perca nosso menu especial servido para você.",
    "lblSweet":"Doce",
    "lblSweetDescription":"Uma refeição sem sobremesa é incompleta, tantalize seus sentidos com a nossa mais doce coleção de sobremesas",
    "lblPopularDescription":"Não sabe o que pedir? Confira o altamente recomendado ou os mais vendidos e as mais populares culinárias e delícias",
    "lblAddLogoImage":"Adicionar imagem de logotipo.",
    "lblAddRestaurantImage":"Imagem do restaurante DD.",
    "lblUpdateRestaurant":"Atualizar restaurante",
    "lblAddRestaurant":"Adicionar restaurante",
    "lblDoYouWantToUpdateRestaurant":"Você quer atualizar o restaurante",
    "lblDoYouWantToAddRestaurant":"Você quer adicionar restaurante",
    "lblType":"Modelo",
    "lblNonVeg":"Não vegetariano",
    "lblContact":"Contato",
    "lblCurrency":"Moeda",
    "lblNewItemValidity":"Nova validade do item",
    "lblAddress":"Endereço",
    "lblPasswordSuccessfullyChanged":"Senha mudada com sucesso",
    "lblOldPassword":"Senha Antiga",
    "lblOldPasswordIsNotCorrect":"Senha antiga não está correta",
    "lblNewPassword":"Nova Senha",
    "lblConfirmPassword":"Confirme a Senha",
    "lblPasswordLengthShouldBeMoreThanSix":"O comprimento da senha deve ter mais de seis",
    "lblBothPasswordShouldBeMatched":"Tanto a senha deve ser combinada",
    "lblOldPasswordShouldNotBeSameAsNewPassword":"Senha antiga não deve ser a mesma senha",
    "lblSave":"Salve ",
    "lblHello":"Olá",
    "lblMyItems":"Meus itens",
    "lblNoRestaurant":"Nenhum restaurante",
    "lblDataUpdated":"Dados atualizados",
    "lbDoYouWantToUpdateProfile":"Você quer atualizar o perfil",
    "lblEditProfile":"Editar Perfil",
    "lblNumber":"Número",
    "lblTryAgain":"Tente novamente",
    "lblQR":"Qr.",
    "lblScanForOurOnlineMenu":"Digitalizar para o nosso menu on-line",
    "lblUhOhSomethingWentWrong":"Uh oh! Algo deu errado",
    "lblScanned":"escaneado",
    "lblWrongQRCode":"Código QR errado",
    "lblNoPermission":"Sem permissão",
    "lblDoYouWantToDeleteRestaurant":"Você quer excluir restaurante",
    "lblSettings":"Definições",
    "lblChangePassword":"Mudar senha",
    "lblUserLoginWithSocialAccountCannotChangeThePassword":"O login do usuário com conta social não pode alterar a senha",
    "lblDarkMode":"Modo escuro",
    "lblPrivacyPolicy":"Política de Privacidade",
    "lblRateUs":"Nos avalie",
    "lblTerms":"termos e Condições",
    "lblShare":"Compartilhe o aplicativo",
    "lblLogout":"Sair",
    "lblAreYouSureYouWantToLogout":"Tem certeza que deseja sair",
    "lblVisitAgain":"Visite novamente",
    "lblPleaseEnterYourEmail":"Por favor introduza o seu e-mail",
    "lblPleaseEnterYourPassword":"Por favor, insira sua senha",
    "lblPassword":"Senha",
    "lblForgotPassword":"Esqueceu sua senha",
    "lblSignIn":"Entrar",
    "lblDontHaveAnAccount":"Não tenha uma conta",
    "lblCreateAccountHere":"Crie conta aqui",
    "lblOR":"OU",
    "lblSignUp":"Inscrever-se",
    "lblPleaseEnterName":"Por favor, insira o nome",
    "lblPleaseEnterPhoneNumber":"Por favor, insira o número de telefone",
    "lblPhoneNumber":"Número de telefone",
    "lblPleaseEnterEmail":"Por favor, insira email.",
    "lblPleasEnterPassword":"Locação Digite a senha",
    "lblAlreadyHaveAccount":"Já tem conta",
    "lblSignInHere":"Entrar aqui",
    "lblGoPaperless":"Vá um sistema de menu sem papel",
    "lblGoPaperlessWithOurDigitalMenu":"A magia do aplicativo de menu QR permite que você seja sem papel com o menu instantâneo no recurso de tela. Construa um menu pronto futuro alimentado por tecnologia!",
    "lblGetStarted":"Iniciar",
    "lblWaitToScan":"Espere para digitalizar",
    "lblUserAlreadyRegisterWithEmail":"Usuário já registrou com e-mail",
    "lblWrongURL":"URL errada",
    "lblRemoveImage":"Remova a imagem.",
    "lblSelectLanguage":"Selecione o idioma",
    "lblSelectTheme":"Selecione o tema",
    "lblChangeRestaurantImage":"Mude a imagem do restaurante.",
    "lblChangeLogoImage":"Alterar imagem do logotipo.",
    "lblSelectThemeDesc":"Ofereça experiência em marca sem costura para seus clientes com várias opções de tema de aplicativos que são personalizáveis ​​e cheias de habilidade criativa.",
    "lblSelectLanguageDesc":"A personalização de idioma é uma coisa e o que mais pode se sentir acessível e fácil do que ter um menu no seu idioma preferido com todo o novo aplicativo de menu do restaurante QR.",
    "lblRestaurant":"Restaurante",
    "lblClickHere":"Clique aqui",
    "lblForScanner":"para scanner",
    "lblAddYourBusinessOrServicehere":"Adicione sua empresa ou serviço aqui +",
    "lblPayViaWalletNumber": "Pague via número da carteira",
    "lblPayViaQRCode": "Pague via QR Code",
    "lblEnterWalletNumber": "Digite o número da carteira",
    "lblEnterAmount": "Insira o valor",
    "lblPleaseEnterTheValidWalletNumber": "Digite o número válido da carteira",
    "lblUserCouldNotSendYourWalletNumber": "O usuário não conseguiu enviar o número da carteira",
    "lblTransferredFromMyWallet": "Transferido da minha carteira",
    "news": " 📰 NOTÍCIA",
    "lblTo": "Para",
    "lblFrom": "A partir de",
    "lblSmallTo": "para",
    "lblSmallFrom": "a partir de",
    "lblReceived": "Recebido"
}