{
    "home_page": "Домашняя страница",
    "personal_information": "Персональная информация",
    "name": "Имя",
    "email": "Электронное письмо",
    "email_hint": "Введите адрес электронной почты",
    "date_of_birth": "Дата рождения",
    "required_field": "Обязательное поле",
    "submit_info": "Отправить информацию",
    "about_us": "О нас",
    "settings": "Настройки",
    "change_language": "Изменить язык",
    "name_hint": "Введите ваше имя",
    "enter_fullname": "ФИО",
    "enter_mobilenumber": "Мобильный номер",
    "sendsmscode": "Получите SMS-код для подтверждения номера",
    "sendverf": "Получить код подтверждения",
    "welcometo": "Добро пожаловать в ",
    "enter_verfcode": "Введите SMS-код, отправленный на ",
    "sending_code": "Отправка SMS-кода на ",
    "back": "назад",
    "verify_otp": "Проверить код",
    "auth_needed": "Аутентификация, необходимая для разблокировки настроек",
    "auth_neededchat": "Аутентификация, необходимая для разблокировки чата",
    "lp_setalias": "Нажмите и удерживайте чат, чтобы установить псевдоним.",
    "swipehide": "Проведите вниз еще раз, чтобы скрыть их",
    "swipeview": "Проведите пальцем вниз по экрану, чтобы просмотреть скрытые чаты.",
    "loved": "Понравилось приложение? Оцените приложение ",
    "loadingfailed": "Ошибка загрузки! Пожалуйста, перезапустите приложение ",
    "setup": "Настройка сервера завершена! Пожалуйста, перезапустите приложение ",
    "signin": "Войти",
    "updateavl": "Доступно обновление приложения",
    "updateavlmsg": "Доступна более новая версия приложения. Вы должны обновить приложение, чтобы продолжить его использование.",
    "updatnow": "Обновить сейчас",
    "selectcontact": "Выберите контакт, чтобы поделиться",
    "searchcontact": "Поиск контакта",
    "perm_contact": "Разрешение на доступ к контактам необходимо для связи с людьми, которых вы знаете.",
    "nosearchresult": "Нет Результатов Поиска",
    "search": "Поиск",
    "searchuser": "Поиск пользователя",
    "validnum": "пожалуйста введите правильное число",
    "chatws": "Чат без сохранения номера",
    "notexist": "не существует в ",
    "invite": "Пригласить пользователя",
    "waitingpeer": "Жду, пока ваш коллега присоединится к чату.",
    "msgnotload": "Сообщения не загружаются",
    "convended": "Разговор закончился",
    "usernotjoined": "Пользователь не присоединился",
    "msg": "Сообщение",
    "pickdoc": "Выберите документ",
    "plswait": "Пожалуйста, подождите...",
    "sent": "сообщение было отправлено",
    "doc": "Документ",
    "pickvideo": "Выберите видео",
    "video": "видео",
    "pickimage": "Выберите изображение",
    "image": "Изображение",
    "record": "Запись аудио",
    "audio": "Аудио",
    "location": "Место расположения",
    "contact": "Контакт",
    "accept": "Принять приглашение : ",
    "acpt": "Принимать",
    "rjt": "Отклонять",
    "unlck": "Разблокируйте чат, чтобы поделиться медиа",
    "typmsg": "Напишите сообщение",
    "savedconv": "Сохраненные беседы",
    "unread": "непрочитанное сообщение",
    "nosave": "Нет сохраненных сообщений.",
    "unblock": "Разблокировать",
    "unblocked": "Разблокировано!",
    "hidechat": "Скрыть чат",
    "unhidechat": "Показать чат! ",
    "cancel": "Отмена ",
    "sayhi": "Скажи привет! ",
    "today": "Сегодня",
    "yesterday": "Вчера ",
    "lastseen": "был (-а) :",
    "typing": "печатает ...",
    "online": "онлайн",
    "loading": "загрузка ...",
    "pmc": "Для запуска требуется разрешение на доступ к микрофону и камере.",
    "vsmsg": "Проведите пальцем влево по экрану, чтобы просмотреть сохраненные сообщения.",
    "drag": "Перетащите сообщение друга слева направо, чтобы завершить беседу до этого сообщения.",
    "unlockchat": "Разблокировать чат",
    "lockchat": "Заблокировать чат",
    "setwall": "Установка обоев",
    "removewall": "Удалить обои",
    "showtutor": "Показать Подсказки",
    "search_recentchats": "Искать в недавних чатах",
    "recentchats": "Недавние чаты",
    "chats": "Чаты",
    "calls": "Звонки",
    "profile": "Профиль",
    "rate": "Оценить приложение",
    "share": "Поделиться приложением",
    "feedback": "Обратная связь",
    "tutorials": "Подсказки",
    "tnc": "Условия и положения",
    "pp": "Политика конфиденциальности",
    "logout": "Выйти",
    "unblockchat": "Разблокировать чат",
    "blockchat": "Заблокировать чат",
    "submit": "Представлять на рассмотрение",
    "saved": "Сохранено",
    "save": "Сохранить",
    "validdetails": "Введите действительные данные",
    "status": "Статус",
    "setpasscode": "Прежде чем продолжить, установите пароль.",
    "enterpass": "Введите пароль",
    "delete": "Удалить",
    "done": "Сохранить",
    "newans": "Пожалуйста, дайте новый ответ",
    "ansempty": "Ответ не может быть пустым",
    "quesempty": "Вопрос не может быть пустым",
    "sans": "Ответ безопасности",
    "sques": "Контрольный вопрос",
    "setpass": "Установите пароль",
    "makesureotp": "Убедитесь, что ваш номер телефона или код подтверждения правильный, и повторите попытку позже",
    "setpasslong": "Следующие действия можно использовать для сброса пароля на случай, если вы его забудете. Задайте вопрос, на который можете ответить только вы. Подойдите к вопросу творчески и выберите ответ, который сложно угадать",
    "welcomeback": "Добро пожаловать обратно",
    "failedlogin": "Не удалось войти",
    "entervalidmob": "Пожалуйста, введите корректное число",
    "nameem": "Имя не может быть пустым",
    "correctotp": "Введите правильный код",
    "authfailed": "Ошибка аутентификации",
    "authh": "Аутентификация",
    "trylater": "Пожалуйста, повторите попытку позже",
    "incomingaudio": "Входящий аудиовызов",
    "incomingvideo": "Входящий видеовызов",
    "startchat": "Начать чат, нажав кнопку внизу справа",
    "nochats": "Чатов не найдено",
    "clearlog": "Очистить журнал вызовов",
    "clearloglong": "Вы хотите удалить все журналы вызовов",
    "allav": "Здесь будет показана вся история видео- и аудиозвонков",
    "nocalls": "Звонков нет",
    "picked": "Звонок принят",
    "voice": "Голосовой звонок",
    "muted": "Одноранговое устройство отключено",
    "connecting": "Подключение",
    "calling": "Звонок",
    "oncall": "По вызову ",
    "callended": "Звонок окончен",
    "callrejected": "Вызов отклонен",
    "ps": "Разрешение на доступ к хранилищу, необходимое для загрузки файла",
    "psac": "Для выбора файла необходимо разрешение на доступ к хранилищу",
    "eps": "Ошибка при загрузке",
    "folder": "Файл загружен в папку: ",
    "pms": "Разрешение на доступ к хранилищу, необходимое для сохранения фотографий на телефон. ",
    "removealias": "Удалить псевдоним",
    "setalias": "Установить псевдоним",
    "aliasname": "Псевдоним",
    "clocktime": "Ваши часы не синхронизируются со временем сервера. Пожалуйста, установите его, чтобы продолжить",
    "letschat": "Давай поговорим ",
    "joinme": "Присоединяйтесь ко мне в",
    "pgv": "Для выбора видео необходимо разрешение на доступ к галерее",
    "pcv": "Для выбора видео необходимо разрешение на доступ к камере",
    "pgi": "Для выбора фотографий необходимо разрешение на доступ к галерее",
    "pci": "Для выбора фотографий необходимо разрешение на доступ к камере",
    "pm": "Для запуска требуется разрешение на доступ к микрофону.",
    "forgotpassword": "Забыл пароль",
    "updatesecurity": "Обновить безопасность",
    "wrongans": "Неправильный ответ ",
    "hardguess": "Используйте код доступа, который сложно угадать ",
    "takeimage": "Сделайте изображение, чтобы начать",
    "takefile": "Возьмите файл, чтобы начать",
    "close": "Закрывать",
    "sendingrecord": "Отправка записи ... подождите",
    "sendrecord": "Отправить запись",
    "audiorecorder": "Диктофон",
    "playingrecording": "Воспроизведение записи",
    "recording": "Запись ...",
    "recorderstopped": "Рекордер остановлен!",
    "mediamssgnotallowed": "Отправка медиа-сообщений временно отключена администратором.",
    "textmssgnotallowed": "Отправка текстовых сообщений временно отключена администратором.",
    "callnotallowed": "Функция звонков была временно отключена администратором",
    "failedtoconfigure": "Не удалось настроить приложение. Пожалуйста, перезапустите приложение",
    "logindisabled": "Функция входа в систему временно отключена администратором",
    "allnotifications": "Уведомления",
    "newnotifications": "Получены новые уведомления",
    "nonotifications": "Нет уведомлений",
    "copy": "Копировать",
    "agree": "Продолжая, вы соглашаетесь с",



    "ntm": "новое сообщение",
    "nim": "📷 Фото",
    "nvm": "🎥 видео",
    "nam": "🎙️ Запись",
    "ncm": "👤 Контакт получен",
    "ndm": "📄 Документ",
    "nlm": "📍 Получено текущее местоположение",
    "niac": "📞 Входящий аудиовызов",
    "nivc": "🎥 Входящий видеозвонок",
    "ce": "Звонок окончен",
    "mc": "Пропущенный звонок",
    "aorc": "Принять или отклонить звонок",
    "cr": " Вызов отклонен",
    "dltscs": "Успешно удалено",
    "dltstatus": "Удалить статус",
    "myactstatus": "Мой активный статус",
    "nostatus": "Нет статуса в ваших сохраненных контактах",
    "rcntupdates": "Недавние обновления",
    "mystatus": "Мой статус",
    "taptoupdtstatus": "Нажмите, чтобы добавить обновление статуса",
    "createstatus": "Создать статус",
    "taptoview": "нажмите, чтобы просмотреть",
    "viewedby": "Просмотрено мимо",
    "typeacaption": "Напиши что-нибудь",
    "settingsoption": "Настройки",
    "myprofile": "Мой профиль",
    "editprofile": "Редактировать профиль",
    "changednp": "Изменить отображаемое имя и фото",
    "givesuggestions": "Дайте предложения по применению",
    "leavereview": "Оставьте свой отзыв",
    "pmtevents": "Акции и оповещения",
    "abiderules": "Соблюдайте правила",
    "processdata": "Знайте, как мы обрабатываем ваши данные",
    "recipients": "Получатели",
    "participants": "Участников",
    "about": "О",
    "encryption": "Шифрование",
    "encryptionshort": "Сообщения и звонки зашифрованы сквозным шифрованием.",
    "newbroadcast": "Новая трансляция",
    "newgroup": "Новая группа",
    "admin": "Админ",
    "setasadmin": "Назначить администратором",
    "removeasadmin": "Удалить как администратора",
    "remove": "Удалять",
    "removefromgroup": "Удалить из группы",
    "leavegroup": "Покинуть группу",
    "unabletoleavegrp": "Невозможно покинуть группу. Повторите попытку.",
    "leftthegroup": "покинул группу",
    "leave": "Покинуть",
    "deletegroup": "Удалить группу",
    "nodesc": "Описание не добавлено",
    "desc": "Описание",
    "grpicondeletedby": "Значок группы удален мимо",
    "grpiconchangedby": "Значок группы изменен мимо",
    "createdby": "Создано мимо",
    "createdbyu": "Создано вами",
    "removedbyadmin": "удалено администратором",
    "hasremoved": "удалил",
    "confirm": "Подтверждать",
    "deletedgroup": "Эта группа была удалена администратором ИЛИ вас удалили из этой группы",
    "onlyadminsend": "🔒 Только администратор может отправлять сообщения в эту группу",
    "tapherefrgrpinfo": "Нажмите здесь, чтобы просмотреть информацию о группе",
    "detectingloc": "Определение местоположения",
    "download": "СКАЧАТЬ",
    "preview": "Предварительный просмотр",
    "msgdeleted": "Сообщение удалено",
    "dltforeveryone": "Удалить для всех",
    "dltforme": "Удалить для меня",
    "youleftthegroup": "Вы покинули группу",
    "uhaveadded": "Вы добавили",
    "youhaveremoved": "Вы удалили",
    "youremovedgrpicon": "Вы удалили значок группы",
    "hasremovedgrpicon": "удалил значок группы",
    "youupdatedgrpicon": "Вы обновили значок группы",
    "hasupdatedgrpicon": "обновил значок группы",
    "youcreatedthisgroup": "Вы создали эту группу",
    "hascreatedthisgroup": "создал эту группу",
    "uhvupdatedgrpdetails": "Вы обновили информацию о группе",
    "grpdetailsupdatebyadmin": "Сведения о группе обновлены администратором",
    "hasupdatedgrpdetails": "обновил сведения о группе",
    "hasbeensetasadminbyu": "был назначен вами администратором",
    "hvsetuasadmin": "назначил вас администратором",
    "theyremoveduasadmin": "удалил вас как администратора",
    "adminahasadded": "Админ добавил",
    "users": "Пользователи",
    "added": "Добавлен",
    "set": "набор",
    "creategroup": "Новая группа",
    "editgroup": "Редактировать группу",
    "groupname": "Имя группы",
    "groupdesc": "Описание группы",
    "grouptype": "Тип группы",
    "adminhasadded": "Админ добавлен",
    "youandother": "ты и другие",
    "youareaddedtothisgrp": "Вы добавлены в эту группу",
    "fromadmin": "от администратора",
    "asadmin": "как администратор",
    "setgroup": "Установить детали группы",
    "selected": "Выбрано",
    "selectcontacts": "Выберите контакты для добавления",
    "errorcreatinggroup": "Произошла ошибка при добавлении пользователей в группу. Попробуй еще раз.",
    "deleting": "Удаление",
    "deleted": "Удалено",
    "blockbroadcast": "Заблокировать эту трансляцию",
    "blockedbroadcast": "Заблокировал эту трансляцию",
    "copied": "Скопировано",
    "chatencryption": "Сообщения и звонки зашифрованы. Никто вне этого чата не может их прочитать",
    "alreadydeleted": "Это сообщение уже было удалено отправителем",
    "fileexists": "Файл уже существует в папке",
    "downloading": "Скачивание",
    "broadcastupdatedbyadmin": "Детали трансляции обновлены администратором",
    "uhaveupdatedbroadcast": "Вы обновили информацию о трансляции",
    "updatedbroadcast": "обновленные детали трансляции",
    "editbroadcast": "Редактировать трансляцию",
    "broadcastname": "Название трансляции",
    "broadcastdesc": "Описание трансляции",
    "removefromlist": "Удалить из списка",
    "deletebroadcast": "Удалить трансляцию",
    "broadcasticondlted": "Значок группы трансляции удален вами",
    "broadcasticonupdtd": "Значок группы трансляции изменен вами",
    "senttorecp": "Отправлено всем получателям",
    "norecp": "Нет доступных получателей для отправки",
    "tapforbroadcastinfo": "Щелкните здесь, чтобы просмотреть информацию о трансляции.",
    "createdbroadcast": "трансляции рассылки создан",
    "erroraddingbroadcast": "Ошибка при добавлении пользователей для трансляции. Повторите попытку.",
    "erroroccured": "Произошла ошибка при загрузке. Пожалуйста, перезапустите приложение",
    "selectsinglecontact": "Выберите контакт",
    "disabled": "Эта функция была временно отключена администратором",
    "uploading": "загрузка",
    "createbroadcast": "Создать трансляцию",
    "setbroadcastdetails": "Установить детали трансляции",
    "bothuseradmin": "Разрешены сообщения пользователей и администраторов",
    "onlyadmin": "Разрешены только сообщения администратора",
    "generatingthumbnail": "создает эскиз видео",
    "text": "Текст",
    "endtoendencryption": "Сквозное шифрование",
    "maxfilesize": "Файл должен быть меньше",
    "selectedfilesize": "Выбранный размер файла",
    "norecentchats": "Нет недавних чатов",
    "forward": "Вперед",
    "you": "Ты",
    "selectcontactstoforward": "Выберите для пересылки",
    "forwarded": "Переадресовано",
    "sending": "Отправка",
    "maxnooffiles": "Можно выбрать максимальное количество файлов",
    "filesizeexceeded": "Размер одного или нескольких файлов превышает допустимый максимальный размер.",
    "selectcontacttoshare": "Выберите, чтобы поделиться",
    "maxallowed": "Максимально допустимый :",


    "latest_credits":"Последние кредиты",
    "latest_debits":"Последние дебеты",
    "see_all": "Увидеть все",
    "hide": "Скрывать",
    "deposits": "Депозиты",
    "notifications": "Уведомления",
    "transactions": "Сделки",
    "hello": "Привет",
    "user": "Пользователь",
    "account_number": "Номер счета",
    "available_balance": "доступные средства",
    "withdraw": "Снять со счета",
    "scan_code": "Сканировать код",
    "scan_this_QR_code_to_get_transaction": "Отсканируйте этот QR-код, чтобы получить транзакцию",
    "scan_qr_code": "Отсканировать QR-код",
    "qr_Barcode": "QR / штрих-код",
    "doubleTapToGoBack": "Дважды нажмите, чтобы вернуться",
    "pleaseEnterValidEmail": "Пожалуйста, введите действительный адрес электронной почты",
    "emailCannotBeEmpty": "Электронная почта не может быть пустой!",
    "theUsernameMustBe6Characters": "Имя пользователя должно состоять не менее чем из 6 символов.",
    "pleaseEnterLessAmountThenWalletAmount": "Пожалуйста, введите меньшую сумму, чем сумма в кошельке",
    "pleaseEnterValidAmount": "Пожалуйста, введите действительную сумму",
    "paymentIntentIdCopieToClipboard": "Идентификатор платежного намерения скопирован в буфер обмена",
    "walletNumber": "Номер кошелька",
    "noCreditRecordFound": "Кредитная история не найдена.",
    "noDebitRecordFound.": "Дебетовая запись не найдена.",
    "copy": "Копировать",
    "to": "К :",
    "oK": "Ok",
    "transactionID": "ID транзакции :",
    "transactionDetails": "Детали транзакции",
    "transactionType": "Тип операции :",
    "depositRecordNotFound": "Депозитная запись не найдена.",
    "transactionRecordNotFound": "Запись транзакции не найдена.",
    "withdrawRecordNotFound.": "Отозвать запись не найдена.",
    "payment": "Оплата",
    "enterAmount": "Введите сумму",
    "payViaCard": "Оплатить картой",
    "payViaWallet": "Оплата через кошелек",
    "pleaseWait": "Подождите пожалуйста...",
    "enterYourEmail": "Введите адрес электронной почты",
    "register": "регистр",
    "saveThisTransactionIdForFuture": "Сохраните этот идентификатор транзакции на будущее",
    "amountWillBeRefundWithinWorkingDays,": "Сумма будет возвращена в течение 6-8 рабочих дней,",
    "pleaseContactOurCustomerCare": "Пожалуйста, свяжитесь с нашей службой поддержки клиентов.",
    "doNotPressBackLeaveAppWhileDoingTransaction": "не нажимайте назад и не выходите из приложения во время транзакции",
    "addToWallet": "Добавить в кошелек",
    "addAmountIntoWallet": "Добавить сумму в кошелек",





    "lblLanguage":"Языки",
    "lblUpdateIngredient":"Обновить ингредиент",
    "lblAddIngredient":"Добавить ингредиент",
    "lblName":"Имя",
    "lblCancel":"Отмена",
    "lblUpdate":"Обновлять",
    "lblAdd":"Добавлять",
    "lblPleaseAddIngredient":"Пожалуйста, добавьте ингредиент",
    "lblNew":"Новый",
    "lblCategories":"Категории",
    "lblLongPressOnCategoryForMoreOptions":"Долгое давление на категорию для получения дополнительных вариантов.",
    "lblA":"А.",
    "lblAll":"Все",
    "lblChooseCurrencySymbol":"Выберите символ валюты",
    "lblSelect":"Выбирать",
    "lblCamera":"Камера",
    "lblGallery":"Галерея",
    "lblForgetPassword":"Забыть пароль?",
    "lblEnterYouEmail":"Ссылка сброса пароля будет отправлена ​​на вышеупомянутый адрес электронной почты",
    "lblEmail":"Эл. адрес",
    "lblEnterValidEmail":"Введите действующий адрес электронной почты",
    "lblResetPassword":"Сброс пароля",
    "lblResetPasswordLinkHasSentYourMail":"Ссылка Password Link отправила вашу почту",
    "lblEnable":"Давать возможность",
    "lblDisable":"Запрещать",
    "lblTextForDeletingCategory":"Если вы удалите эту категорию, все его меню будут удалены. Вы все еще хотите удалить эту категорию?",
    "lblWrongSelection":"Неправильный выбор",
    "lblEdit":"Редактировать",
    "lblDelete":"Удалить",
    "lblSpicy":"Пряный",
    "lblJain":"Jain",
    "lblSpecial":"Особый",
    "lblPopular":"Популярный",
    "lblShowMore":"Показать больше",
    "lblShowLess":"Показывай меньше",
    "lblFoodItems":"Продукты питания",
    "lblMenuItems":"Пункты меню",
    "lblNoMenuFor":"Нет меню для",
    "lblCategory":"категория",
    "lblNoData":"Нет данных",
    "lblLight":"Свет",
    "lblDark":"Темный",
    "lblSystemDefault":"Системные установки по умолчанию",
    "lblSelectYourTheme":"Выберите свою тему",
    "lblAbout":"О приложении",
    "lblRestaurantQRMenu":"QR меню",
    "lblVersion":"Версия",
    "lblAboutScreenText":"QR MENU - это хорошо оборудованное приложение для трепетания. На конце пользователя он предлагает пользователю простой способ просмотреть меню ресторана, даже не противостоять официанту. Он предлагает простую, управляемую методологию просмотра меню просмотра меню. В то время как в конце владельца ресторана приложение предлагает обычный и легко управляемый метод управления ресторанами, категориями и меню продовольствия и меню",
    "lblPurchase":"Покупка",
    "lblAddImage":"Добавить изображение",
    "lblChooseAnAction":"Выберите действие",
    "lblAddCategory":"Добавить категорию",
    "lblDoYouWantToUpdate":"Вы хотите обновить",
    "lblDoYouWantToAddThisCategory":"Вы хотите добавить эту категорию",
    "lblDescription":"Описание",
    "lblAddMenuItem":"Добавить пункт меню",
    "lblDoYouWantToDelete":"Вы хотите удалить",
    "lblDoYouWantToAddThisMenuItem":"Вы хотите добавить этот пункт меню",
    "lblPleaseChooseCategory":"Пожалуйста, выберите категорию",
    "lblChooseCategory":"Выберите категорию",
    "lblPrice":"Цена",
    "lblIngredients":"Ингредиенты",
    "lblNewDescription":"Исследуйте эксклюзивный выбор новых блюд и деликатесов, приготовленные для покалывания ваших вкусовых почек",
    "lblVeg":"Вегетация",
    "lblVegDescription":"Выберите из экзотической коллекции овощей, перемешивают и обжарить, брошенные и приготовленные с совершенством",
    "lblSpicyDescription":"Горячий и шипящий, если вы фанат острой кухни, проверьте специальный пряный ассортимент деликатесов.",
    "lblJainDescription":"Кейтерирование к вашим предпочтениям для продуктов питания является нашей целью, изучить выделенное меню Jain Food, чтобы найти свой идеальный",
    "lblSpecialDescription":"Если вы еще не пробовали нашу изысканную коллекцию кухни, не пропустите на нашем специальном меню, обслуживаемых всем для вас.",
    "lblSweet":"Милая",
    "lblSweetDescription":"Еда без десерта неполна, танталирует ваши чувства с нашей сладкой коллекцией десерт",
    "lblPopularDescription":"Не уверен, что заказать? Проверьте настоятельно рекомендуемые или бестселлеры и самые популярные кухоны и деликатесы",
    "lblAddLogoImage":"Добавить logo Image.",
    "lblAddRestaurantImage":"DD Restaurant Image",
    "lblUpdateRestaurant":"Обновить ресторан",
    "lblAddRestaurant":"Добавить ресторан",
    "lblDoYouWantToUpdateRestaurant":"Хотите обновить ресторан",
    "lblDoYouWantToAddRestaurant":"Вы хотите добавить ресторан",
    "lblType":"Тип",
    "lblNonVeg":"Не вегетарианец",
    "lblContact":"Контакт",
    "lblCurrency":"Валюта",
    "lblNewItemValidity":"Новая достоверность предмета",
    "lblAddress":"Адрес",
    "lblPasswordSuccessfullyChanged":"Пароль успешно изменен",
    "lblOldPassword":"Прежний пароль",
    "lblOldPasswordIsNotCorrect":"Старый пароль не правильный",
    "lblNewPassword":"новый пароль",
    "lblConfirmPassword":"Подтвердите пароль",
    "lblPasswordLengthShouldBeMoreThanSix":"Длина пароля должна быть более шести",
    "lblBothPasswordShouldBeMatched":"Оба пароля должны быть сопоставлены",
    "lblOldPasswordShouldNotBeSameAsNewPassword":"Старый пароль не должен быть таким же, как новый пароль",
    "lblSave":"Сохранить",
    "lblHello":"Привет",
    "lblMyItems":"Мои вещи",
    "lblNoRestaurant":"Нет ресторана",
    "lblDataUpdated":"Данные обновлены",
    "lbDoYouWantToUpdateProfile":"Вы хотите обновить профиль",
    "lblEditProfile":"Редактировать профиль",
    "lblNumber":"Число",
    "lblTryAgain":"Попробуйте снова",
    "lblQR":"QR.",
    "lblScanForOurOnlineMenu":"Сканирование для нашего онлайн-меню",
    "lblUhOhSomethingWentWrong":"Ох! Что-то пошло не так",
    "lblScanned":"сканированный",
    "lblWrongQRCode":"Неправильный QR код",
    "lblNoPermission":"Нет разрешения",
    "lblDoYouWantToDeleteRestaurant":"Вы хотите удалить ресторан",
    "lblSettings":"Настройки",
    "lblChangePassword":"Измени пароль",
    "lblUserLoginWithSocialAccountCannotChangeThePassword":"Вход пользователя с социальной учетной записью не может изменить пароль",
    "lblDarkMode":"Темный режим",
    "lblPrivacyPolicy":"Политика конфиденциальности",
    "lblRateUs":"Оцените нас",
    "lblTerms":"Условия и условия",
    "lblShare":"Поделиться приложением",
    "lblLogout":"Выйти",
    "lblAreYouSureYouWantToLogout":"Вы действительно хотите выйти",
    "lblVisitAgain":"Посетите снова",
    "lblPleaseEnterYourEmail":"Пожалуйста, введите вашу электронную почту",
    "lblPleaseEnterYourPassword":"Пожалуйста введите ваш пароль",
    "lblPassword":"Пароль",
    "lblForgotPassword":"Забыл пароль",
    "lblSignIn":"Войти",
    "lblDontHaveAnAccount":"Не иметь аккаунта",
    "lblCreateAccountHere":"Создайте учетную запись здесь",
    "lblOR":"ИЛИ",
    "lblSignUp":"Подписаться",
    "lblPleaseEnterName":"Пожалуйста, введите имя",
    "lblPleaseEnterPhoneNumber":"Пожалуйста, введите номер телефона",
    "lblPhoneNumber":"Номер телефона",
    "lblPleaseEnterEmail":"Пожалуйста, введите адрес электронной почты",
    "lblPleasEnterPassword":"Аренда ввода пароля",
    "lblAlreadyHaveAccount":"Уже есть аккаунт",
    "lblSignInHere":"Войдите здесь",
    "lblGoPaperless":"Перейти безбумажную систему меню",
    "lblGoPaperlessWithOurDigitalMenu":"Волшебное приложение QR MENU позволяет вам пойти безбумажным с мгновенным меню на экране. Создайте будущее подготовительное меню, работающее по технологии!",
    "lblGetStarted":"Начать",
    "lblWaitToScan":"Подождите, чтобы сканировать",
    "lblUserAlreadyRegisterWithEmail":"Пользователь уже зарегистрирован в электронной почте",
    "lblWrongURL":"Неправильный адрес",
    "lblRemoveImage":"Удалить изображение",
    "lblSelectLanguage":"Выбрать язык",
    "lblSelectTheme":"Выберите тему",
    "lblChangeRestaurantImage":"Изменить изображение ресторана",
    "lblChangeLogoImage":"Изменить изображение logo",
    "lblSelectThemeDesc":"Предложите бесшовному опыту бренда своим клиентам с несколькими вариантами темы приложения, которые настраиваются и полны творческих способностей.",
    "lblSelectLanguageDesc":"Персонализация языка - это вещь, и что еще может чувствовать себя доступным и легко, чем иметь меню на вашем предпочтительном языке со всем новым приложением Restaurant QR-меню.",
    "lblRestaurant":"Ресторан",
    "lblClickHere":"кликните сюда",
    "lblForScanner":"для сканера",
    "lblAddYourBusinessOrServicehere":"Добавьте свой бизнес или услугу здесь +",
    "lblPayViaWalletNumber": "Оплата через номер кошелька",
    "lblPayViaQRCode": "Оплатить через QR-код",
    "lblEnterWalletNumber": "Введите номер кошелька",
    "lblEnterAmount": "Введите сумму",
    "lblPleaseEnterTheValidWalletNumber": "Пожалуйста, введите действительный номер кошелька",
    "lblUserCouldNotSendYourWalletNumber": "Пользователь не смог отправить номер вашего кошелька",
    "lblTransferredFromMyWallet": "Переведено из моего кошелька",
    "news": " 📰 НОВОСТИ",
    "lblTo": "К",
    "lblFrom": "От",
    "lblSmallTo": "к",
    "lblSmallFrom": "от",
    "lblReceived": "Получено"

}