{
    "home_page": "Ukurasa wa Nyumbani",
    "personal_information": "Maelezo ya Kibinafsi",
    "name": "Jina",

    "email": "Barua pepe",
    "email_hint": "Ingiza barua pepe yako",
    "date_of_birth": "Tarehe ya Kuzaliwa",
    "required_field": "Shamba Linalohitajika",
    "submit_info": "Wasilisha Maelezo",
    "about_us": "Kuhusu sisi",
    "settings": "Mipangilio",
    "change_language": "Badilisha lugha",


    "name_hint": "Ingiza jina lako",
    "enter_fullname": "Jina kamili",
    "enter_mobilenumber": "Nambari ya rununu",
    "sendsmscode": "Tuma Nambari ya SMS ili kuthibitisha nambari yako",
    "sendverf": "Tuma Msimbo wa Uthibitishaji",
    "welcometo": "Karibu ",
    "enter_verfcode": "Ingiza Nambari ya Msimbo iliyotumwa kwa ",
    "sending_code": "Kutuma Nambari ya SMS kwa ",
    "back": "kurudi",
    "verify_otp": "Thibitisha Msimbo",
    "auth_needed": "Uthibitishaji unahitajika kufungua Mipangilio",
    "auth_neededchat": "Uthibitishaji unahitajika kufungua Gumzo",
    "lp_setalias": "Bonyeza kwa muda mrefu kwenye gumzo ili kuweka jina.",
    "swipehide": "Telezesha chini tena ili uwafiche",
    "swipeview": "Telezesha chini skrini ili uone mazungumzo yaliyofichwa.",
    "loved": "Alipenda programu? Kadiria programu ",
    "loadingfailed": "Imeshindwa Kupakia! Tafadhali anzisha programu tena",
    "setup": "Usanidi wa Seva Umefanywa! Tafadhali anzisha programu tena ",
    "signin": "Ingia",
    "updateavl": "Sasisho la Programu Linapatikana",
    "updateavlmsg": "Kuna toleo jipya zaidi la programu inayopatikana. Lazima usasishe programu ili uendelee kuitumia.",
    "updatnow": "Sasisha Sasa",
    "selectcontact": "Chagua Mawasiliano ili Ushiriki",
    "searchcontact": "Tafuta Mawasiliano",
    "perm_contact": "Ruhusa ya kufikia anwani inahitajika ili kuungana na watu unaowajua",
    "nosearchresult": "Hakuna matokeo ya utaftaji",
    "search": "Tafuta",
    "searchuser": "Tafuta Mtumiaji",
    "validnum": "Tafadhali ingiza nambari halali  ",
    "chatws": "Ongea bila Kuhifadhi nambari ",
    "notexist": "haipo katika ",
    "invite": "Alika Mtumiaji",
    "waitingpeer": "Kusubiri mwenzako ajiunge na soga.",
    "msgnotload": "Ujumbe hauwezi kupakia",
    "convended": "Mazungumzo Yameisha",
    "usernotjoined": "Mtumiaji hajajiunga",
    "msg": "Ujumbe",
    "pickdoc": "Chagua Hati",
    "plswait": "Tafadhali Subiri ...",
    "sent": "Ujumbe umetumwa ",
    "doc": "Hati",
    "pickvideo": "Chagua Video",
    "video": "Video",
    "pickimage": "Chagua Picha",
    "image": "Picha",
    "record": "Rekodi Sauti",
    "audio": "Sauti",
    "location": "Mahali",
    "contact": "Mawasiliano",
    "accept": "Kubali Mwaliko: ",
    "acpt": "Kubali",
    "rjt": "Kataa",
    "unlck": "Futa gumzo ili Shiriki Media",
    "typmsg": "Andika ujumbe",
    "savedconv": "Mazungumzo yaliyohifadhiwa",
    "unread": " ujumbe ambao haujasomwa",
    "nosave": "Hakuna ujumbe uliohifadhiwa.",
    "unblock": "Zuia ",
    "unblocked": "Imefungiwa ! ",
    "hidechat": "Ficha Gumzo ",
    "unhidechat": "Ficha Gumzo! ",
    "cancel": "Ghairi ",
    "sayhi": "Sema Hi ",
    "today": "Leo",
    "yesterday": "Jana ",
    "lastseen": "Mara ya mwisho kuonekana",
    "typing": "kuandika ...",
    "online": "mkondoni",
    "loading": "kupakia ...",
    "pmc": "Ruhusa ya kupata Sauti na kamera inahitajika Kuanza.",
    "vsmsg": "Telezesha kidole kushoto kwenye skrini ili uone ujumbe uliohifadhiwa.",
    "drag": "Buruta rafiki yako ujumbe kutoka kushoto kwenda kulia kumaliza mazungumzo hadi ujumbe huo.",
    "unlockchat": "Fungua Gumzo",
    "lockchat": "funga gumzo",
    "setwall": "Weka Ukuta",
    "removewall": "Ondoa Ukuta",
    "showtutor": "Onyesha Mafunzo",
    "search_recentchats": "Tafuta Gumzo za Hivi Karibuni",
    "recentchats": "Gumzo za Hivi Karibuni",
    "chats": "Gumzo",
    "calls": "Simu",
    "profile": "Profaili",
    "rate": "Kadiria programu",
    "share": "Shiriki programu",
    "feedback": "Maoni",
    "tutorials": "Mafunzo",
    "tnc": "Masharti na Masharti",
    "pp": "Sera ya Faragha",
    "logout": "Kutoka",
    "unblockchat": "Fungua mazungumzo",
    "blockchat": "Zuia mazungumzo",
    "submit": "Wasilisha",
    "saved": "Imeokolewa !",
    "save": "Okoa",
    "validdetails": "Ingiza maelezo halali",
    "status": "Hali",
    "setpasscode": "Weka nambari ya siri kabla ya kuendelea.",
    "enterpass": "Ingiza nambari ya siri",
    "delete": "Futa",
    "done": "Imefanywa",
    "newans": "Tafadhali toa jibu jipya!",
    "ansempty": "Jibu haliwezi kuwa tupu!",
    "quesempty": "Swali haliwezi kuwa tupu!",
    "sans": "Jibu la Usalama",
    "sques": "Swali la Usalama",
    "setpass": "Weka Nambari ya siri",
    "makesureotp": "MHakikisha Nambari yako ya Simu / Nambari ya OTP ni sahihi na ujaribu tena baadaye.",
    "setpasslong": "Zifuatazo zitumike kuweka nambari yako ya siri ikiwa utaisahau. Weka swali tu unaweza kujibu. Kuwa mbunifu na chagua jibu ambalo ni ngumu kukisia.",
    "welcomeback": "Karibu tena!",
    "failedlogin": "Imeshindwa Kuingia!",
    "entervalidmob": "Tafadhali ingiza nambari halali",
    "nameem": "Jina haliwezi kuwa tupu!",
    "correctotp": "Ingiza Nambari Sahihi",
    "authfailed": "Uthibitishaji umeshindwa!",
    "authh": "Uthibitishaji",
    "trylater": "Tafadhali Jaribu tena baadaye!",
    "incomingaudio": "Simu inayoingia ya Sauti ...",
    "incomingvideo": "Simu inayoingia ya Video ...",
    "startchat": "Anza kuzungumza kwa kubonyeza kitufe chini kulia!",
    "nochats": "Hakuna mazungumzo yaliyopatikana!",
    "clearlog": "Futa kumbukumbu ya simu?",
    "clearloglong": "Je! unataka kufuta kumbukumbu zote za simu?",
    "allav": "Historia yote ya simu ya Video na Sauti itaonyeshwa hapa.",
    "nocalls": "Hakuna simu",
    "picked": "Simu imechukuliwa",
    "voice": "Simu ya Sauti",
    "muted": "Kifaa cha rika kimenyamazishwa",
    "connecting": "Kuunganisha ...",
    "calling": "Kupiga simu ...",
    "oncall": "Kwenye Simu ",
    "callended": "Simu Imekamilika!",
    "callrejected": "Simu Imekataliwa!",
    "ps": "Ruhusa ya kufikia Hifadhi inahitajika kupakua faili.",
    "psac": "Ruhusa ya kufikia Hifadhi inahitajika kuchagua faili.",
    "eps": "Kosa limetokea wakati wa Kupakua",
    "folder": "Faili imepakuliwa kwenye Folda: ",
    "pms": "Ruhusa ya kufikia hifadhi inahitajika kuhifadhi picha kwenye simu yako. ",
    "removealias": "Ondoa jina",
    "setalias": "Weka jina",
    "aliasname": "Jina la jina",
    "clocktime": "Wakati wako wa saa haujalingana na wakati wa seva. Tafadhali weka sawa ili kuendelea.",
    "letschat": "Tuzungumze ",
    "joinme": "Jiunge nami",
    "pgv": "Ruhusa ya kufikia Matunzio inahitajika kuchagua Video.",
    "pcv": "Ruhusa ya kufikia Kamera inahitajika kuchagua Video.",
    "pgi": "Ruhusa ya kufikia Matunzio inahitajika kuchagua Picha.",
    "pci": "Ruhusa ya kufikia Kamera inahitajika kuchagua Picha",
    "pm": "Ruhusa ya kufikia Sauti ya Sauti inahitajika Kuanza.",
    "forgotpassword": "Umesahau Nenosiri?",
    "updatesecurity": "Sasisha Usalama",
    "wrongans": "Jibu lisilo sahihi ",
    "hardguess": "Tumia nambari ya siri ambayo ni ngumu kudhani. ",
    "takeimage": "Chukua Picha kuanza",
    "takefile": "Chukua Faili kuanza",
    "close": "Funga",
    "sendingrecord": "Inatuma Kurekodi ... tafadhali subiri!",
    "sendrecord": "Tuma Kurekodi",
    "audiorecorder": "Kirekodi Sauti",
    "playingrecording": "Kucheza Kurekodi",
    "recording": "Kurekodi ...",
    "recorderstopped": "Kinasa kimesimamishwa!",
    "mediamssgnotallowed": "Kutuma Ujumbe wa Media kumezimwa kwa muda na msimamizi.",
    "textmssgnotallowed": "Kutuma Ujumbe kumezimwa kwa muda na msimamizi.",
    "callnotallowed": "Kipengele cha kupiga simu kimezimwa kwa muda na msimamizi.",
    "failedtoconfigure": "Imeshindwa kusanidi programu. Tafadhali anzisha programu tena!",
    "logindisabled": "Kipengele cha kuingia kimelemazwa kwa muda na msimamizi.",
    "allnotifications": "Arifa",
    "newnotifications": "Arifa mpya zimepokelewa",
    "nonotifications": "Hakuna Arifa",
    "copy": "Nakili",
    "agree": "Kwa kuendelea unakubaliana na",


    "ntm": "Ujumbe mpya",
    "nim": "📷 Picha",
    "nvm": "🎥 Video",
    "nam": "🎙️ Kurekodi",
    "ncm": "👤 Nambari ya simu imeshirikiwa",
    "ndm": "📄 Hati",
    "nlm": "📍 Eneo la Sasa limeshirikiwa",
    "niac": "📞 Simu inayoingia ya Sauti",
    "nivc": "🎥 Simu ya Video inayoingia",
    "ce": "Simu Imekamilika",
    "mc": "Simu Imekosa",
    "aorc": "Kubali au Kataa Wito",
    "cr": " Simu Imekataliwa",
    "dltscs": "Imefutwa kwa Ufanisi",
    "dltstatus": "Futa Hali",
    "myactstatus": "Status yangu ya sasa",
    "nostatus": "Hakuna Hali katika Nambari Zako za Simu zilizohifadhiwa",
    "rcntupdates": "Sasisho za hivi karibuni",
    "mystatus": "Status yangu",
    "taptoupdtstatus": "Gonga ili kuongeza sasisho la hali",
    "createstatus": "Unda Hali",
    "taptoview": "Gonga ili uone",
    "viewedby": "Imetazamwa na",
    "typeacaption": "Andika kitu",
    "settingsoption": "Mipangilio",
    "myprofile": "Profaili yangu",
    "editprofile": "Hariri Profaili",
    "changednp": "Badilisha Jina la Kuonyesha na Picha",
    "givesuggestions": "Toa Mapendekezo kuhusu programu",
    "leavereview": "Acha hakiki yako",
    "pmtevents": "Uendelezaji Matukio na Arifa za ",
    "abiderules": "Fuata sheria",
    "processdata": "Jua jinsi tunavyochakata data yako",
    "recipients": "Wapokeaji",
    "participants": "Washiriki",
    "about": "Kuhusu",
    "encryption": "Usimbaji fiche",
    "encryptionshort": "Ujumbe na simu zinalindwa sana",
    "newbroadcast": "Broadcast Mapya",
    "newgroup": "Kikundi kipya",
    "admin": "Usimamizi",
    "setasadmin": "Weka kama Msimamizi",
    "removeasadmin": "Ondoa kama Msimamizi",
    "remove": "Ondoa",
    "removefromgroup": "Ondoa kwenye Kikundi",
    "leavegroup": "Acha Kikundi",
    "unabletoleavegrp": "Imeshindwa kuondoka kwenye Kikundi. Tafadhali jaribu tena",
    "leftthegroup": "aliondoka kwenye Kikundi",
    "leave": "Ondoka",
    "deletegroup": "Futa Kikundi",
    "nodesc": "Hakuna maelezo yaliyoongezwa",
    "desc": "Maelezo",
    "grpicondeletedby": "Aikoni ya Kikundi imefutwa na",
    "grpiconchangedby": "Ikoni ya Kikundi imebadilishwa na",
    "createdby": "Imetengenezwa kupitia",
    "createdbyu": "Imeundwa na wewe",
    "removedbyadmin": "kuondolewa na Msimamizi",
    "hasremoved": "ameondoa",
    "confirm": "Thibitisha",
    "deletedgroup": "Kikundi hiki kimefutwa na Msimamizi AU umeondolewa kwenye kikundi hiki",
    "onlyadminsend": "🔒 Usimamizi tu ndiye anayeweza kutuma ujumbe katika Kikundi hiki",
    "tapherefrgrpinfo": "Gonga hapa kwa Maelezo ya Kikundi",
    "detectingloc": "Inatafuta Mahali",
    "download": "PAKUA",
    "preview": "MFANO",
    "msgdeleted": "Ujumbe umefutwa",
    "dltforeveryone": "Futa kwa Kila Mtu",
    "dltforme": "futa kwa mimi",
    "youleftthegroup": "Umeacha Kikundi",
    "uhaveadded": "Umeongeza",
    "youhaveremoved": "Umeondoa",
    "youremovedgrpicon": "Umeondoa Aikoni ya Kikundi",
    "hasremovedgrpicon": "imeondoa ikoni ya Kikundi",
    "youupdatedgrpicon": "Umesasisha Ikoni ya Kikundi",
    "hasupdatedgrpicon": "imesasisha ikoni ya Kikundi",
    "youcreatedthisgroup": "Uliunda Kikundi hiki",
    "hascreatedthisgroup": "imeunda Kikundi hiki",
    "uhvupdatedgrpdetails": "Umesasisha maelezo ya Kikundi",
    "grpdetailsupdatebyadmin": "Maelezo ya kikundi yamesasishwa na Msimamizi",
    "hasupdatedgrpdetails": "imesasisha maelezo ya Kikundi",
    "hasbeensetasadminbyu": "weka kama admin kupitia wewe",
    "hvsetuasadmin": "imekuweka kama Msimamizi",
    "theyremoveduasadmin": "imekuondoa kama Msimamizi",
    "adminahasadded": "Admin ameongeza",
    "users": "Watumiaji",
    "added": "Imeongezwa",
    "set": "kuweka",
    "creategroup": "Kikundi kipya",
    "editgroup": "Hariri Kikundi",
    "groupname": "Jina la Kikundi",
    "groupdesc": "Maelezo ya Kikundi",
    "grouptype": "Aina ya Kikundi",
    "adminhasadded": "Admin ameongeza",
    "youandother": "wewe na wengine",
    "youareaddedtothisgrp": "Umeongezwa kwenye Kikundi hiki",
    "fromadmin": "kutoka kwa Msimamizi",
    "asadmin": "kama Msimamizi",
    "setgroup": "Weka Maelezo ya kikundi",
    "selected": "Imechaguliwa",
    "selectcontacts": "Chagua Wawasiliani ili Uongeze",
    "errorcreatinggroup": "Kosa Kuongeza watumiaji kwenye kikundi. Tafadhali jaribu tena",
    "deleting": "Inafuta",
    "deleted": "Imefutwa",
    "blockbroadcast": "Zuia Broadcast hii",
    "blockedbroadcast": "Imezuia Broadcast haya",
    "copied": "Imenakiliwa",
    "chatencryption": "Ujumbe na simu zimesimbwa kwa mwisho-kwa-mwisho. Hakuna mtu nje ya mazungumzo haya anayeweza kuzisoma",
    "alreadydeleted": "Ujumbe huu tayari umefutwa na mtumaji",
    "fileexists": "Faili tayari ipo katika folda",
    "downloading": "Inapakua",
    "broadcastupdatedbyadmin": "Maelezo ya Broadcast yaliyosasishwa na Msimamizi",
    "uhaveupdatedbroadcast": "Umesasisha Maelezo ya Broadcast",
    "updatedbroadcast": "ilisasisha Maelezo ya Broadcast",
    "editbroadcast": "Hariri Broadcast",
    "broadcastname": "Jina la Broadcast",
    "broadcastdesc": "Maelezo ya Broadcast",
    "removefromlist": "Ondoa kwenye Orodha",
    "deletebroadcast": "Futa Broadcast",
    "broadcasticondlted": "Ikoni ya Kikundi cha Broadcast imefutwa na Wewe",
    "broadcasticonupdtd": "Ikoni ya Kikundi cha Broadcast ilibadilishwa na Wewe",
    "senttorecp": "Imetumwa kwa jumla ya wapokeaji",
    "norecp": "Hakuna wapokeaji wanaopatikana wa kutuma",
    "tapforbroadcastinfo": "Gonga hapa kwa ya maelezo Broadcast",
    "createdbroadcast": "Orodha ya Broadcast imeundwa",
    "erroraddingbroadcast": "Hitilafu Kuongeza Watumiaji Broadcast. Tafadhali jaribu tena",
    "erroroccured": "Hitilafu imetokea wakati wa kupakia. Tafadhali anzisha programu upya",
    "selectsinglecontact": "Chagua Mawasiliano",
    "disabled": "Kipengele hiki kimezimwa kwa muda na Msimamizi",
    "uploading": "Inapakia",
    "createbroadcast": "Unda Broadcast",
    "setbroadcastdetails": "Weka Maelezo ya Broadcast",
    "bothuseradmin": "Mtumiaji na Ujumbe wa Usimamizi Umeruhusiwa",
    "onlyadmin": "Ujumbe wa Usimamizi tu Unaruhusiwa",
    "generatingthumbnail": "Inazalisha Kijipicha...",
    "text": "Nakala",
    "endtoendencryption": "Usimbuaji wa Mwisho-Mwisho",
    "maxfilesize": "Faili inapaswa kuwa chini ya",
    "selectedfilesize": "Ukubwa wa faili uliochaguliwa ni",
    "norecentchats": "Hakuna mazungumzo ya hivi majuzi",
    "forward": "Mbele",
    "you": "Wewe",
    "selectcontactstoforward": "Chagua Kusambaza",
    "forwarded": "Imesambazwa",
    "sending": "Inatuma",
    "maxnooffiles": "Idadi kubwa ya faili zinaweza kuchaguliwa",
    "filesizeexceeded": "Ukubwa wa faili moja au zaidi ulizidi kiwango cha juu kinachoruhusiwa",
    "selectcontacttoshare": "Chagua Kushiriki",
    "maxallowed": "Upeo unaruhusiwa :",


    "latest_credits":"Mikopo ya Hivi Punde",
    "latest_debits":"Madeni ya Hivi Punde",
    "see_all": "Ona yote",
    "hide": "Ficha",
    "deposits": "Amana",
    "notifications": "Arifa",
    "transactions": "Shughuli",
    "hello": "Habari",
    "user": "Mtumiaji",
    "account_number": "Nambari ya Akaunti",
    "available_balance": "Salio Inapatikana",
    "withdraw": "Kutoa",
    "scan_code": "Changanua Msimbo",
    "scan_this_QR_code_to_get_transaction": "Changanua msimbo huu wa QR ili upate Muamala",
    "scan_qr_code": "Changanua msimbo wa QR",
    "qr_Barcode": "Msimbo wa QR/Pau",
    "doubleTapToGoBack": "Gusa Mara Mbili Ili Urudi Nyuma",
    "pleaseEnterValidEmail": "Tafadhali weka Barua pepe halali",
    "emailCannotBeEmpty": "Barua pepe haiwezi kuwa tupu!",
    "theUsernameMustBe6Characters": "Jina la mtumiaji lazima liwe na angalau vibambo 6",
    "pleaseEnterLessAmountThenWalletAmount": "Tafadhali weka kiasi kidogo kisha kiasi cha pochi",
    "pleaseEnterValidAmount": "Tafadhali weka kiasi halali",
    "paymentIntentIdCopieToClipboard": "Payment IntentId imenakiliwa kwenye ubao wa kunakili",
    "walletNumber": "Nambari ya Wallet",
    "noCreditRecordFound": "Hakuna Rekodi ya Salio Imepatikana.",
    "noDebitRecordFound.": "Hakuna Rekodi ya Debi Imepatikana.",
    "copy": "Nakili",
    "to": "Kwa:",
    "oK": "sawa",
    "transactionID": "Kitambulisho cha muamala :",
    "transactionDetails": "Maelezo ya Muamala",
    "transactionType": "Aina ya Muamala :",
    "depositRecordNotFound": "Rekodi ya Amana Haijapatikana.",
    "transactionRecordNotFound": "Rekodi ya Muamala Haijapatikana.",
    "withdrawRecordNotFound.": "Ondoa Rekodi Haijapatikana.",
    "payment": "Malipo",
    "enterAmount": "Weka Kiasi",
    "payViaCard": "Lipa kupitia Kadi",
    "payViaWallet": "Lipa kupitia Wallet",
    "pleaseWait": "Tafadhali subiri...",
    "enterYourEmail": "Weka Barua Pepe Yako",
    "register": "Sajili",
    "saveThisTransactionIdForFuture": "Hifadhi kitambulisho hiki cha muamala kwa siku zijazo",
    "amountWillBeRefundWithinWorkingDays,": "Kiasi kitarejeshwa ndani ya siku 6 hadi 8 za kazi,",
    "pleaseContactOurCustomerCare": "Tafadhali wasiliana na huduma kwa wateja wetu.",
    "doNotPressBackLeaveAppWhileDoingTransaction": "usibonyeze nyuma au uondoke kwenye programu unapofanya muamala",
    "addToWallet": "Ongeza kwenye Wallet",
    "addAmountIntoWallet": "Ongeza Kiasi kwenye Wallet",





    "lblLanguage":"Lugha",
    "lblUpdateIngredient":"Sasisha kiungo.",
    "lblAddIngredient":"Ongeza kiungo.",
    "lblName":"Jina.",
    "lblCancel":"Futa.",
    "lblUpdate":"UPDATE",
    "lblAdd":"Ongeza",
    "lblPleaseAddIngredient":"Tafadhali ongeza kiungo.",
    "lblNew":"NEW.",
    "lblCategories":"Jamii.",
    "lblLongPressOnCategoryForMoreOptions":"Waandishi wa habari kwa muda mrefu kwenye chaguzi zaidi.",
    "lblA":"A.",
    "lblAll":"Wote",
    "lblChooseCurrencySymbol":"Chagua ishara ya sarafu",
    "lblSelect":"Chagua",
    "lblCamera":"Kamera",
    "lblGallery":"Nyumba ya sanaa",
    "lblForgetPassword":"Kusahau nenosiri?",
    "lblEnterYouEmail":"Kiungo cha nenosiri cha upya kitatumwa kwenye anwani ya barua pepe iliyo hapo juu",
    "lblEmail":"Barua pepe",
    "lblEnterValidEmail":"Ingiza barua pepe halali.",
    "lblResetPassword":"Rekebisha nenosiri.",
    "lblResetPasswordLinkHasSentYourMail":"Rudisha kiungo cha nenosiri kimetuma barua yako",
    "lblEnable":"Wezesha",
    "lblDisable":"Zimaza",
    "lblTextForDeletingCategory":"Ikiwa unafuta jamii hii, menus yake yote itaondolewa.Kwa bado unataka kufuta jamii hii?",
    "lblWrongSelection":"Uchaguzi usiofaa",
    "lblEdit":"Hariri",
    "lblDelete":"Futa",
    "lblSpicy":"Spicy.",
    "lblJain":"Jain.",
    "lblSpecial":"Maalum",
    "lblPopular":"Maarufu",
    "lblShowMore":"Onyesha Zaidi",
    "lblShowLess":"Onyesha Chini.",
    "lblFoodItems":"Vitu vya chakula",
    "lblMenuItems":"Vitu vya menyu",
    "lblNoMenuFor":"Hakuna orodha ya",
    "lblCategory":"Jamii.",
    "lblNoData":"Hakuna data.",
    "lblLight":"Mwanga",
    "lblDark":"Giza",
    "lblSystemDefault":"Mfumo wa default.",
    "lblSelectYourTheme":"Chagua mandhari yako",
    "lblAbout":"Kuhusu programu",
    "lblRestaurantQRMenu":"Orodha ya QR.",
    "lblVersion":"Toleo.",
    "lblAboutScreenText":"Orodha ya QR ni programu ya flutter vizuri. Kwa mwisho wa mtumiaji, hutoa mtumiaji njia rahisi ya kuona orodha ya mgahawa bila hata kukabiliana na mhudumu. Inatoa mbinu rahisi, inayoweza kusimamia & juu ya mchakato wa kutazama menyu. Wakati, kwenye mmiliki wa mgahawa mwisho, programu inatoa njia ya kawaida na ya urahisi kusimamia migahawa, makundi ya chakula na menus",
    "lblPurchase":"Ununuzi",
    "lblAddImage":"Ongeza picha",
    "lblChooseAnAction":"Chagua hatua",
    "lblAddCategory":"Ongeza kikundi",
    "lblDoYouWantToUpdate":"Unataka kusasisha.",
    "lblDoYouWantToAddThisCategory":"Unataka kuongeza jamii hii",
    "lblDescription":"Maelezo.",
    "lblAddMenuItem":"Ongeza kipengee cha menyu",
    "lblDoYouWantToDelete":"Je! Unataka kufuta",
    "lblDoYouWantToAddThisMenuItem":"Unataka kuongeza kipengee hiki cha menyu",
    "lblPleaseChooseCategory":"Tafadhali chagua kiwanja",
    "lblChooseCategory":"Chagua kiwanja",
    "lblPrice":"Bei",
    "lblIngredients":"Viungo",
    "lblNewDescription":"Kuchunguza uteuzi wa kipekee wa sahani mpya na vyakula vilivyopikwa kupigwa buds yako ya ladha",
    "lblVeg":"Veg.",
    "lblVegDescription":"Chagua kutoka kwenye mkusanyiko wa mboga ya kigeni, kuchochewa na kusukwa na kupikwa na ukamilifu",
    "lblSpicyDescription":"Moto na ya kusisimua, kama wewe ni shabiki wa vyakula vya spicy, angalia aina maalum ya maridadi ya mazuri.",
    "lblJainDescription":"Upishi kwa mapendekezo yako ya chakula ni lengo letu, kuchunguza orodha ya chakula cha Jain ili kupata moja yako kamilifu",
    "lblSpecialDescription":"Ikiwa hujajaribu mkusanyiko wetu wa vyakula, usikose kwenye orodha yetu maalum ilikutumikia yote.",
    "lblSweet":"Tamu",
    "lblSweetDescription":"Chakula bila dessert haijakamilika, tantalize hisia zako na ukusanyaji wetu wa dessert nzuri zaidi",
    "lblPopularDescription":"Sijui nini cha kuagiza? Angalia vizuri au bora zaidi na vyakula maarufu zaidi na mazuri",
    "lblAddLogoImage":"Ongeza alama ya picha",
    "lblAddRestaurantImage":"Mgahawa wa DD",
    "lblUpdateRestaurant":"Sasisha mgahawa.",
    "lblAddRestaurant":"Ongeza mgahawa.",
    "lblDoYouWantToUpdateRestaurant":"Unataka kusasisha mgahawa.",
    "lblDoYouWantToAddRestaurant":"Unataka kuongeza mgahawa",
    "lblType":"Andika",
    "lblNonVeg":"Yasiyo ya veg.",
    "lblContact":"Mawasiliano",
    "lblCurrency":"Fedha",
    "lblNewItemValidity":"Uthibitisho mpya wa bidhaa.",
    "lblAddress":"Anwani",
    "lblPasswordSuccessfullyChanged":"Neno la siri limebadilishwa kwa ufanisi",
    "lblOldPassword":"namba ya siri ya zamani",
    "lblOldPasswordIsNotCorrect":"Neno la siri sio sahihi.",
    "lblNewPassword":"Nenosiri mpya",
    "lblConfirmPassword":"Thibitisha nenosiri.",
    "lblPasswordLengthShouldBeMoreThanSix":"Urefu wa nenosiri unapaswa kuwa zaidi ya sita",
    "lblBothPasswordShouldBeMatched":"Wote nenosiri linapaswa kuendana",
    "lblOldPasswordShouldNotBeSameAsNewPassword":"Neno la siri haipaswi kuwa sawa na nenosiri mpya",
    "lblSave":"Hifadhi",
    "lblHello":"Hello.",
    "lblMyItems":"Vipengee vyangu",
    "lblNoRestaurant":"Hakuna mgahawa.",
    "lblDataUpdated":"Data updated.",
    "lbDoYouWantToUpdateProfile":"Unataka kusasisha Profile.",
    "lblEditProfile":"Badilisha profile.",
    "lblNumber":"Idadi.",
    "lblTryAgain":"Jaribu tena",
    "lblQR":"QR.",
    "lblScanForOurOnlineMenu":"Scan kwa orodha yetu ya mtandaoni.",
    "lblUhOhSomethingWentWrong":"Uh oh! Kitu kilichokosa",
    "lblScanned":"Scanned.",
    "lblWrongQRCode":"Msimbo wa QR usiofaa",
    "lblNoPermission":"Hakuna idhini.",
    "lblDoYouWantToDeleteRestaurant":"Unataka kufuta mgahawa.",
    "lblSettings":"Mipangilio",
    "lblChangePassword":"Badilisha neno la siri",
    "lblUserLoginWithSocialAccountCannotChangeThePassword":"Ingia ya mtumiaji na akaunti ya kijamii haiwezi kubadilisha nenosiri.",
    "lblDarkMode":"Mode ya giza",
    "lblPrivacyPolicy":"Sera ya faragha.",
    "lblRateUs":"Kiwango cha US.",
    "lblTerms":"Masharti & Masharti.",
    "lblShare":"Shiriki programu",
    "lblLogout":"Ingia",
    "lblAreYouSureYouWantToLogout":"Una uhakika unataka kuingia",
    "lblVisitAgain":"Tembelea tena",
    "lblPleaseEnterYourEmail":"Tafadhali ingiza barua pepe yako",
    "lblPleaseEnterYourPassword":"Tafadhali ingiza nenosiri lako",
    "lblPassword":"Nenosiri.",
    "lblForgotPassword":"Umesahau nywila",
    "lblSignIn":"Weka sahihi",
    "lblDontHaveAnAccount":"Usiwe na akaunti.",
    "lblCreateAccountHere":"Unda akaunti hapa",
    "lblOR":"Au",
    "lblSignUp":"Jiandikisha",
    "lblPleaseEnterName":"Tafadhali ingiza jina",
    "lblPleaseEnterPhoneNumber":"Tafadhali ingiza namba ya simu.",
    "lblPhoneNumber":"Nambari ya simu",
    "lblPleaseEnterEmail":"Tafadhali ingiza barua pepe.",
    "lblPleasEnterPassword":"Kukodisha kuingia nenosiri.",
    "lblAlreadyHaveAccount":"Tayari una akaunti.",
    "lblSignInHere":"Ingia hapa",
    "lblGoPaperless":"Nenda mfumo wa menyu ya karatasi",
    "lblGoPaperlessWithOurDigitalMenu":"Uchawi wa programu ya QR Menu inakuwezesha kwenda bila karatasi na orodha ya papo hapo kwenye kipengele cha skrini. Jenga orodha ya Tayari ya Kesho inayotumiwa na Teknolojia!",
    "lblGetStarted":"Fungua",
    "lblWaitToScan":"Kusubiri scan.",
    "lblUserAlreadyRegisterWithEmail":"Mtumiaji tayari amejiandikisha kwa barua pepe.",
    "lblWrongURL":"URL mbaya",
    "lblRemoveImage":"Ondoa picha",
    "lblSelectLanguage":"Chagua lugha",
    "lblSelectTheme":"Chagua mandhari",
    "lblChangeRestaurantImage":"Badilisha picha ya mgahawa",
    "lblChangeLogoImage":"Badilisha picha ya alama",
    "lblSelectThemeDesc":"Kutoa uzoefu wa brand usio na usawa kwa wateja wako na chaguzi nyingi za mandhari ya programu ambazo ni customizable na kamili ya uwezo wa ubunifu.",
    "lblSelectLanguageDesc":"Ubunifu wa lugha ni kitu na nini kingine kinachoweza kuhisi kupatikana na rahisi kuliko kuwa na orodha katika lugha yako iliyopendekezwa na programu yote ya Mgahawa wa QR mpya.",
    "lblRestaurant":"Mgahawa",
    "lblClickHere":"Bonyeza hapa",
    "lblForScanner":"Kwa Scanner",
    "lblAddYourBusinessOrServicehere":"Ongeza biashara yako au huduma hapa +",
    "lblPayViaWalletNumber": "Lipa kupitia Nambari ya Wallet",
    "lblPayViaQRCode": "Lipa kupitia Msimbo wa QR",
    "lblEnterWalletNumber": "Weka Nambari ya Wallet",
    "lblEnterAmount": "Weka Kiasi",
    "lblPleaseEnterTheValidWalletNumber": "Tafadhali Weka Nambari Sahihi ya Wallet",
    "lblUserCouldNotSendYourWalletNumber": "Mtumiaji hakuweza kutuma nambari yako ya pochi",
    "lblTransferredFromMyWallet": "Imehamishwa kutoka kwa pochi yangu",
    "news": " 📰 HABARI",
    "lblTo": "Kwa",
    "lblFrom": "Kutoka",
    "lblSmallTo": "kwa",
    "lblSmallFrom": "kutoka",
    "lblReceived": "Imepokelewa"
}