{
    "name_hint": "Adınızı giriniz",
    "enter_fullname": "Ad Soyad",
    "enter_mobilenumber": "Cep numarası",
    "sendsmscode": "Numaranızı doğrulamak için bir SMS Kodu gönderin",
    "sendverf": "Doğrulama kodu Gönder",
    "welcometo": "Hoşgeldiniz ",
    "enter_verfcode": "Gönderilen SMS Kodunu girin ",
    "sending_code": "SMS Kodu Gönderiliyor ",
    "back": "geri",
    "verify_otp": "Doğrulama kodu",
    "auth_needed": "Ayarların kilidini açmak için kimlik doğrulama gerekli",
    "auth_neededchat": "Sohbetin kilidini açmak için kimlik doğrulama gerekli",
    "lp_setalias": "Takma ad ayarlamak için sohbete uzun basın.",
    "swipehide": "Gizlemek için tekrar aşağı kaydırın",
    "swipeview": "Gizli sohbetleri görüntülemek için ekranı aşağı kaydırın.",
    "loved": "Uygulamayı beğendin mi? Uygulamayı oyla ",
    "loadingfailed": "Yükleme Başarısız! Lütfen uygulamayı yeniden başlatın ",
    "setup": "Sunucu Kurulumu Tamamlandı! Lütfen uygulamayı yeniden başlatın ",
    "signin": "Oturum aç",
    "updateavl": "Uygulama Güncellemesi Mevcut",
    "updateavlmsg": "Uygulamanın daha yeni bir sürümü var. Kullanmaya devam etmek için uygulamayı güncellemelisiniz.",
    "updatnow": "Şimdi güncelle",
    "selectcontact": "Paylaşılacak Kişiyi Seçin",
    "searchcontact": "İletişim Ara",
    "perm_contact": "Tanıdığınız kişilerle bağlantı kurmak için kişilere erişim izni gereklidir.",
    "nosearchresult": "Arama sonucu bulunamadı",
    "search": "Arama",
    "searchuser": "Kullanıcı Ara",
    "validnum": "Lütfen geçerli bir numara girin  ",
    "chatws": "Numarayı kaydetmeden sohbet edin ",
    "notexist": " yok ",
    "invite": "Kullanıcıyı Davet Et",
    "waitingpeer": "Arkadaşınızın sohbete katılmasını bekliyorum.",
    "msgnotload": "Mesajlar yüklenemiyor",
    "convended": "Görüşme Sona Erdi",
    "usernotjoined": "Kullanıcı katılmadı",
    "msg": "İleti",
    "pickdoc": "Bir Belge Seçin",
    "plswait": "Lütfen birkaç saniye bekleyin!",
    "sent": "mesaj gönderildi",
    "doc": "Belge",
    "pickvideo": "Bir Video Seçin",
    "video": "Video",
    "pickimage": "Bir Resim Seçin",
    "image": "Resim",
    "record": "Ses kaydı",
    "audio": "Ses",
    "location": "yer",
    "contact": "İletişim",
    "accept": "Daveti kabul etmek : ",
    "acpt": "Kabul etmek",
    "rjt": "Reddet",
    "unlck": "Medya Paylaşmak için sohbetin engelini kaldırın",
    "typmsg": "Bir mesaj yazın",
    "savedconv": "Kaydedilen Görüşmeler",
    "unread": " okunmamış mesaj",
    "nosave": "Kaydedilmiş mesaj yok.",
    "unblock": "engeli kaldırmak",
    "unblocked": "Engellenmedi!",
    "hidechat": "Sohbeti Gizle",
    "unhidechat": "Sohbeti Göster!",
    "cancel": " İptal etmek",
    "sayhi": " Merhaba de!",
    "today": "Bugün",
    "yesterday": "Dün",
    "lastseen": "Son görülme tarihi:",
    "typing": "yazıyor ...",
    "online": "internet üzerinden",
    "loading": "Yükleniyor ...",
    "pmc": "Başlatmak için Mikrofon ve kameraya erişim izni gereklidir.",
    "vsmsg": "Kaydedilmiş mesajları görüntülemek için ekranda sola kaydırın.",
    "drag": "Arkadaşınızın mesajını soldan sağa sürükleyerek konuşmaları o mesaja kadar sonlandırın.",
    "unlockchat": "Sohbetin Kilidini Aç",
    "lockchat": "Sohbeti Kilitle",
    "setwall": "Duvar kağıdı ayarla",
    "removewall": "Duvar Kağıdını Kaldır",
    "showtutor": "Eğiticileri Göster",
    "search_recentchats": "Son Sohbetlerde Ara",
    "recentchats": "Son Sohbetler",
    "chats": "Sohbetler",
    "calls": "Aramalar",
    "profile": "Profil",
    "rate": "Uygulamayı değerlendirin",
    "share": "Uygulamayı Paylaş",
    "feedback": "geri bildirim",
    "tutorials": "Öğreticiler",
    "tnc": "şartlar ve koşullar",
    "pp": "Gizlilik Politikası",
    "logout": "Çıkış Yap",
    "unblockchat": "Sohbetin Engelini Kaldır",
    "blockchat": "Sohbeti Engelle",
    "submit": "Sunmak",
    "saved": "Kaydedildi!",
    "save": "Kayıt etmek",
    "validdetails": "Geçerli ayrıntıları girin",
    "status": "Durum",
    "setpasscode": "Devam etmeden önce şifreyi ayarlayın.",
    "enterpass": "Şifreyi girin",
    "delete": "Sil",
    "done": "Bitti",
    "newans": "Lütfen yeni bir cevap verin!",
    "ansempty": "Cevap boş bırakılamaz!",
    "quesempty": "Soru boş olamaz!",
    "sans": "Güvenlik cevabı",
    "sques": "Güvenlik Sorusu",
    "setpass": "Şifreyi Ayarla",
    "makesureotp": "Telefon Numaranızın / OTP Kodunuzun doğru olduğundan emin olun ve daha sonra tekrar deneyin.",
    "setpasslong": "Aşağıdakiler, unutmanız durumunda şifrenizi sıfırlamak için kullanılacaktır. Yalnızca sizin cevaplayabileceğiniz bir soruyu çerçevelendirin. Yaratıcı olun ve tahmin edilmesi zor bir yanıt seçin.",
    "welcomeback": "Tekrar hoşgeldiniz !",
    "failedlogin": "Giriş yapılamadı!",
    "entervalidmob": "Lütfen geçerli bir numara girin.",
    "nameem": "İsim boş olamaz!",
    "correctotp": "Doğru Kodu Girin",
    "authfailed": "Kimlik doğrulama başarısız oldu !",
    "authh": "Doğrulama",
    "trylater": "Lütfen daha sonra tekrar deneyiniz !",
    "incomingaudio": "Gelen Sesli Çağrı ...",
    "incomingvideo": "Gelen Görüntülü Arama ...",
    "startchat": "Sağ alttaki düğmeye basarak Sohbete başlayın!",
    "nochats": "Sohbet bulunamadı!",
    "clearlog": "Çağrı kaydı temizlensin mi?",
    "clearloglong": "Tüm arama günlüklerini silmek istiyor musunuz?",
    "allav": "Tüm Görüntülü ve Sesli arama geçmişi burada gösterilecektir.",
    "nocalls": "Çağrı yok",
    "picked": "Çağrı alındı",
    "voice": "Sesli arama",
    "muted": "Benzer cihazın sesi kapatıldı",
    "connecting": "Bağlanıyor ...",
    "calling": "Aranıyor ...",
    "oncall": "Telefonda ",
    "callended": "Arama sona erdi!",
    "callrejected": "Arama reddedildi!",
    "ps": "Dosyayı indirmek için Depolamaya erişim izni gerekli.",
    "psac": "Dosya Seçmek için Depolamaya erişim izni gerekli.",
    "eps": "İndirilirken Hata Oluştu",
    "folder": "Klasöre indirilen dosya: ",
    "pms": "Telefonunuza fotoğraf kaydetmek için depolama alanına erişim izni gerekir. ",
    "removealias": "Takma Adı Kaldır",
    "setalias": "Takma Ad Ayarla",
    "aliasname": "Takma ad",
    "clocktime": "Saatiniz sunucu saatiyle senkronize değil. Lütfen devam etmek için doğru şekilde ayarlayın.",
    "letschat": "Sohbet edelim",
    "joinme": "Bana katıl",
    "pgv": "Video'yu seçmek için Galeriye erişim izni gerekiyor.",
    "pcv": "Videoyu seçmek için Kameraya erişim izni gerekli.",
    "pgi": "Fotoğraflar'ı seçmek için Galeriye erişim izni gerekli",
    "pci": "Fotoğrafları seçmek için Kameraya erişim izni gerekli",
    "pm": "Başlatmak için Mikrofona erişim izni gereklidir.",
    "forgotpassword": "Parolanızı mı unuttunuz ?",
    "updatesecurity": "Güvenliği Güncelle",
    "wrongans": "Yanlış cevap ",
    "hardguess": "Tahmin edilmesi zor bir şifre kullanın.",
    "takeimage": "Başlamak için bir Resim çekin",
    "takefile": "Başlamak için bir Dosya alın",
    "close": "Kapat",
    "sendingrecord": "Kayıt Gönderiliyor ... lütfen bekleyin!",
    "sendrecord": "Kaydı Gönder",
    "audiorecorder": "Ses kaydedici",
    "playingrecording": "Kaydı Oynatma",
    "recording": "Kayıt ...",
    "recorderstopped": "Kaydedici Durduruldu!",
    "mediamssgnotallowed": "Medya Mesajlarının gönderilmesi yönetici tarafından geçici olarak devre dışı bırakıldı.",
    "textmssgnotallowed": "Metin Mesajları gönderme, yönetici tarafından geçici olarak devre dışı bırakıldı.",
    "callnotallowed": "Arama özelliği yönetici tarafından geçici olarak devre dışı bırakıldı.",
    "failedtoconfigure": "Uygulama yapılandırılamadı. Lütfen uygulamayı yeniden başlatın!",
    "logindisabled": "Oturum açma özelliği yönetici tarafından geçici olarak devre dışı bırakıldı",
    "allnotifications": "Bildirimler",
    "newnotifications": "Yeni Bildirimler alındı",
    "nonotifications": "Bildirim Yok",
    "copy": "Kopyala",
    "agree": "Devam ederek şunları kabul edersiniz:",



    "ntm": "Yeni Mesaj",
    "nim": "📷 Fotoğraf",
    "nvm": "🎥 Video",
    "nam": "🎙️ Ses kaydı",
    "ncm": "👤 İletişim numarası paylaşıldı",
    "ndm": "📄 Belge",
    "nlm": "📍 Mevcut Konum paylaşıldı",
    "niac": "📞 Gelen Sesli Arama",
    "nivc": "🎥 Gelen Görüntülü Arama",
    "ce": "Çağrı tamamlandı",
    "mc": "Cevapsız çağrı",
    "aorc": "Çağrıyı Kabul Et veya Reddet",
    "cr": " Çağrı reddedildi",
    "dltscs": "Başarıyla silindi",
    "dltstatus": "Durumu Sil",
    "myactstatus": "Aktif Durumum",
    "nostatus": "Kayıtlı Kişilerinizde Durum Yok",
    "rcntupdates": "Son güncellemeler",
    "mystatus": "Durumum",
    "taptoupdtstatus": "Durum güncellemesi eklemek için dokunun",
    "createstatus": "Durum Oluştur",
    "taptoview": "Görüntülemek için dokunun",
    "viewedby": "tarafından görüntülendi",
    "typeacaption": "Bir şey yaz",
    "settingsoption": "Ayarlar",
    "myprofile": "Benim profilim",
    "editprofile": "Profili Düzenle",
    "changednp": "Görünen Adı ve Fotoğrafı Değiştir",
    "givesuggestions": "Uygulama hakkında önerilerde bulunun",
    "leavereview": "fikrini bırak",
    "pmtevents": "Promosyon Etkinlikleri ve Uyarılar",
    "abiderules": "Kurallara uymak",
    "processdata": "Verilerinizi nasıl işlediğimizi bilin",
    "recipients": "alıcı",
    "participants": "katılımcılar",
    "about": "hakkında",
    "encryption": "şifreleme",
    "encryptionshort": "Mesajlar ve Çağrılar uçtan uca şifrelenir",
    "newbroadcast": "Yeni Broadcast",
    "newgroup": "Yeni Grup",
    "admin": "Yönetici",
    "setasadmin": "Yönetici olarak ayarla",
    "removeasadmin": "Yönetici olarak kaldır",
    "remove": "Kaldırmak",
    "removefromgroup": "Gruptan Kaldır",
    "leavegroup": "Gruptan ayrıl",
    "unabletoleavegrp": "Gruptan Ayrılılamıyor. Lütfen tekrar deneyin",
    "leftthegroup": "gruptan çık",
    "leave": "Ayrılmak",
    "deletegroup": "Grubu Sil",
    "nodesc": "Açıklama eklenmedi",
    "desc": "Ayrıntılar",
    "grpicondeletedby": "Grup Simgesi  Silindi Tarafından",
    "grpiconchangedby": "Grup simgesi değiştirildi tarafından",
    "createdby": "Tarafından yaratıldı",
    "createdbyu": "sizin tarafınızdan oluşturuldu",
    "removedbyadmin": "Yönetici tarafından kaldırıldı",
    "hasremoved": "kaldırıldı",
    "confirm": "Onaylamak",
    "deletedgroup": "Bu Grup Yönetici tarafından silindi VEYA bu gruptan çıkarıldınız",
    "onlyadminsend": "🔒 Bu Grupta sadece yönetici mesaj gönderebilir",
    "tapherefrgrpinfo": "Grup Bilgileri için buraya dokunun",
    "detectingloc": "Konum aranıyor",
    "download": "İNDİR",
    "preview": "ÖN İZLEME",
    "msgdeleted": "Mesaj silindi",
    "dltforeveryone": "Herkes İçin Sil",
    "dltforme": "Benim İçin Sil",
    "youleftthegroup": "Gruptan ayrıldın",
    "uhaveadded": "ekledin",
    "youhaveremoved": "kaldırdın",
    "youremovedgrpicon": "Grup Simgesini kaldırdınız",
    "hasremovedgrpicon": "Grup simgesini kaldırdı",
    "youupdatedgrpicon": "Grup Simgesini güncellediniz",
    "hasupdatedgrpicon": "Grup simgesini güncelledi",
    "youcreatedthisgroup": "Bu Grubu siz oluşturdunuz",
    "hascreatedthisgroup": "bu Grubu oluşturdu",
    "uhvupdatedgrpdetails": "Grup ayrıntılarını güncellediniz",
    "grpdetailsupdatebyadmin": "Yönetici tarafından güncellenen grup ayrıntıları",
    "hasupdatedgrpdetails": "Grup ayrıntılarını güncelledi",
    "hasbeensetasadminbyu": "sizin tarafınızdan yönetici olarak ayarlandı",
    "hvsetuasadmin": "seni Yönetici olarak atadı",
    "theyremoveduasadmin": "sizi Yönetici olarak kaldırdı",
    "adminahasadded": "Yönetici ekledi",
    "users": "Kullanıcılar",
    "added": "katıldı",
    "set": "Ayarlamak",
    "creategroup": "Yeni Grup",
    "editgroup": "Grubu Düzenle",
    "groupname": "Grup ismi",
    "groupdesc": "Grup Açıklaması",
    "grouptype": "Grup Türü",
    "adminhasadded": "Yönetici ekledi",
    "youandother": "sen ve diğer",
    "youareaddedtothisgrp": "Bu Gruba eklendiniz",
    "fromadmin": "yöneticiden",
    "asadmin": "Yönetici olarak",
    "setgroup": "Grup Ayrıntılarını ayarla",
    "selected": "Seçildi",
    "selectcontacts": "Eklemek için kayıtlı Kişileri seçin",
    "errorcreatinggroup": "Kullanıcıları gruba ekleme hatası. Lütfen tekrar deneyin",
    "deleting": "siliyor",
    "deleted": "silindi",
    "blockbroadcast": "Bu Broadcast Engelle",
    "blockedbroadcast": "Engelledi bu Broadcast",
    "copied": "kopyalandı",
    "chatencryption": "Mesajlar ve aramalar uçtan uca şifrelenir. Bu sohbetin dışında kimse onları okuyamaz",
    "alreadydeleted": "Bu mesaj gönderen tarafından zaten silinmiş",
    "fileexists": "Dosya klasörde zaten var",
    "downloading": "indiriliyor",
    "broadcastupdatedbyadmin": "Broadcast Ayrıntıları Yönetici tarafından güncellendi",
    "uhaveupdatedbroadcast": "Broadcast Ayrıntılarını güncellediniz",
    "updatedbroadcast": "güncellendi Broadcast Ayrıntıları ",
    "editbroadcast": "Broadcast Düzenle",
    "broadcastname": "Broadcast Adı",
    "broadcastdesc": "Broadcast Açıklaması",
    "removefromlist": "Listeden silmek",
    "deletebroadcast": "Broadcast Sil",
    "broadcasticondlted": "Sizin tarafınızdan silinen Broadcast Grubu Simgesi",
    "broadcasticonupdtd": "Broadcast Grubu Simgesi Sizin tarafınızdan değiştirildi",
    "senttorecp": "Toplam numaraya gönderildi",
    "norecp": "Gönderilebilecek alıcı yok",
    "tapforbroadcastinfo": "Broadcast Bilgileri için buraya dokunun",
    "createdbroadcast": "Broadcast listesi oluşturuldu",
    "erroraddingbroadcast": "Kullanıcılar Broadcast eklenirken hata oluştu. Lütfen tekrar deneyin!",
    "erroroccured": "yükleniyor sırasında hata oluştu. Lütfen Uygulamayı yeniden başlatın",
    "selectsinglecontact": "Bir kişi seçin",
    "disabled": "Bu özellik Yönetici tarafından geçici olarak devre dışı bırakıldı",
    "uploading": "yükleniyor",
    "createbroadcast": "Broadcast Oluştur",
    "setbroadcastdetails": "Broadcast Ayrıntılarını Ayarla",
    "bothuseradmin": "Hem Kullanıcı hem de Yönetici Mesajlarına İzin Verilir",
    "onlyadmin": "Yalnızca Yönetici Mesajlarına İzin Verilir",
    "generatingthumbnail": "Küçük Resim Oluşturma",
    "text": "Metin",
    "endtoendencryption": "Uçtan Uca Şifreleme",
    "maxfilesize": "Dosya şundan daha küçük olmalıdır",
    "selectedfilesize": "Seçilen dosyanın boyutu",
    "norecentchats": "Son sohbet yok",
    "forward": "İleri",
    "you": "Sen",
    "selectcontactstoforward": "İletmek için Seçin",
    "forwarded": "yönlendirildi",
    "sending": "gönderiliyor",
    "maxnooffiles": "Maksimum dosya sayısı seçilebilir",
    "filesizeexceeded": "Bir veya daha fazla dosya boyutu, izin verilen maksimum Boyutu aştı",
    "selectcontacttoshare": "Paylaşmak için Seçin",
    "maxallowed": "İzin verilen maksimum :",


    "latest_credits":"Son Krediler",
    "latest_debits":"Son Borçlar",
    "see_all": "Hepsini gör",
    "hide": "Saklamak",
    "deposits": "Mevduat",
    "notifications": "Bildirimler",
    "transactions": "işlemler",
    "hello": "Merhaba",
    "user": "kullanıcı",
    "account_number": "Hesap numarası",
    "available_balance": "Kalan bakiye",
    "withdraw": "Geri çekilmek",
    "scan_code": "Tarama Kodu",
    "scan_this_QR_code_to_get_transaction": "İşlemi almak için bu QR kodunu tarayın",
    "scan_qr_code": "QR kodunu tarayın",
    "qr_Barcode": "QR/Barkod",
    "doubleTapToGoBack": "Geri Dönmek için Çift Dokunma",
    "pleaseEnterValidEmail": "Lütfen geçerli eposta adresini giriniz",
    "emailCannotBeEmpty": "E-posta boş olamaz!",
    "theUsernameMustBe6Characters": "Kullanıcı adı en az 6 karakter olmalıdır",
    "pleaseEnterLessAmountThenWalletAmount": "Lütfen cüzdan miktarından daha az bir miktar girin",
    "pleaseEnterValidAmount": "Lütfen geçerli bir miktar girin",
    "paymentIntentIdCopieToClipboard": "Payment IntentId panoya kopyalandı",
    "walletNumber": "Cüzdan Numarası",
    "noCreditRecordFound": "Kredi Kaydı Bulunamadı.",
    "noDebitRecordFound.": "Borç Kaydı Bulunamadı.",
    "copy": "kopyala",
    "to": "NS :",
    "oK": "Tamam",
    "transactionID": "İşlem Kimliği :",
    "transactionDetails": "ödeme detayları",
    "transactionType": "İşlem tipi :",
    "depositRecordNotFound": "Mevduat Kaydı Bulunamadı.",
    "transactionRecordNotFound": "İşlem Kaydı Bulunamadı.",
    "withdrawRecordNotFound.": "Kayıt Bulunamadı.",
    "payment": "Ödeme",
    "enterAmount": "Miktarı girin",
    "payViaCard": "Kartla Öde",
    "payViaWallet": "Cüzdan ile öde",
    "pleaseWait": "Lütfen bekle...",
    "enterYourEmail": "E-postanızı giriniz",
    "register": "Kayıt olmak",
    "saveThisTransactionIdForFuture": "Bu işlem kimliğini gelecek için kaydet",
    "amountWillBeRefundWithinWorkingDays,": "Tutar 6 ila 8 iş günü içinde iade edilecektir,",
    "pleaseContactOurCustomerCare": "Lütfen müşteri hizmetlerimizle iletişime geçin,",
    "doNotPressBackLeaveAppWhileDoingTransaction": "işlem yaparken geri basmayın veya uygulamadan çıkmayın",
    "addToWallet": "Cüzdana Ekle",
    "addAmountIntoWallet": "Cüzdana Tutar Ekle",




    "lblLanguage":"Diller",
    "lblUpdateIngredient":"Malzemeyi Güncelle",
    "lblAddIngredient":"Bileşen eklemek",
    "lblName":"İsim",
    "lblCancel":"İptal",
    "lblUpdate":"Güncelleme",
    "lblAdd":"Ekle",
    "lblPleaseAddIngredient":"Lütfen içerik ekleyin",
    "lblNew":"Yeni",
    "lblCategories":"Kategoriler",
    "lblLongPressOnCategoryForMoreOptions":"Daha fazla seçenek için kategoride uzun basın.",
    "lblA":"A",
    "lblAll":"Tüm",
    "lblChooseCurrencySymbol":"Para birimi sembolü seçin",
    "lblSelect":"Seçme",
    "lblCamera":"Kamera",
    "lblGallery":"Galeri",
    "lblForgetPassword":"Şifreyi unut?",
    "lblEnterYouEmail":"Bir sıfırlama şifresi bağlantısı yukarıdaki girilen e-posta adresine gönderilecektir.",
    "lblEmail":"E-posta",
    "lblEnterValidEmail":"Geçerli e-posta girin",
    "lblResetPassword":"Şifreyi yenile",
    "lblResetPasswordLinkHasSentYourMail":"Şifreyi Sıfırla Bağlantısı postanızı gönderdi",
    "lblEnable":"Olanak vermek",
    "lblDisable":"Devre dışı bırakmak",
    "lblTextForDeletingCategory":"Bu kategoriyi silerseniz, tüm menüleri kaldırılır. Hala bu kategoriyi silmek istiyor musunuz?",
    "lblWrongSelection":"Yanlış seçim",
    "lblEdit":"Düzenlemek",
    "lblDelete":"Silmek",
    "lblSpicy":"Baharatlı",
    "lblJain":"Jain",
    "lblSpecial":"Özel",
    "lblPopular":"Popüler",
    "lblShowMore":"Daha fazla göster",
    "lblShowLess":"Daha az göster",
    "lblFoodItems":"Gıda maddeleri",
    "lblMenuItems":"Menü öğeleri",
    "lblNoMenuFor":"İçin menü yok",
    "lblCategory":"kategori",
    "lblNoData":"Veri yok",
    "lblLight":"Işık",
    "lblDark":"Karanlık",
    "lblSystemDefault":"Sistem varsayılanı",
    "lblSelectYourTheme":"Temanızı seçin",
    "lblAbout":"App Hakkında",
    "lblRestaurantQRMenu":"QR menüsü",
    "lblVersion":"Sürüm",
    "lblAboutScreenText":"QR Menüsü, iyi donanımlı bir flutter uygulamasıdır. Kullanıcı ucunda, kullanıcıya garsonla yüzleşmeden bir restoranın menüsünü görüntülemek için basit bir yol sunar. Menü görüntüleme sürecinin kolay, yönetilebilir ve hareket halindeyken bir metodolojisi sunar. Restoran sahibi sonunda, uygulama restoranları, gıda kategorilerini ve menüleri yönetmek için geleneksel ve kolay yönetilebilir bir yöntem sunar.",
    "lblPurchase":"Satın almak",
    "lblAddImage":"Resim eklemek",
    "lblChooseAnAction":"Bir eylem seçin",
    "lblAddCategory":"Kategori ekle",
    "lblDoYouWantToUpdate":"Güncellemek ister misiniz",
    "lblDoYouWantToAddThisCategory":"Bu kategoriyi eklemek ister misiniz",
    "lblDescription":"Açıklama",
    "lblAddMenuItem":"Menü öğesini ekle",
    "lblDoYouWantToDelete":"Silmek istiyor musunuz",
    "lblDoYouWantToAddThisMenuItem":"Bu menü öğesini eklemek ister misiniz?",
    "lblPleaseChooseCategory":"Lütfen kategori seçin",
    "lblChooseCategory":"Kategori Seçin",
    "lblPrice":"Fiyat",
    "lblIngredients":"İçindekiler",
    "lblNewDescription":"Tat tomurcuklarınızı karıncalanmak için pişirilen yeni yemeklerin ve lezzetlerin özel seçimini keşfedin",
    "lblVeg":"Züppe",
    "lblVegDescription":"Egzotik sebze koleksiyonundan seçin, karıştırıldı ve fırlatıldı ve mükemmellik ile pişirilir",
    "lblSpicyDescription":"Sıcak ve cızırtılı, eğer baharatlı mutfağın bir hayranıysanız, özel baharatlı lezzetleri inceleyin.",
    "lblJainDescription":"Yemek tercihlerinize hazırlanmak bizim hedefimizdir, mükemmel olanı bulmak için özel bir jain gıda menüsünü keşfedin",
    "lblSpecialDescription":"Zarif mutfak koleksiyonumuzu denemediyseniz, sizin için servis edilen özel menümüzü kaçırmayın.",
    "lblSweet":"Tatlı",
    "lblSweetDescription":"Tatlı olmayan bir yemek eksik, duyularınızı en tatlı tatlı koleksiyonumuzla tankinleştirir",
    "lblPopularDescription":"Ne sipariş edeceğinden emin değil misiniz? Şiddetle tavsiye edilen veya en çok satanlar ve en popüler mutfaklar ve lezzetleri inceleyin",
    "lblAddLogoImage":"Logo Resim Ekle",
    "lblAddRestaurantImage":"DD Restoran Görüntüsü",
    "lblUpdateRestaurant":"Restoran güncelleme",
    "lblAddRestaurant":"Restoran ekle",
    "lblDoYouWantToUpdateRestaurant":"Restoran güncellemek ister misiniz",
    "lblDoYouWantToAddRestaurant":"Restoran eklemek ister misin",
    "lblType":"Tip",
    "lblNonVeg":"Sebze olmayan",
    "lblContact":"Temas",
    "lblCurrency":"Para birimi",
    "lblNewItemValidity":"Yeni Ürün geçerliliği",
    "lblAddress":"Adres",
    "lblPasswordSuccessfullyChanged":"Şifre başarıyla değiştirildi",
    "lblOldPassword":"eski şifre",
    "lblOldPasswordIsNotCorrect":"Eski şifre doğru değil",
    "lblNewPassword":"Yeni Şifre",
    "lblConfirmPassword":"Şifreyi Onayla",
    "lblPasswordLengthShouldBeMoreThanSix":"Şifre uzunluğu altıdan fazla olmalıdır",
    "lblBothPasswordShouldBeMatched":"Her iki şifre de eşleştirilmelidir",
    "lblOldPasswordShouldNotBeSameAsNewPassword":"Eski şifre yeni şifre ile aynı olmamalıdır",
    "lblSave":"Kaydetmek",
    "lblHello":"Merhaba",
    "lblMyItems":"Benim eşyalarım",
    "lblNoRestaurant":"Restoran yok",
    "lblDataUpdated":"Veriler güncellendi",
    "lbDoYouWantToUpdateProfile":"Profili güncellemek ister misiniz",
    "lblEditProfile":"Profili Düzenle",
    "lblNumber":"Sayı",
    "lblTryAgain":"Tekrar deneyin",
    "lblQR":"Qr",
    "lblScanForOurOnlineMenu":"Çevrimiçi menümüz için tarayın",
    "lblUhOhSomethingWentWrong":"Oh oh! Bir şeyler yanlış gitti",
    "lblScanned":"taranan",
    "lblWrongQRCode":"Yanlış QR kodu",
    "lblNoPermission":"İzin yok",
    "lblDoYouWantToDeleteRestaurant":"Restoran silmek ister misiniz",
    "lblSettings":"Ayarlar",
    "lblChangePassword":"Şifre değiştir",
    "lblUserLoginWithSocialAccountCannotChangeThePassword":"Sosyal Hesap ile kullanıcı girişi şifreyi değiştiremez",
    "lblDarkMode":"Karanlık mod",
    "lblPrivacyPolicy":"Gizlilik Politikası",
    "lblRateUs":"Bizi değerlendirin",
    "lblTerms":"şartlar ve koşullar",
    "lblShare":"Uygulamayı Paylaş",
    "lblLogout":"Çıkış Yap",
    "lblAreYouSureYouWantToLogout":"Çıkış yapmak istediğinize emin misiniz?",
    "lblVisitAgain":"Tekrar ziyaret et",
    "lblPleaseEnterYourEmail":"Lütfen E-postanızı girin",
    "lblPleaseEnterYourPassword":"Şifrenizi giriniz Lütfen",
    "lblPassword":"Parola",
    "lblForgotPassword":"Parolanızı mı unuttunuz",
    "lblSignIn":"Kayıt olmak",
    "lblDontHaveAnAccount":"Bir hesabım yok",
    "lblCreateAccountHere":"Burada hesap oluştur",
    "lblOR":"VEYA",
    "lblSignUp":"Üye olmak",
    "lblPleaseEnterName":"Lütfen ismi girin",
    "lblPleaseEnterPhoneNumber":"Lütfen telefon numarasını girin",
    "lblPhoneNumber":"Telefon numarası",
    "lblPleaseEnterEmail":"Lütfen e-posta giriniz",
    "lblPleasEnterPassword":"Kiralama Şifreyi girin",
    "lblAlreadyHaveAccount":"Zaten hesabınız var",
    "lblSignInHere":"Oturum açın",
    "lblGoPaperless":"Kağıtsız Menü Sistemi Git",
    "lblGoPaperlessWithOurDigitalMenu":"QR menü uygulamasının sihri, ekran özelliğinde anında menü ile kağıtsız gitmenizi sağlar. Teknoloji tarafından desteklenen gelecekteki hazır menü oluşturun!",
    "lblGetStarted":"Başlamak",
    "lblWaitToScan":"Taramak için bekle",
    "lblUserAlreadyRegisterWithEmail":"Kullanıcı zaten e-postayla kayıt olun",
    "lblWrongURL":"Yanlış URL",
    "lblRemoveImage":"Resmi Kaldır",
    "lblSelectLanguage":"Dil Seçin",
    "lblSelectTheme":"Tema seçin",
    "lblChangeRestaurantImage":"Restoran imajını değiştir",
    "lblChangeLogoImage":"Logo görüntüsünü değiştir",
    "lblSelectThemeDesc":"Müşterilerinize özelleştirilebilir ve yaratıcı yeteneğe sahip olan birden fazla uygulama tema seçeneğiyle sorunsuz marka deneyimi sunar.",
    "lblSelectLanguageDesc":"Dil Kişiselleştirme, her yeni restoran QR menü uygulamasıyla tercih ettiğiniz dilde bir menüye sahip olmaktan daha erişilebilir ve daha kolay bir şeydir.",
    "lblRestaurant":"Restoran",
    "lblClickHere":"Buraya Tıkla",
    "lblForScanner":"Tarayıcı için",
    "lblAddYourBusinessOrServicehere":"İşinizi veya servisinizi buraya ekleyin +",
    "lblPayViaWalletNumber": "Cüzdan Numarası ile Ödeme",
    "lblPayViaQRCode": "QR Kodu ile ödeme",
    "lblEnterWalletNumber": "Cüzdan Numarasını Girin",
    "lblEnterAmount": "Miktarı girin",
    "lblPleaseEnterTheValidWalletNumber": "Lütfen Geçerli Cüzdan Numarasını Girin",
    "lblTransferredFromMyWallet": "Cüzdanımdan aktarıldı",
    "news": "📰 HABERLER",
    "lblTo": "İle",
    "lblFrom": "İtibaren",
    "lblSmallTo": "ile",
    "lblSmallFrom": "itibaren",
    "lblReceived": "Alınan"

}