{
    "home_page": "ہوم پیج",
    "personal_information": "ذاتی معلومات",
    "name": "نام",

    "email": "ای میل",
    "email_hint": "اپنا ای میل درج کریں",
    "date_of_birth": "پیدائش کی تاریخ",
    "required_field": "مطلوب خانہ",
    "submit_info": "معلومات جمع کروائیں",
    "about_us": "ہمارے بارے میں",
    "settings": "ترتیبات",
    "change_language": "زبان تبدیل کریں",


    "name_hint": "اپنا نام درج کریں",
    "enter_fullname": "پورا نام",
    "enter_mobilenumber": "موبائل نمبر",
    "sendsmscode": "اپنے نمبر کی تصدیق کے لئے ایک ایس ایم ایس کوڈ ارسال کری",
    "sendverf": "توثیقی کوڈ ارسال کریں",
    "welcometo": " میں خوش آمدید",
    "enter_verfcode": " بھیجے گئے ایس ایم ایس کوڈ کو داخل کریں",
    "sending_code": " ایس ایم ایس کوڈ بھیجنا",
    "back": "پیچھے",
    "verify_otp": "کوڈ کی تصدیق کریں",
    "auth_needed": "ترتیبات کو غیر مقفل کرنے کیلئے توثیق کی ضرورت ہے",
    "auth_neededchat": "چیٹ کو غیر مقفل کرنے کے لئے توثیق کی ضرورت ہے",
    "lp_setalias": "عرف سیٹ کرنے کے لئے چیٹ پر دیر تک دبائیں۔",
    "swipehide": "انہیں چھپانے کے لئے دوبارہ نیچے سوائپ کریں",
    "swipeview": "پوشیدہ چیٹس دیکھنے کیلئے اسکرین کو نیچے سوائپ کریں۔",
    "loved": "ایپ کو پسند آیا؟ ایپ کی درجہ بندی کریں",
    "loadingfailed": "لوڈنگ ناکام! براہ کرم ایپ کو دوبارہ شروع کریں ",
    "setup": "سرور سیٹ اپ ہو گیا! براہ کرم ایپ کو دوبارہ شروع کریں",
    "signin": "سائن ان",
    "updateavl": "ایپ اپ ڈیٹ دستیاب ہے",
    "updateavlmsg": "ایپ کا ایک نیا ورژن دستیاب ہے۔ جاری رکھنے کے لئے آپ کو ایپ کو اپ ڈیٹ کرنا ہوگا۔",
    "updatnow": "تازہ ترین کریں. جدید بنایں",
    "selectcontact": "اشتراک کرنے کے لئے رابطہ منتخب کریں",
    "searchcontact": "رابطہ تلاش کریں",
    "perm_contact": "اپنے جاننے والے لوگوں کو دیکھنے کیلئے رابطوں تک رسائی کی ضرورت ہے",
    "nosearchresult": "تلاش کے کوئی نتائج نہیں ہیں",
    "search": "تلاش کریں",
    "searchuser": "صارف تلاش کریں",
    "validnum": "براہ مہربانی ایک درست نمبر درج کریں",
    "chatws": "سیونگ نمبر کے بغیر چیٹ کریں",
    "notexist": " میں موجود نہیں ہے",
    "invite": "صارف کو مدعو کریں",
    "waitingpeer": "چیٹ میں شامل ہونے کے لئے اپنے ہم مرتبہ کے منتظر ہیں",
    "msgnotload": "پیغامات لوڈ نہیں ہوسکتے ہیں",
    "convended": "گفتگو ختم ہوگئی",
    "usernotjoined": "صارف شامل نہیں ہوا",
    "msg": "پیغام",
    "pickdoc": "ایک دستاویز منتخب کریں",
    "plswait": "برائے مہربانی انتظار کریں",
    "sent": "پیغام بھیجا گیا ہے",
    "doc": "دستاویز",
    "pickvideo": "ایک ویڈیو منتخب کریں",
    "video": "ویڈیو",
    "pickimage": "ایک تصویر منتخب کریں",
    "image": "تصویر",
    "record": "آڈیو ریکارڈ کریں",
    "audio": "آڈیو",
    "location": "مقام",
    "contact": "رابطہ کریں",
    "accept": " دعوت قبول کریں",
    "acpt": "قبول کریں",
    "rjt": "مسترد کریں",
    "unlck": "شیئر میڈیا کو چیٹ کو مسدود کریں",
    "typmsg": "ایک پیغام ٹائپ کریں",
    "savedconv": "گفتگو محفوظ کی گئی",
    "unread": "غیر پڑھے ہوئے پیغام ",
    "nosave": "کوئی محفوظ کردہ پیغامات نہیں",
    "unblock": " مسدود کریں",
    "unblocked": " بلاک کردیا",
    "hidechat": "چیٹ چھپائیں",
    "unhidechat": " چیٹ کو چھپائیں",
    "cancel": " منسوخ کریں",
    "sayhi": " ہیلو کہنا",
    "today": "آج",
    "yesterday": "کل",
    "lastseen": "آخری بار دیکھا گیا",
    "typing": "ٹائپنگ",
    "online": "آن لائن",
    "loading": "لوڈنگ",
    "pmc": "شروع کرنے کے لئے مائکروفون اور کیمرہ تک رسائی کی اجازت درکار ہے",
    "vsmsg": "محفوظ کردہ پیغامات دیکھنے کیلئے اسکرین پر بائیں طرف سوائپ کریں",
    "drag": "اس پیغام تک اپنے دوست پیغام کو بائیں سے دائیں سے گفتگو تک ختم کریں",
    "unlockchat": "انلاک چیٹ",
    "lockchat": "لاک چیٹ",
    "setwall": "وال پیپر سیٹ کریں",
    "removewall": "وال پیپر کو ہٹا دیں",
    "showtutor": "سبق دکھائیں",
    "search_recentchats": "حالیہ چیٹس تلاش کریں",
    "recentchats": "حالیہ چیٹس",
    "chats": "چیٹس",
    "calls": "کالیں",
    "profile": "پروفائل",
    "rate": "شرح ایپ",
    "share": "ایپ شیئر کریں",
    "feedback": "آراء",
    "tutorials": "سبق",
    "tnc": "شرائط و ضوابط",
    "pp": "رازداری کی پالیسی",
    "logout": "لاگ آوٹ",
    "unblockchat": "چیٹ کو غیر مسدود کریں",
    "blockchat": "بلاک چیٹ",
    "submit": "جمع کرائیں",
    "saved": "محفوظ",
    "save": "محفوظ کریں",
    "validdetails": "درست تفصیلات درج کریں",
    "status": "حالت",
    "setpasscode": "آگے بڑھنے سے پہلے پاس کوڈ سیٹ کریں",
    "enterpass": "پاس کوڈ درج کریں",
    "delete": "حذف کریں",
    "done": "ہو گیا",
    "newans": "براہ کرم ایک نیا جواب فراہم کریں",
    "ansempty": "جواب خالی نہیں ہوسکتا",
    "quesempty": "سوال خالی نہیں ہوسکتا",
    "sans": "سیکورٹی جواب",
    "sques": "سیکیورٹی سوال",
    "setpass": "پاس کوڈ سیٹ کریں",
    "makesureotp": "یقینی بنائیں کہ آپ کا فون نمبر یا توثیقی کوڈ درست ہے اور بعد میں دوبارہ کوشش کریں",
    "setpasslong": "اگر آپ کو بھول جانے کی صورت میں درج ذیل کو اپنے پاس کوڈ کو دوبارہ ترتیب دینے کے لئے استعمال کیا جائے۔ ایک سوال کا فریم صرف آپ ہی جواب دے سکتے ہیں۔ تخلیقی بنیں اور ایسا جواب منتخب کریں جس کا اندازہ لگانا مشکل ہے",
    "welcomeback": "خوش آمدید",
    "failedlogin": "لاگ ان کرنے میں ناکام",
    "entervalidmob": "براہ مہربانی ایک درست نمبر درج کریں",
    "nameem": "نام خالی نہیں ہوسکتا",
    "correctotp": "درست کوڈ درج کریں",
    "authfailed": "تصدیق میں ناکام رہے",
    "authh": "توثیق",
    "trylater": "براہ کرم کچھ دیر بعد کوشش کریں",
    "incomingaudio": "آنے والی آڈیو کال",
    "incomingvideo": "آنے والی ویڈیو کال",
    "startchat": "نیچے دائیں طرف کے بٹن کو دبانے سے چیٹنگ شروع کریں",
    "nochats": "کوئی چیٹس نہیں ملی",
    "clearlog": "کال لاگ صاف کریں",
    "clearloglong": "کیا آپ کال کے تمام لاگز کو حذف کرنا چاہتے ہیں",
    "allav": "ویڈیو اور آڈیو کال کی سبھی تاریخ کو یہاں دکھایا جائے گا",
    "nocalls": "کال نہیں",
    "picked": "کال اٹھی",
    "voice": "صوتی کال",
    "muted": "پیر کے آلہ کو خاموش کردیا گیا",
    "connecting": "مربوط ہو رہا ہے",
    "calling": "کالنگ",
    "oncall": "کال پر",
    "callended": "کال ختم ہوگئی",
    "callrejected": "کال مسترد کردی گئی",
    "ps": "فائل کو ڈاؤن لوڈ کرنے کے لئے اسٹوریج تک رسائی کی ضرورت ہے",
    "psac": "فائل کو منتخب کرنے کے لئے اسٹوریج تک رسائی کی ضرورت ہے",
    "eps": "ڈاؤن لوڈ کرتے وقت خرابی پیش آگئی",
    "folder": " فولڈر میں فائل ڈاؤن لوڈ کی گئی",
    "pms": "آپ کے فون میں تصاویر کو بچانے کیلئے فون میموری تک رسائی کی ضرورت ہے",
    "removealias": "عرف کو ہٹا دیں",
    "setalias": "عرف مقرر کریں",
    "aliasname": "عرف کا نام",
    "clocktime": "سرور وقت کے ساتھ آپ کی گھڑی کا وقت مطابقت پذیر ہے۔ براہ کرم اسے جاری رکھنے کا حق مقرر کریں",
    "letschat": " چیٹ کرنے دیتا ہے",
    "joinme": "میرے ساتھ شامل ہوں",
    "pgv": "ویڈیو منتخب کرنے کیلئے گیلری تک رسائی کی ضرورت ہے",
    "pcv": "ویڈیو کو منتخب کرنے کے لئے کیمرے تک رسائی کی ضرورت ہے",
    "pgi": "فوٹو منتخب کرنے کے لئے گیلری تک رسائی کی ضرورت ہے",
    "pci": "فوٹو منتخب کرنے کے لئے کیمرا تک رسائی کی ضرورت ہے",
    "pm": "شروع کرنے کے لئے مائکروفون تک رسائی کی ضرورت ہے",
    "forgotpassword": "پاسورڈ بھول گے",
    "updatesecurity": "سیکیورٹی کو اپ ڈیٹ کریں",
    "wrongans": "غلط جواب ",
    "hardguess": "ایک پاس کوڈ استعمال کریں جس کا اندازہ لگانا مشکل ہے",
    "takeimage": "شروع کرنے کے لئے ایک امیج لیں",
    "takefile": "شروع کرنے کے لئے ایک فائل لیں",
    "close": "بند کریں",
    "sendingrecord": "ریکارڈنگ بھیجنا۔ برائے مہربانی انتظار کریں",
    "sendrecord": "ریکارڈنگ بھیجیں",
    "audiorecorder": "آڈیو ریکارڈر",
    "playingrecording": "ریکارڈنگ کھیل رہا ہے",
    "recording": "ریکارڈنگ",
    "recorderstopped": "ریکارڈر روک دیا گیا ہے",
    "mediamssgnotallowed": "میڈیا پیغامات بھیجنے کو منتظم کے ذریعہ عارضی طور پر غیر فعال کردیا گیا ہے",
    "textmssgnotallowed": "ٹیکسٹ میسجز بھیجنے کو منتظم کے ذریعہ عارضی طور پر غیر فعال کردیا گیا ہے",
    "callnotallowed": "کالنگ کی خصوصیت کو منتظم کے ذریعہ عارضی طور پر غیر فعال کردیا گیا ہے",
    "failedtoconfigure": "ایپ کو تشکیل دینے میں ناکام۔ براہ کرم ایپ کو دوبارہ شروع کریں",
    "logindisabled": "لاگ ان کی خصوصیت منتظم کے ذریعہ عارضی طور پر غیر فعال ہے",
    "allnotifications": "اطلاعات",
    "newnotifications": "نئی اطلاعات موصول ہوئی ہیں",
    "nonotifications": "کوئی اطلاع نہیں ہے",
    "copy": "کاپی",
    "agree": "جاری رکھنے سے آپ اس کے ساتھ متفق ہیں",


    "ntm": "نیا پیغام",
    "nim": "📷 تصویر",
    "nvm": "🎥 ویڈیو",
    "nam": "🎙️ ریکارڈنگ",
    "ncm": "👤 رابطہ مشترکہ",
    "ndm": "📄 دستاویز",
    "nlm": "📍 موجودہ مقام مشترکہ ہے",
    "niac": "📞 آنے والی آڈیو کال",
    "nivc": "🎥 آنے والی ویڈیو کال",
    "ce": "کال ختم ہوگئی",
    "mc": "مسڈ کال",
    "aorc": "کال قبول کریں یا مسترد کریں",
    "cr": " کال مسترد کردی گئی",
    "dltscs": "کامیابی کے ساتھ حذف ہوگیا",
    "dltstatus": "حیثیت حذف کریں",
    "myactstatus": "میری ایکٹو اسٹیٹس",
    "nostatus": "آپ کے محفوظ کردہ رابطوں میں کوئی حیثیت نہیں ہے",
    "rcntupdates": "حالیہ تازہ ترین معلومات",
    "mystatus": "میری حیثیت",
    "taptoupdtstatus": "اسٹیٹس اپ ڈیٹ شامل کرنے کیلئے تھپتھپائیں",
    "createstatus": "اسٹیٹس بنائیں",
    "taptoview": "دیکھنے کے لئے تھپتھپائیں",
    "viewedby": "کے ذریعہ دیکھا گیا",
    "typeacaption": "ایک عنوان ٹائپ کریں",
    "settingsoption": "سیٹنگ",
    "myprofile": "میری پروفائل",
    "editprofile": "پروفائل میں ترمیم کریں",
    "changednp": " بدلیں نام اور تصویر کو ظاہر کریں",
    "givesuggestions": "ایپ کے بارے میں تجاویز دیں",
    "leavereview": "اپنا جائزہ چھوڑیں",
    "pmtevents": "پروموشنل ایونٹس اور الرٹس",
    "abiderules": "قواعد کی پاسداری کریں",
    "processdata": "جانیں کہ ہم آپ کے ڈیٹا پر کس طرح عمل کرتے ہیں",
    "recipients": "وصول کنندگان",
    "participants": "امیدوار",
    "about": "میرے بارے میں",
    "encryption": "خفیہ کاری",
    "encryptionshort": "پیغامات اور کالیں آخر سے آخر تک خفیہ ہوتی ہیں",
    "newbroadcast": "نیا نشریہ",
    "newgroup": "نیا گروپ",
    "admin": "ایڈمن",
    "setasadmin": "بطور ایڈمن سیٹ کریں",
    "removeasadmin": "بطور ایڈمن ہٹائیں",
    "remove": "خارج کریں",
    "removefromgroup": "گروپ سے ہٹائیں",
    "leavegroup": "گروپ چھوڑو",
    "unabletoleavegrp": "گروپ چھوڑنے سے قاصر۔ دوبارہ کوشش کریں",
    "leftthegroup": "چھوڑ دیا گروپ",
    "leave": "چھوڑ دو",
    "deletegroup": "گروپ کو حذف کریں",
    "nodesc": "کوئی تفصیلات شامل نہیں کی گئیں",
    "desc": "تفصیل",
    "grpicondeletedby": "گروپ آئیکن بذریعہ خارج کر دیا گیا بذریعہ",
    "grpiconchangedby": "گروپ آئیکن تبدیل کر دیا گیا ہے",
    "createdby": "بنا ہوا بذریعہ",
    "createdbyu": "آپ کی تخلیق کردہ",
    "removedbyadmin": "ایڈمن کے ذریعہ ہٹا دیا گیا",
    "hasremoved": "ہٹا دیا گیا",
    "confirm": "تصدیق کریں",
    "deletedgroup": "اس گروپ کو ایڈمن کے ذریعہ حذف کردیا گیا ہے یا آپ کو اس گروپ سے نکال دیا گیا ہے",
    "onlyadminsend": "🔒 صرف اس گروپ کے ماڈریٹر ہی پیغام بھیج سکتے ہیں",
    "tapherefrgrpinfo": "گروپ کی معلومات کے لئے یہاں ٹیپ کریں",
    "detectingloc": "مقام کا پتہ لگانا",
    "download": "ڈاؤن لوڈ کریں",
    "preview": "پیش نظارہ",
    "msgdeleted": "پیغام حذف ہوگیا",
    "dltforeveryone": "سب کے لئے حذف کریں",
    "dltforme": "میرے لئے حذف کریں",
    "youleftthegroup": "آپ نے گروپ چھوڑ دیا",
    "uhaveadded": "آپ نے شامل کیا ہے",
    "youhaveremoved": "آپ نے ہٹا دیا ہے",
    "youremovedgrpicon": "آپ نے گروپ آئیکن کو ہٹا دیا ہے",
    "hasremovedgrpicon": "ہٹا دیا گیا گروپ آئیکن ",
    "youupdatedgrpicon": "آپ نے گروپ تصویر کو اپ ڈیٹ کیا ہے",
    "hasupdatedgrpicon": "تازہ کاری شدہ گروپ آئیکن",
    "youcreatedthisgroup": "آپ نے یہ گروپ بنایا ہے",
    "hascreatedthisgroup": "بنایا یہ گروپ",
    "uhvupdatedgrpdetails": "آپ نے گروپ کی تفصیلات کو اپ ڈیٹ کیا ہے",
    "grpdetailsupdatebyadmin": "گروپ کی تفصیلات ایڈمن کے ذریعہ تازہ کاری کی گئیں",
    "hasupdatedgrpdetails": "گروپ کی تفصیلات کو اپ ڈیٹ کیا ہے",
    "hasbeensetasadminbyu": "بطور ایڈمن بذریعہ آپ مقرر کریں",
    "hvsetuasadmin": "آپ کو ایڈمن مقرر کریں",
    "theyremoveduasadmin": "آپ کو ایڈمن کی حیثیت سے ہٹا دیا",
    "adminahasadded": "ایڈمن نے مزید کہا",
    "users": "ایپ صارفین",
    "added": "شامل ہوئے",
    "set": "سیٹ کریں",
    "creategroup": "نیا گروپ۔",
    "editgroup": "گروپ میں ترمیم کریں",
    "groupname": "گروہ کا نام",
    "groupdesc": "گروپ کی تفصیل",
    "grouptype": "گروپ کی قسم",
    "adminhasadded": "ایڈمن نے مزید کہا",
    "youandother": "آپ اور دوسرے",
    "youareaddedtothisgrp": "آپ کو اس گروپ میں شامل کیا گیا ہے",
    "fromadmin": "ایڈمن سے",
    "asadmin": "بطور ایڈمن",
    "setgroup": "گروپ کی تفصیلات مرتب کریں",
    "selected": "منتخب شدہ",
    "selectcontacts": "رابطے شامل کرنے کے لئے منتخب کریں",
    "errorcreatinggroup": "صارفین کو گروپ میں شامل کرنے میں خرابی۔ دوبارہ کوشش کریں",
    "deleting": "حذف ہو رہا ہے",
    "deleted": "حذف ہوگیا",
    "blockbroadcast": "اس نشریات کو مسدود کریں",
    "blockedbroadcast": "اس نشریات کو مسدود کردیا",
    "copied": "کاپی کی گئی ہے",
    "chatencryption": "پیغامات اور کالز آخر سے آخر میں خفیہ کردہ ہیں۔ اس چیٹ سے باہر کوئی ان کو نہیں پڑھ سکتا ہے",
    "alreadydeleted": "یہ پیغام بھیجنے والے کے ذریعہ پہلے ہی مٹا دیا گیا ہے",
    "fileexists": "فائل پہلے ہی فولڈر میں موجود ہے",
    "downloading": "ڈاؤن لوڈ ہو رہا ہے",
    "broadcastupdatedbyadmin": "ایڈمن کے ذریعہ نشریاتی تفصیلات کی تازہ کاری",
    "uhaveupdatedbroadcast": "آپ نے براڈکاسٹ کی تفصیلات کو اپ ڈیٹ کردیا ہے",
    "updatedbroadcast": "نشریاتی تفصیلات کو اپ ڈیٹ کیا",
    "editbroadcast": "نشریات میں ترمیم کریں",
    "broadcastname": "نشریاتی نام",
    "broadcastdesc": "نشریات کی تفصیل",
    "removefromlist": "فہرست سے خارج کریں",
    "deletebroadcast": "نشریات کو حذف کریں",
    "broadcasticondlted": "براڈکاسٹ گروپ کا آئیکن آپ کے ذریعہ حذف کردیا گیا ہے",
    "broadcasticonupdtd": "براڈکاسٹ گروپ کا آئیکون آپ کے ذریعہ تبدیل ہوا",
    "senttorecp": "کل نمبر پر بھیجا گیا",
    "norecp": "کوئی وصول کنندگان بھیجنے کے لئے دستیاب نہیں ہے",
    "tapforbroadcastinfo": "نشریاتی معلومات کے لئے یہاں ٹیپ کریں",
    "createdbroadcast": "نشریاتی فہرست بنائی گئی",
    "erroraddingbroadcast": "صارفین کو براڈکاسٹ میں شامل کرنے میں خرابی۔ دوبارہ کوشش کریں",
    "erroroccured": "لوڈ کرتے وقت خرابی پیش آگئی۔ براہ کرم ایپ کو دوبارہ شروع کریں",
    "selectsinglecontact": "ایک رابطہ منتخب کریں",
    "disabled": "اس خصوصیت کو منتظم نے عارضی طور پر غیر فعال کردیا ہے",
    "uploading": "اپ لوڈ ہو رہا ہے",
    "createbroadcast": "ایک نشریات بنائیں",
    "setbroadcastdetails": "نشریاتی تفصیلات متعین کریں",
    "bothuseradmin": "صارف اور منتظم پیغامات دونوں کی اجازت ہے",
    "onlyadmin": "صرف ایڈمن پیغامات کی اجازت ہے",
    "generatingthumbnail": "تھمب نیل پیدا کرنا",
    "text": "متن",
    "endtoendencryption": "آخر تا آخر خفیہ رکھنا",
    "maxfilesize": "فائل اس سے کم ہونی چاہئے",
    "selectedfilesize": "منتخب فائل کا سائز ہے",
    "norecentchats": "کوئی حالیہ چیٹس نہیں۔",
    "forward": "آگے",
    "you": "تم",
    "selectcontactstoforward": "آگے بھیجنے کے لیے منتخب کریں۔",
    "forwarded": "آگے بڑھایا",
    "sending": "بھیجنا",
    "maxnooffiles": "فائلوں کی زیادہ سے زیادہ تعداد منتخب کی جا سکتی ہے۔",
    "filesizeexceeded": "ایک یا زیادہ فائل کا سائز اجازت شدہ زیادہ سے زیادہ سائز سے تجاوز کر گی",
    "selectcontacttoshare": "شیئر کرنے کے لیے منتخب کریں۔",
    "maxallowed": "زیادہ سے زیادہ اجازت:",


    "latest_credits":"ازہ ترین کریڈٹس",
    "latest_debits":"تازہ ترین ڈیبٹ",
    "see_all": "تمام دیکھیں",
    "hide": "چھپائیں",
    "deposits": "جمع",
    "notifications": "اطلاعات",
    "transactions": "لین دین",
    "hello": "ہیلو",
    "user": "صارف",
    "account_number": "اکاؤنٹ نمبر",
    "available_balance": "دستیاب بیلنس",
    "withdraw": "واپس لینا",
    "scan_code": "اسکین کوڈ",
    "scan_this_QR_code_to_get_transaction": "ٹرانزیکشن حاصل کرنے کے لیے اس QR کوڈ کو اسکین کریں۔",
    "scan_qr_code": "QR کوڈ اسکین کریں۔",
    "qr_Barcode": "کیو آر/بار کوڈ",
    "doubleTapToGoBack": "واپس جانے کے لیے دو بار تھپتھپائیں۔",
    "pleaseEnterValidEmail": "ایک درست ای میل درج کریں",
    "emailCannotBeEmpty": "ای میل خالی نہیں ہو سکتی!",
    "theUsernameMustBe6Characters": "صارف نام کم از کم 6 حروف کا ہونا چاہیے۔",
    "pleaseEnterLessAmountThenWalletAmount": "براہ کرم بٹوے کی رقم سے کم رقم درج کریں۔",
    "pleaseEnterValidAmount": "براہ کرم درست رقم درج کریں۔",
    "paymentIntentIdCopieToClipboard": "ادائیگی کا ارادہ کلپ بورڈ پر کاپی ہو گیا۔",
    "walletNumber": "والیٹ نمبر",
    "noCreditRecordFound": "کوئی کریڈٹ ریکارڈ نہیں ملا۔",
    "noDebitRecordFound.": "کوئی ڈیبٹ ریکارڈ نہیں ملا۔",
    "copy": "کاپی",
    "to": "کو:",
    "oK": "ٹھیک ہے",
    "transactionID": "ٹرانزیکشن ID:",
    "transactionDetails": "لین دین کی تفصیلات",
    "transactionType": "لین دین کی قسم:",
    "depositRecordNotFound": "جمع کرنے کا ریکارڈ نہیں ملا۔",
    "transactionRecordNotFound": "لین دین کا ریکارڈ نہیں ملا۔",
    "withdrawRecordNotFound.": "واپس لینے کا ریکارڈ نہیں ملا۔",
    "payment": "ادائیگی",
    "enterAmount": "رقم درج کریں۔",
    "payViaCard": "کارڈ کے ذریعے ادائیگی کریں۔",
    "payViaWallet": "والیٹ کے ذریعے ادائیگی کریں۔",
    "pleaseWait": "برائے مہربانی انتظار کریں...",
    "enterYourEmail": "اپنا ای میل درج کریں۔",
    "register": "رجسٹر کریں۔",
    "saveThisTransactionIdForFuture": "اس ٹرانزیکشن آئی ڈی کو مستقبل کے لیے محفوظ کریں۔",
    "amountWillBeRefundWithinWorkingDays,": "رقم 6 سے 8 کام کے دنوں میں واپس کر دی جائے گی،",
    "pleaseContactOurCustomerCare": "براہ کرم ہماری کسٹمر کیئر سے رابطہ کریں،",
    "doNotPressBackLeaveAppWhileDoingTransaction": "لین دین کرتے وقت ایپ کو پیچھے نہ دبائیں اور نہ ہی چھوڑیں۔",
    "addToWallet": "والیٹ میں شامل کریں۔",
    "addAmountIntoWallet": "والیٹ میں رقم شامل کریں۔",






    "lblLanguage":"زبانوں",
    "lblUpdateIngredient":"اجزاء کو اپ ڈیٹ کریں",
    "lblAddIngredient":"اجزاء شامل کریں",
    "lblName":"نام",
    "lblCancel":"منسوخ",
    "lblUpdate":"اپ ڈیٹ",
    "lblAdd":"شامل",
    "lblPleaseAddIngredient":"براہ کرم اجزاء شامل کریں",
    "lblNew":"نئی",
    "lblCategories":"اقسام",
    "lblLongPressOnCategoryForMoreOptions":"مزید اختیارات کے لئے زمرہ پر طویل دبائیں.",
    "lblA":"A.",
    "lblAll":"سب",
    "lblChooseCurrencySymbol":"کرنسی علامت کا انتخاب کریں",
    "lblSelect":"منتخب کریں",
    "lblCamera":"کیمرے",
    "lblGallery":"گیلری، نگارخانہ",
    "lblForgetPassword":"پاس ورڈ بھول جانا؟",
    "lblEnterYouEmail":"مندرجہ بالا درج کردہ ای میل ایڈریس پر ایک ری سیٹ پاس ورڈ کا لنک بھیجا جائے گا",
    "lblEmail":"ای میل",
    "lblEnterValidEmail":"درست ای میل درج کریں",
    "lblResetPassword":"پاس ورڈ ری سیٹ",
    "lblResetPasswordLinkHasSentYourMail":"پاس ورڈ کا لنک ری سیٹ آپ نے اپنا میل بھیجا ہے",
    "lblEnable":"فعال",
    "lblDisable":"غیر فعال",
    "lblTextForDeletingCategory":"اگر آپ اس قسم کو حذف کرتے ہیں تو، اس کے تمام مینو کو ہٹا دیا جائے گا. کیا آپ اب بھی اس زمرہ کو حذف کرنا چاہتے ہیں؟",
    "lblWrongSelection":"غلط انتخاب",
    "lblEdit":"ترمیم",
    "lblDelete":"حذف کریں",
    "lblSpicy":"مسالیدار",
    "lblJain":"جین",
    "lblSpecial":"خصوصی",
    "lblPopular":"مقبول",
    "lblShowMore":"مزید دکھائیں",
    "lblShowLess":"کم دکھائیں",
    "lblFoodItems":"غذائی اشیاء",
    "lblMenuItems":"مینو اشیاء",
    "lblNoMenuFor":"کوئی مینو کے لئے نہیں",
    "lblCategory":"قسم",
    "lblNoData":"کوئی مواد نہیں",
    "lblLight":"روشنی",
    "lblDark":"اندھیرے",
    "lblSystemDefault":"سسٹم ڈیفالٹ",
    "lblSelectYourTheme":"اپنا مرکزی خیال، موضوع منتخب کریں",
    "lblAbout":"اپلی کیشن کے بارے میں",
    "lblRestaurantQRMenu":"QR مینو",
    "lblVersion":"ورژن",
    "lblAboutScreenText":"QR مینو ایک اچھی لیس فلٹر اپلی کیشن ہے. صارف کے اختتام پر، یہ صارف کو ایک ریستوراں کے مینو کو دیکھنے کے بغیر بھی ویٹر کا سامنا کرنے کے لئے ایک آسان طریقہ پیش کرتا ہے. یہ مینو دیکھنے کے عمل کے ایک آسان، منظم منظم اور پر جانے والا طریقہ کار پیش کرتا ہے. جبکہ، ریستوراں کے مالک کے اختتام پر، ایپ ریستوران، کھانے کی اقسام اور مینو کو منظم کرنے کے لئے ایک روایتی اور آسانی سے منظم طریقے سے منظم طریقہ پیش کرتا ہے",
    "lblPurchase":"خریداری",
    "lblAddImage":"تصویر شامل کریں",
    "lblChooseAnAction":"ایک کارروائی کا انتخاب کریں",
    "lblAddCategory":"زمرہ شامل کریں",
    "lblDoYouWantToUpdate":"کیا آپ اپ ڈیٹ کرنا چاہتے ہیں؟",
    "lblDoYouWantToAddThisCategory":"کیا آپ اس زمرہ کو شامل کرنا چاہتے ہیں",
    "lblDescription":"تفصیل",
    "lblAddMenuItem":"مینو آئٹم شامل کریں",
    "lblDoYouWantToDelete":"کیا آپ حذف کرنا چاہتے ہیں؟",
    "lblDoYouWantToAddThisMenuItem":"کیا آپ اس مینو میں شامل کرنا چاہتے ہیں",
    "lblPleaseChooseCategory":"براہ کرم زمرہ منتخب کریں",
    "lblChooseCategory":"زمرہ منتخب کریں",
    "lblPrice":"قیمت",
    "lblIngredients":"اجزاء",
    "lblNewDescription":"آپ کے ذائقہ کلیوں کو ٹنگل کرنے کے لئے پکا ہوا نئے آمدورفتوں اور دلیلوں کے خصوصی انتخاب کا پتہ لگائیں",
    "lblVeg":"ویگ",
    "lblVegDescription":"سبزیوں کے غیر ملکی مجموعہ سے منتخب کریں، ہلکا پھلکا اور سٹی ہوئی ٹاسک اور کمال کے ساتھ پکایا",
    "lblSpicyDescription":"گرم اور تیز، اگر آپ مسالیدار کھانا کا ایک پرستار ہیں تو، نازکیوں کی خاص مسالیدار رینج کی جانچ پڑتال کریں.",
    "lblJainDescription":"آپ کی خوراک کی ترجیحات کو پورا کرنا ہمارا مقصد ہے، اپنے کامل ایک کو تلاش کرنے کے لئے ایک وقفے جین فوڈ مینو کو تلاش کریں",
    "lblSpecialDescription":"اگر آپ نے کھانا پکانے کے ہمارے شاندار مجموعہ کی کوشش نہیں کی ہے تو، ہمارے خصوصی مینو پر یاد نہیں کرتے آپ کے لئے تمام خدمت کی.",
    "lblSweet":"میٹھی",
    "lblSweetDescription":"میٹھی کے بغیر کھانا نامکمل ہے، اپنے سب سے پیاری میٹھی میٹھی مجموعہ کے ساتھ اپنے حواس کو ٹینٹل کریں",
    "lblPopularDescription":"اس بات کا یقین نہیں کہ کیا حکم ہے؟ انتہائی سفارش کردہ یا bestsellers اور سب سے زیادہ مقبول کھانا اور delicacies چیک کریں",
    "lblAddLogoImage":"علامت (لوگو) کی تصویر شامل کریں",
    "lblAddRestaurantImage":"ڈی ڈی ریسٹورانٹ تصویر",
    "lblUpdateRestaurant":"اپ ڈیٹ ریستوراں",
    "lblAddRestaurant":"ریستوراں میں شامل",
    "lblDoYouWantToUpdateRestaurant":"کیا آپ ریستوراں کو اپ ڈیٹ کرنا چاہتے ہیں؟",
    "lblDoYouWantToAddRestaurant":"کیا آپ ریستوراں شامل کرنا چاہتے ہیں؟",
    "lblType":"قسم",
    "lblNonVeg":"غیر ویگ",
    "lblContact":"رابطہ",
    "lblCurrency":"کرنسی",
    "lblNewItemValidity":"نئی شے کی توثیق",
    "lblAddress":"ایڈریس",
    "lblPasswordSuccessfullyChanged":"پاسوڑد کامیابی سے تبدیل ہو گیا ہے",
    "lblOldPassword":"پرانا پاسورڈ",
    "lblOldPasswordIsNotCorrect":"پرانے پاس ورڈ درست نہیں ہے",
    "lblNewPassword":"نیا پاس ورڈ",
    "lblConfirmPassword":"پاس ورڈ کی تصدیق",
    "lblPasswordLengthShouldBeMoreThanSix":"پاس ورڈ کی لمبائی چھ سے زیادہ ہونا چاہئے",
    "lblBothPasswordShouldBeMatched":"دونوں پاس ورڈ مماثل ہونا چاہئے",
    "lblOldPasswordShouldNotBeSameAsNewPassword":"پرانے پاس ورڈ کو نیا پاس ورڈ کے طور پر ہی نہیں ہونا چاہئے",
    "lblSave":"بچت",
    "lblHello":"ہیلو",
    "lblMyItems":"میری اشیاء",
    "lblNoRestaurant":"کوئی ریسٹورانٹ نہیں",
    "lblDataUpdated":"ڈیٹا اپ ڈیٹ",
    "lbDoYouWantToUpdateProfile":"کیا آپ پروفائل کو اپ ڈیٹ کرنا چاہتے ہیں",
    "lblEditProfile":"پروفائل میں ترمیم کریں",
    "lblNumber":"نمبر",
    "lblTryAgain":"دوبارہ کوشش کریں",
    "lblQR":"qr.",
    "lblScanForOurOnlineMenu":"ہمارے آن لائن مینو کے لئے اسکین کریں",
    "lblUhOhSomethingWentWrong":"اوہ اوہ! کچھ غلط ہو گیا",
    "lblScanned":"سکینڈ",
    "lblWrongQRCode":"غلط QR کوڈ",
    "lblNoPermission":"اجازت نہیں",
    "lblDoYouWantToDeleteRestaurant":"کیا آپ ریستوران کو حذف کرنا چاہتے ہیں؟",
    "lblSettings":"ترتیبات",
    "lblChangePassword":"پاس ورڈ تبدیل کریں",
    "lblUserLoginWithSocialAccountCannotChangeThePassword":"سماجی اکاؤنٹ کے ساتھ صارف لاگ ان پاس ورڈ کو تبدیل نہیں کرسکتا",
    "lblDarkMode":"گہرا موڈ",
    "lblPrivacyPolicy":"پرائیویسی پالیسی",
    "lblRateUs":"امریکہ کی شرح",
    "lblTerms":"شرائط و ضوابط",
    "lblShare":"اشتراک اپلی کیشن",
    "lblLogout":"لاگ آوٹ",
    "lblAreYouSureYouWantToLogout":"کیا آپ کو یقین ہے کہ آپ لاگ آؤٹ کرنا چاہتے ہیں",
    "lblVisitAgain":"دوبارہ ملاحظہ کریں",
    "lblPleaseEnterYourEmail":"براہ کرم اپنا ای میل درج کریں",
    "lblPleaseEnterYourPassword":"برائے مہربانی اپنا پاس ورڈ داخل کریں",
    "lblPassword":"پاس ورڈ",
    "lblForgotPassword":"پاسورڈ بھول گے",
    "lblSignIn":"سائن ان",
    "lblDontHaveAnAccount":"اکاؤنٹ نہیں ہے۔",
    "lblCreateAccountHere":"یہاں اکاؤنٹ بنائیں",
    "lblOR":"یا",
    "lblSignUp":"سائن اپ",
    "lblPleaseEnterName":"براہ کرم نام درج کریں",
    "lblPleaseEnterPhoneNumber":"براہ کرم فون نمبر درج کریں",
    "lblPhoneNumber":"فون نمبر",
    "lblPleaseEnterEmail":"براہ مہربانی ای میل درج کریں",
    "lblPleasEnterPassword":"پاس ورڈ درج کریں",
    "lblAlreadyHaveAccount":"پہلے سے ہی اکاؤنٹ ہے",
    "lblSignInHere":"یہاں سائن ان کریں",
    "lblGoPaperless":"کاغذی مینو مینو پر جائیں",
    "lblGoPaperlessWithOurDigitalMenu":"QR مینو اپلی کیشن کا جادو آپ کو اسکرین کی خصوصیت پر فوری مینو کے ساتھ کاغذی طور پر جانے کی اجازت دیتا ہے. ٹیکنالوجی کی طرف سے طاقتور مستقبل کے لئے تیار مینو کی تعمیر کریں!",
    "lblGetStarted":"شروع کرنے کے",
    "lblWaitToScan":"اسکین کا انتظار",
    "lblUserAlreadyRegisterWithEmail":"صارف پہلے ہی ای میل کے ساتھ رجسٹر کریں",
    "lblWrongURL":"غلط URL.",
    "lblRemoveImage":"تصویر کو ہٹا دیں",
    "lblSelectLanguage":"زبان منتخب کریں",
    "lblSelectTheme":"مرکزی خیال، موضوع منتخب کریں",
    "lblChangeRestaurantImage":"ریسٹورانٹ تصویر تبدیل کریں",
    "lblChangeLogoImage":"علامت (لوگو) کی تصویر تبدیل کریں",
    "lblSelectThemeDesc":"ایک سے زیادہ اپلی کیشن مرکزی خیال، موضوع کے اختیارات کے ساتھ اپنے گاہکوں کو ہموار برانڈ کا تجربہ پیش کرتے ہیں جو اپنی مرضی کے مطابق اور تخلیقی صلاحیت سے بھرا ہوا ہے.",
    "lblSelectLanguageDesc":"زبان کی پریزنٹیشن ایک چیز ہے اور آپ کو تمام نئے ریستوران QR مینو ایپ کے ساتھ اپنی ترجیحی زبان میں مینو کے مقابلے میں قابل رسائی اور آسان محسوس کیا جا سکتا ہے.",
    "lblRestaurant":"ریستوراں",
    "lblClickHere":"یہاں کلک کریں",
    "lblForScanner":"سکینر کے لئے",
    "lblAddYourBusinessOrServicehere":"اپنا کاروبار یا سروس یہاں شامل کریں +",
    "lblPayViaWalletNumber": "والیٹ نمبر کے ذریعے ادائیگی کریں۔",
    "lblPayViaQRCode": "QR کوڈ کے ذریعے ادائیگی کریں۔",
    "lblEnterWalletNumber": "والیٹ نمبر درج کریں۔",
    "lblEnterAmount": "رقم درج کریں۔",
    "lblPleaseEnterTheValidWalletNumber": "براہ کرم درست والیٹ نمبر درج کریں۔",
    "lblUserCouldNotSendYourWalletNumber": "صارف آپ کے بٹوے کا نمبر نہیں بھیج سکا",
    "lblTransferredFromMyWallet": "میرے بٹوے سے منتقل کیا گیا۔",
    "news": "📰 خبریں",
    "lblTo": "کو",
    "lblFrom": "سے",
    "lblSmallTo": "کو",
    "lblSmallFrom": "سے",
    "lblReceived": "موصول ہوا۔"
}