{
    "name_hint": "Nhập tên của bạn",
    "enter_fullname": "Họ và tên",
    "enter_mobilenumber": "Số điện thoại",
    "sendsmscode": "Gửi Mã SMS để xác minh số của bạn",
    "sendverf": "Gửi mã xác minh",
    "welcometo": "Chào mừng bạn đến ",
    "enter_verfcode": "Nhập Mã xác minh được gửi đến ",
    "sending_code": "Gửi mã xác minh tới",
    "back": "trở lại",
    "verify_otp": "Xác minh mã",
    "auth_needed": "Cần xác thực để mở khóa Cài đặt",
    "auth_neededchat": "Cần xác thực để mở khóa Trò chuyện",
    "lp_setalias": "Nhấn và giữ cuộc trò chuyện để đặt bí danh",
    "swipehide": "Vuốt xuống một lần nữa để ẩn chúng",
    "swipeview": "Vuốt xuống màn hình để xem các cuộc trò chuyện ẩn",
    "loved": " Yêu thích ứng dụng? Đánh giá ứng dụng",
    "loadingfailed": " Tải không thành công! Vui lòng khởi động lại ứng dụng",
    "setup": " Hoàn tất thiết lập máy chủ! Vui lòng khởi động lại ứng dụng",
    "signin": "Đăng nhập",
    "updateavl": "Cập nhật ứng dụng có sẵn",
    "updateavlmsg": "Có một phiên bản ứng dụng mới hơn. Bạn phải cập nhật ứng dụng để tiếp tục sử dụng nó",
    "updatnow": "Cập nhật bây giờ",
    "selectcontact": "Chọn Liên hệ để chia sẻ",
    "searchcontact": "Tìm kiếm liên hệ",
    "perm_contact": "Cần có quyền truy cập danh bạ để kết nối với những người bạn biết",
    "nosearchresult": "Không có kết quả tìm kiếm",
    "search": "Tìm kiếm",
    "searchuser": "Tìm kiếm người dùng",
    "validnum": "Vui lòng nhập một số hợp lệ ",
    "chatws": "Trò chuyện mà không cần lưu số ",
    "notexist": " không tồn tại ở ",
    "invite": "Mời người dùng",
    "waitingpeer": "Đang đợi đồng nghiệp của bạn tham gia trò chuyện",
    "msgnotload": "Không thể tải tin nhắn",
    "convended": "Cuộc trò chuyện đã kết thúc",
    "usernotjoined": "Người dùng không tham gia",
    "msg": "Thông điệp",
    "pickdoc": "Chọn một tài liệu",
    "plswait": "Vui lòng đợi trong vài giây",
    "sent": "Tin nhắn đã được gửi đi ",
    "doc": "Tài liệu",
    "pickvideo": "Chọn một video",
    "video": "Video",
    "pickimage": "Chọn một hình ảnh",
    "image": "Hình ảnh",
    "record": "Ghi âm",
    "audio": "Âm thanh",
    "location": "Vị trí",
    "contact": "Tiếp xúc",
    "accept": "Chấp nhận lời mời ",
    "acpt": "Chấp nhận",
    "rjt": "Từ chối",
    "unlck": "Bỏ chặn trò chuyện với Chia sẻ phương tiện",
    "typmsg": "Gõ một tin nhắn",
    "savedconv": "Cuộc trò chuyện đã Lưu",
    "unread": " tin nhắn chưa đọc",
    "nosave": "Không có tin nhắn đã lưu",
    "unblock": "Mở khóa",
    "unblocked": "Đã mở khóa",
    "hidechat": "Ẩn trò chuyện",
    "unhidechat": "Bỏ ẩn trò chuyện",
    "cancel": "Huỷ bỏ ",
    "sayhi": "Nói xin chào đi ",
    "today": "Hôm nay ",
    "yesterday": "Hôm qua ",
    "lastseen": "Lần cuối gặp ở ",
    "typing": "đánh máy ...",
    "online": "Trực tuyến",
    "loading": "Đang tải ...",
    "pmc": "Cần có quyền truy cập Micrô và máy ảnh để Bắt đầu",
    "vsmsg": "Vuốt sang trái trên màn hình để xem các tin nhắn đã lưu",
    "drag": "Kéo tin nhắn bạn bè của bạn từ trái sang phải để kết thúc cuộc trò chuyện cho đến khi tin nhắn đó",
    "unlockchat": "Mở khóa trò chuyện",
    "lockchat": "Khóa trò chuyện",
    "setwall": "đặt nền",
    "removewall": "xóa nền",
    "showtutor": "Hiển thị hướng dẫn",
    "search_recentchats": "Tìm kiếm các cuộc trò chuyện gần đây",
    "recentchats": "Trò chuyện gần đây",
    "chats": "Trò chuyện",
    "calls": "Cuộc gọi",
    "profile": "Hồ sơ",
    "rate": "Đánh giá ứng dụng",
    "share": "Chia sẻ ứng dụng",
    "feedback": "Phản hồi",
    "tutorials": "Hướng dẫn",
    "tnc": "Điều khoản và điều kiện",
    "pp": "Chính sách bảo mật",
    "logout": "Đăng xuất",
    "unblockchat": "Bỏ chặn trò chuyện",
    "blockchat": "Chặn trò chuyện",
    "submit": "Gửi đi",
    "saved": "Đã lưu",
    "save": "Tiết kiệm",
    "validdetails": "Nhập chi tiết hợp lệ",
    "status": "Trạng thái",
    "setpasscode": "Đặt mật mã trước khi tiếp tục",
    "enterpass": "Nhập mật mã",
    "delete": "Xóa bỏ",
    "done": "Làm xong",
    "newans": "Vui lòng cung cấp một câu trả lời mới",
    "ansempty": "Câu trả lời không được để trống",
    "quesempty": "Câu hỏi không được để trống",
    "sans": "câu hỏi bảo mật",
    "sques": "câu hỏi bảo mật",
    "setpass": "Thiết lập mật mã",
    "makesureotp": "Đảm bảo số điện thoại của bạn hoặc Mã xác minh là đúng và thử lại sau",
    "setpasslong": "Phần sau được sử dụng để đặt lại mật mã của bạn trong trường hợp bạn quên. Đóng khung một câu hỏi chỉ bạn có thể trả lời. Hãy sáng tạo và chọn một câu trả lời khó đoán",
    "welcomeback": "Chào mừng trở lại",
    "failedlogin": "Đăng nhập thất bại",
    "entervalidmob": "Vui lòng nhập một số hợp lệ",
    "nameem": "Tên không được để trống",
    "correctotp": "Nhập mã đúng",
    "authfailed": "Quá trình xác thực đã thất bại",
    "authh": "Xác thực",
    "trylater": "Vui lòng thử lại sau",
    "incomingaudio": "Cuộc gọi âm thanh đến ...",
    "incomingvideo": "Cuộc gọi điện video đến ...",
    "startchat": "Bắt đầu trò chuyện bằng cách nhấn nút ở dưới cùng bên phải",
    "nochats": "Không tìm thấy cuộc trò chuyện nào",
    "clearlog": "Xóa nhật ký cuộc gọi",
    "clearloglong": "Bạn có muốn xóa tất cả nhật ký cuộc gọi không",
    "allav": "Tất cả lịch sử cuộc gọi Video & Audio sẽ được hiển thị tại đây",
    "nocalls": "Không có cuộc gọi",
    "picked": "Đã nhận cuộc gọi",
    "voice": "Cuộc gọi thoại",
    "muted": "Đã tắt tiếng thiết bị ngang hàng",
    "connecting": "Dang kết nối ...",
    "calling": "Kêu gọi ...",
    "oncall": "Trên cuộc gọi ",
    "callended": "Cuộc gọi kết thúc",
    "callrejected": "Cuộc gọi bị Từ chối",
    "ps": "Quyền truy cập Bộ nhớ cần thiết để tải xuống Tệp",
    "psac": "Quyền truy cập Bộ nhớ cần thiết để Chọn tệp",
    "eps": "Đã xảy ra lỗi khi tải xuống",
    "folder": "Tệp được tải xuống trong Thư mục ",
    "pms": " Quyền truy cập bộ nhớ cần thiết để lưu ảnh vào điện thoại của bạn",
    "removealias": "Xóa bí danh",
    "setalias": "Đặt bí danh",
    "aliasname": "Tên bí danh",
    "clocktime": "Giờ đồng hồ của bạn không đồng bộ với giờ máy chủ. Vui lòng đặt nó ở bên phải để tiếp tục",
    "letschat": "Cho phép trò chuyện trên ",
    "joinme": "Tham gia cùng tôi tại",
    "pgv": "Cần có quyền truy cập Thư viện để chọn Video",
    "pcv": "Cần có quyền truy cập Máy ảnh để chọn Video",
    "pgi": "Cần có quyền truy cập Thư viện để chọn Ảnh",
    "pci": "Cần có quyền truy cập Máy ảnh để chọn Ảnh",
    "pm": "Cần có quyền truy cập vào Micrô để Bắt đầu",
    "forgotpassword": "Quên mật khẩu ?",
    "updatesecurity": "Cập nhật bảo mật",
    "wrongans": "Câu trả lời sai ",
    "hardguess": "Sử dụng mật mã khó đoán",
    "takeimage": "Chụp ảnh để bắt đầu",
    "takefile": "Lấy một tệp để bắt đầu",
    "close": "Đóng",
    "sendingrecord": "Đang gửi ghi âm ... vui lòng đợi",
    "sendrecord": "Gửi bản ghi",
    "audiorecorder": "Máy thu âm",
    "playingrecording": "Đang phát ghi âm",
    "recording": "Ghi âm ...",
    "recorderstopped": "Máy ghi âm bị dừng",
    "mediamssgnotallowed": "Quản trị viên tạm thời tắt tính năng gửi Tin nhắn phương tiện.",
    "textmssgnotallowed": "Quản trị viên tạm thời tắt tính năng gửi Tin nhắn Văn bản",
    "callnotallowed": "Quản trị viên đã tạm thời tắt tính năng gọi điện.",
    "failedtoconfigure": "Không thể định cấu hình ứng dụng. Vui lòng khởi động lại ứng dụng!",
    "logindisabled": "Tính năng đăng nhập tạm thời bị vô hiệu hóa bởi quản trị viên",
    "allnotifications": "Thông báo",
    "newnotifications": "Đã nhận được thông báo mới",
    "nonotifications": "Không có thông báo",
    "copy": "Sao chép",
    "agree": "Bằng cách tiếp tục, bạn đồng ý với",

    "ntm": "Tin nhắn mới",
    "nim": "📷 ảnh",
    "nvm": "🎥 Video",
    "nam": "🎙️ ghi âm",
    "ncm": "👤 Đã chia sẻ địa chỉ liên hệ",
    "ndm": "📄 Tài liệu",
    "nlm": "📍 Vị trí hiện tại được chia sẻ",
    "niac": "📞 Cuộc gọi âm thanh đến",
    "nivc": "🎥 Cuộc gọi điện video đến",
    "ce": "Cuộc gọi kết thúc",
    "mc": "Cuộc gọi nhỡ",
    "aorc": "Chấp nhận hoặc từ chối cuộc gọi",
    "cr": " Cuộc gọi bị Từ chối",
    "dltscs": "Đã xoá thành công",
    "dltstatus": "Xóa trạng thái",
    "myactstatus": "Trạng thái hoạt động của tôi",
    "nostatus": "Không có Trạng thái trong Danh bạ đã Lưu của bạn",
    "rcntupdates": "Cập nhật gần đây",
    "mystatus": "Trạng thái của tôi",
    "taptoupdtstatus": "Nhấn để thêm cập nhật trạng thái",
    "createstatus": "Tạo trạng thái",
    "taptoview": "Nhấn để xem",
    "viewedby": "Được xem bởi",
    "typeacaption": "Gõ một cái gì đó",
    "settingsoption": "Cài đặt",
    "myprofile": "Thông tin của tôi",
    "editprofile": "Chỉnh sửa hồ sơ",
    "changednp": "Thay đổi tên và ảnh hiển thị",
    "givesuggestions": "Đưa ra đề xuất về ứng dụng",
    "leavereview": "Leave your review",
    "pmtevents": "Sự kiện & Cảnh báo Khuyến mại",
    "abiderules": "Tuân thủ các quy tắc",
    "processdata": "Biết cách chúng tôi xử lý dữ liệu của bạn",
    "recipients": "Người nhận",
    "participants": "Những người tham gia",
    "about": "Trong khoảng",
    "encryption": "Bí mật",
    "encryptionshort": "Tin nhắn và cuộc gọi được mã hóa đầu cuối",
    "newbroadcast": "Phát sóng mới",
    "newgroup": "Nhóm mới",
    "admin": "quản trị viên",
    "setasadmin": "Đặt làm Quản trị viên",
    "removeasadmin": "Xóa với tư cách Quản trị viên",
    "remove": "làm cho xa ra",
    "removefromgroup": "Loại bỏ khỏi nhóm",
    "leavegroup": "Rời khỏi nhóm",
    "unabletoleavegrp": "Không thể rời khỏi nhóm. Vui lòng thử lại",
    "leftthegroup": "đã rời khỏi nhóm",
    "leave": "Rời khỏi",
    "deletegroup": "Xóa nhóm",
    "nodesc": "Không có mô tả nào được thêm vào",
    "desc": "Sự miêu tả",
    "grpicondeletedby": "Biểu tượng Nhóm bị xóa bởi",
    "grpiconchangedby": "Biểu tượng Nhóm được thay đổi bởi",
    "createdby": "Được tạo bởi",
    "createdbyu": "Do bạn tạo",
    "removedbyadmin": "bị xóa bởi quản trị viên",
    "hasremoved": "đã loại bỏ",
    "confirm": "Xác nhận",
    "deletedgroup": "Nhóm này đã bị quản trị viên xóa HOẶC bạn đã bị xóa khỏi nhóm này",
    "onlyadminsend": "🔒 Chỉ quản trị viên mới có thể gửi tin nhắn trong Nhóm này",
    "tapherefrgrpinfo": "Nhấn vào đây để biết thông tin nhóm",
    "detectingloc": "đang phát hiện vị trí",
    "download": "TẢI XUỐNG",
    "preview": "XEM TRƯỚC",
    "msgdeleted": "Tin nhắn đã bị xóa",
    "dltforeveryone": "Xóa cho mọi người",
    "dltforme": "Xóa cho tôi",
    "youleftthegroup": "Bạn đã rời khỏi Nhóm",
    "uhaveadded": "Bạn đã thêm",
    "youhaveremoved": "Bạn đã loại bỏ",
    "youremovedgrpicon": "Bạn đã xóa Biểu tượng Nhóm",
    "hasremovedgrpicon": "đã xóa biểu tượng Nhóm",
    "youupdatedgrpicon": "Bạn đã cập nhật Biểu tượng Nhóm",
    "hasupdatedgrpicon": "đã cập nhật biểu tượng Nhóm",
    "youcreatedthisgroup": "Bạn đã tạo Nhóm này",
    "hascreatedthisgroup": "đã tạo Nhóm này",
    "uhvupdatedgrpdetails": "Bạn đã cập nhật chi tiết Nhóm",
    "grpdetailsupdatebyadmin": "Chi tiết nhóm do Admin cập nhật",
    "hasupdatedgrpdetails": "đã cập nhật chi tiết nhóm",
    "hasbeensetasadminbyu": "đặt làm quản trị viên bởi bạn",
    "hvsetuasadmin": "đã đặt bạn làm Quản trị viên",
    "theyremoveduasadmin": "đã xóa bạn với tư cách là Quản trị viên",
    "adminahasadded": "Quản trị viên đã thêm",
    "users": "Người dùng",
    "added": "đã thêm",
    "set": "sau cùng",
    "creategroup": "Nhóm mới",
    "editgroup": "Chỉnh sửa nhóm",
    "groupname": "Tên nhóm",
    "groupdesc": "mô tả nhóm",
    "grouptype": "Loại nhóm",
    "adminhasadded": "Quản trị viên đã thêm",
    "youandother": "bạn và người khác",
    "youareaddedtothisgrp": "Bạn đã được thêm vào Nhóm này",
    "fromadmin": "từ quản trị viên",
    "asadmin": "với tư cách là quản trị viên",
    "setgroup": "Đặt chi tiết nhóm",
    "selected": "Đã chọn",
    "selectcontacts": "Chọn Liên hệ để Thêm",
    "errorcreatinggroup": "Lỗi khi thêm người dùng vào nhóm. Vui lòng thử lại",
    "deleting": "đang xóa",
    "deleted": "Đã xóa",
    "blockbroadcast": "Chặn chương trình phát sóng này",
    "blockedbroadcast": "Đã chặn chương trình sóng này",
    "copied": "Đã sao chép",
    "chatencryption": "Tin nhắn và cuộc gọi được mã hóa đầu cuối. Không ai bên ngoài cuộc trò chuyện này có thể đọc chúng",
    "alreadydeleted": "Thư này đã bị xóa bởi người gửi",
    "fileexists": "Tệp đã tồn tại trong thư mục",
    "downloading": "Đang tải xuống",
    "broadcastupdatedbyadmin": "Thông tin chi tiết về chương trình phát sóng do quản trị viên cập nhật",
    "uhaveupdatedbroadcast": "Bạn đã cập nhật Chi tiết phát sóng",
    "updatedbroadcast": "đã cập nhật Chi tiết phát sóng",
    "editbroadcast": "Chỉnh sửa chương trình phát sóng",
    "broadcastname": "Tên chương trình phát sóng",
    "broadcastdesc": "Mô tả truyền phát",
    "removefromlist": "Xóa từ danh sách",
    "deletebroadcast": "Xóa chương trình phát sóng",
    "broadcasticondlted": "Biểu tượng Nhóm Phát sóng bị Bạn xóa",
    "broadcasticonupdtd": "Bạn đã thay đổi Biểu tượng Nhóm Phát sóng",
    "senttorecp": "Đã gửi đến tổng số người nhận",
    "norecp": "Không có người nhận nào để gửi",
    "tapforbroadcastinfo": "Nhấn vào đây để biết thông tin phát sóng",
    "createdbroadcast": "Danh sách phát sóng đã được tạo",
    "erroraddingbroadcast": "Lỗi khi thêm người dùng vào chương trình phát sóng. Vui lòng thử lại",
    "erroroccured": "Đã xảy ra lỗi khi tải. Vui lòng khởi động lại ứng dụng",
    "selectsinglecontact": "Chọn liên hệ",
    "disabled": "Tính năng này tạm thời bị vô hiệu hóa bởi Quản trị viên",
    "uploading": "Đang tải lên",
    "createbroadcast": "Tạo chương trình phát sóng",
    "setbroadcastdetails": "Đặt thông tin chi tiết về chương trình phát sóng",
    "bothuseradmin": "Cả tin nhắn của người dùng và quản trị viên đều được phép",
    "onlyadmin": "Chỉ tin nhắn của quản trị viên được phép",
    "generatingthumbnail": "đang tạo hình thu nhỏ",
    "text": "Bản văn",
    "endtoendencryption": "Mã hóa đầu cuối",
    "maxfilesize": "Tệp phải nhỏ hơn",
    "selectedfilesize": "Kích thước tệp đã chọn là",
    "norecentchats": "Không có cuộc trò chuyện nào gần đây",
    "forward": "Phía trước",
    "you": "Bạn",
    "selectcontactstoforward": "Chọn để chuyển tiếp",
    "forwarded": "Chuyển tiếp",
    "sending": "Gửi",
    "maxnooffiles": "Số lượng tệp tối đa có thể được chọn",
    "filesizeexceeded": "Một hoặc nhiều kích thước tệp đã vượt quá Kích thước tối đa cho phép",
    "selectcontacttoshare": "Chọn để chia sẻ",
    "maxallowed": "Tối đa cho phép :",


    "latest_credits":"Tín dụng mới nhất",
    "latest_debits":"Các khoản nợ mới nhất",
    "see_all": "Nhìn thấy tất cả",
    "hide": "Ẩn giấu",
    "deposits": "Tiền gửi",
    "notifications": "Thông báo",
    "transactions": "Giao dịch",
    "hello": "xin chào",
    "user": "Người sử dụng",
    "account_number": "Số tài khoản",
    "available_balance": "Số dư khả dụng",
    "withdraw": "Rút",
    "scan_code": "Quét mã",
    "scan_this_QR_code_to_get_transaction": "Quét mã QR này để nhận Giao dịch",
    "scan_qr_code": "Quét mã QR",
    "qr_Barcode": "QR / mã vạch",
    "doubleTapToGoBack": "Nhấn đúp để quay lại",
    "pleaseEnterValidEmail": "Vui lòng nhập email hợp lệ",
    "emailCannotBeEmpty": "Email không được để trống!",
    "theUsernameMustBe6Characters": "Tên người dùng phải có ít nhất 6 ký tự",
    "pleaseEnterLessAmountThenWalletAmount": "Vui lòng nhập số tiền ít hơn sau đó nhập số tiền ví",
    "pleaseEnterValidAmount": "Vui lòng nhập số tiền hợp lệ",
    "paymentIntentIdCopieToClipboard": "Đã sao chép IntentId Thanh toán vào khay nhớ tạm",
    "walletNumber": "Số Ví",
    "noCreditRecordFound": "Không tìm thấy hồ sơ tín dụng.",
    "noDebitRecordFound.": "Không tìm thấy hồ sơ ghi nợ.",
    "copy": "Sao chép",
    "to": "Đến :",
    "oK": "VÂNG",
    "transactionID": "ID giao dịch :",
    "transactionDetails": "chi tiết giao dịch",
    "transactionType": "Loại giao dịch :",
    "depositRecordNotFound": "Không tìm thấy hồ sơ gửi tiền.",
    "transactionRecordNotFound": "Không tìm thấy hồ sơ giao dịch.",
    "withdrawRecordNotFound.": "Bản ghi Rút tiền Không tìm thấy.",
    "payment": "Thanh toán",
    "enterAmount": "Nhập số tiền",
    "payViaCard": "Thanh toán qua thẻ",
    "payViaWallet": "Thanh toán qua Ví",
    "pleaseWait": "Vui lòng chờ...",
    "enterYourEmail": "Nhập email của bạn",
    "register": "Đăng ký",
    "saveThisTransactionIdForFuture": "Lưu id giao dịch này cho tương lai",
    "amountWillBeRefundWithinWorkingDays,": "Số tiền sẽ được hoàn lại trong vòng 6 đến 8 ngày làm việc,",
    "pleaseContactOurCustomerCare": "Vui lòng liên hệ với bộ phận chăm sóc khách hàng của chúng tôi.",
    "doNotPressBackLeaveAppWhileDoingTransaction": "không nhấn lại hoặc rời khỏi ứng dụng trong khi thực hiện giao dịch",
    "addToWallet": "Thêm vào ví",
    "addAmountIntoWallet": "Thêm số tiền vào Wallet",






    "lblLanguage":"Ngôn ngữ.",
    "lblUpdateIngredient":"Cập nhật thành phần",
    "lblAddIngredient":"Thêm thành phần",
    "lblName":"Tên",
    "lblCancel":"Hủy bỏ",
    "lblUpdate":"Cập nhật",
    "lblAdd":"Thêm vào",
    "lblPleaseAddIngredient":"Vui lòng thêm thành phần",
    "lblNew":"Mới",
    "lblCategories":"Thể loại",
    "lblLongPressOnCategoryForMoreOptions":"Nhấn lâu vào danh mục để biết thêm tùy chọn.",
    "lblA":"MỘT",
    "lblAll":"Tất cả các",
    "lblChooseCurrencySymbol":"Chọn biểu tượng tiền tệ",
    "lblSelect":"Lựa chọn",
    "lblCamera":"Máy ảnh",
    "lblGallery":"Bộ sưu tập",
    "lblForgetPassword":"Quên mật khẩu?",
    "lblEnterYouEmail":"Một liên kết mật khẩu thiết lập lại sẽ được gửi đến địa chỉ email đã nhập ở trên",
    "lblEmail":"E-mail",
    "lblEnterValidEmail":"Nhập email hợp lệ",
    "lblResetPassword":"Đặt lại mật khẩu",
    "lblResetPasswordLinkHasSentYourMail":"Đặt lại liên kết mật khẩu đã gửi thư của bạn",
    "lblEnable":"Cho phép",
    "lblDisable":"Vô hiệu",
    "lblTextForDeletingCategory":"Nếu bạn xóa danh mục này, tất cả các menu của nó sẽ được gỡ bỏ. Bạn vẫn muốn xóa danh mục này?",
    "lblWrongSelection":"LỰA CHỌN SAU",
    "lblEdit":"Chỉnh sửa",
    "lblDelete":"Xóa bỏ",
    "lblSpicy":"Cay",
    "lblJain":"Jain.",
    "lblSpecial":"Đặc biệt",
    "lblPopular":"Phổ biến",
    "lblShowMore":"Cho xem nhiều hơn",
    "lblShowLess":"Hiện ít hơn",
    "lblFoodItems":"Các mặt hàng thực phẩm",
    "lblMenuItems":"Các mục menu",
    "lblNoMenuFor":"Không có menu nào cho",
    "lblCategory":"thể loại",
    "lblNoData":"Không có dữ liệu",
    "lblLight":"Soi rọi",
    "lblDark":"Tối tăm",
    "lblSystemDefault":"Mặc định hệ thống",
    "lblSelectYourTheme":"Chọn chủ đề của bạn",
    "lblAbout":"Về ứng dụng.",
    "lblRestaurantQRMenu":"Menu QR.",
    "lblVersion":"Phiên bản",
    "lblAboutScreenText":"Menu QR là một ứng dụng flutter được trang bị tốt. Trên kết thúc người dùng, nó cung cấp cho người dùng một cách đơn giản để xem menu của một nhà hàng mà không cần phải đối đầu với người phục vụ. Nó cung cấp một phương pháp dễ dàng, dễ quản lý & đang di chuyển của quy trình xem menu. Trong khi, trên chủ nhà hàng kết thúc, ứng dụng cung cấp một phương pháp thông thường và dễ quản lý để quản lý nhà hàng, danh mục thực phẩm và thực đơn",
    "lblPurchase":"Mua",
    "lblAddImage":"Thêm hình ảnh",
    "lblChooseAnAction":"Chọn một hành động",
    "lblAddCategory":"thêm thể loại",
    "lblDoYouWantToUpdate":"Bạn có muốn cập nhật không",
    "lblDoYouWantToAddThisCategory":"Bạn có muốn thêm danh mục này không",
    "lblDescription":"Sự miêu tả",
    "lblAddMenuItem":"Thêm mục menu",
    "lblDoYouWantToDelete":"Bạn có muốn xóa không",
    "lblDoYouWantToAddThisMenuItem":"Bạn có muốn thêm mục menu này không",
    "lblPleaseChooseCategory":"Vui lòng chọn Thể loại",
    "lblChooseCategory":"Chọn loại",
    "lblPrice":"Giá bán",
    "lblIngredients":"Thành phần",
    "lblNewDescription":"Khám phá lựa chọn độc quyền các món ăn mới và món ngon được nấu để tiêng nức nếm của bạn",
    "lblVeg":"Veg.",
    "lblVegDescription":"Chọn từ bộ sưu tập rau quả kỳ lạ, khuấy và xào xé và nấu với sự hoàn hảo",
    "lblSpicyDescription":"Nóng và nóng bỏng, nếu bạn là một fan hâm mộ của ẩm thực cay, hãy xem phạm vi vị cay đặc biệt của món ngon.",
    "lblJainDescription":"Phục vụ theo sở thích thực phẩm của bạn là mục tiêu của chúng tôi, khám phá một thực đơn thực phẩm Jain chuyên dụng để tìm người hoàn hảo của bạn",
    "lblSpecialDescription":"Nếu bạn chưa thử bộ sưu tập các món ăn tinh tế của chúng tôi, đừng bỏ lỡ trong thực đơn đặc biệt của chúng tôi phục vụ tất cả cho bạn.",
    "lblSweet":"Ngọt",
    "lblSweetDescription":"Một bữa ăn không có món tráng miệng là không đầy đủ, làm hoang dã hóa các giác quan của bạn với bộ sưu tập tráng miệng ngọt ngào nhất của chúng tôi",
    "lblPopularDescription":"Không chắc chắn những gì để đặt hàng? Kiểm tra những người được khuyến khích hoặc bán chạy nhất và các món ăn và món ngon phổ biến nhất",
    "lblAddLogoImage":"Thêm hình ảnh logo",
    "lblAddRestaurantImage":"Hình ảnh nhà hàng DD",
    "lblUpdateRestaurant":"Cập nhật nhà hàng",
    "lblAddRestaurant":"Thêm nhà hàng",
    "lblDoYouWantToUpdateRestaurant":"Bạn có muốn cập nhật nhà hàng không",
    "lblDoYouWantToAddRestaurant":"Bạn có muốn thêm nhà hàng",
    "lblType":"Kiểu",
    "lblNonVeg":"Không ăn chay.",
    "lblContact":"Tiếp xúc",
    "lblCurrency":"Tiền tệ",
    "lblNewItemValidity":"Mặt hàng mới có giá trị",
    "lblAddress":"Địa chỉ nhà",
    "lblPasswordSuccessfullyChanged":"Mật khẩu đã được thay đổi thành công",
    "lblOldPassword":"Mật khẩu cũ",
    "lblOldPasswordIsNotCorrect":"Mật khẩu cũ không đúng",
    "lblNewPassword":"mật khẩu mới",
    "lblConfirmPassword":"Xác nhận mật khẩu",
    "lblPasswordLengthShouldBeMoreThanSix":"Chiều dài mật khẩu phải nhiều hơn sáu",
    "lblBothPasswordShouldBeMatched":"Cả hai mật khẩu phải được khớp",
    "lblOldPasswordShouldNotBeSameAsNewPassword":"Mật khẩu cũ không được giống như mật khẩu mới",
    "lblSave":"Cứu",
    "lblHello":"xin chào",
    "lblMyItems":"Những đồ của tôi",
    "lblNoRestaurant":"Không có nhà hàng",
    "lblDataUpdated":"Dữ liệu được cập nhật",
    "lbDoYouWantToUpdateProfile":"Bạn có muốn cập nhật hồ sơ không",
    "lblEditProfile":"Chỉnh sửa hồ sơ.",
    "lblNumber":"Con số",
    "lblTryAgain":"Thử lại",
    "lblQR":"Qr.",
    "lblScanForOurOnlineMenu":"Quét cho menu trực tuyến của chúng tôi",
    "lblUhOhSomethingWentWrong":"Uh oh! Đã xảy ra lỗi",
    "lblScanned":"quét",
    "lblWrongQRCode":"Mã QR sai",
    "lblNoPermission":"Không cho phép",
    "lblDoYouWantToDeleteRestaurant":"Bạn có muốn xóa nhà hàng",
    "lblSettings":"Cài đặt",
    "lblChangePassword":"Đổi mật khẩu",
    "lblUserLoginWithSocialAccountCannotChangeThePassword":"Đăng nhập người dùng với tài khoản xã hội không thể thay đổi mật khẩu",
    "lblDarkMode":"Chế độ tối",
    "lblPrivacyPolicy":"Chính sách bảo mật",
    "lblRateUs":"Đánh giá chúng tôi",
    "lblTerms":"Điều khoản và điều kiện",
    "lblShare":"Chia sẻ ứng dụng.",
    "lblLogout":"Đăng xuất",
    "lblAreYouSureYouWantToLogout":"Bạn có chắc chắn bạn muốn thoát",
    "lblVisitAgain":"Đi lại lần nữa",
    "lblPleaseEnterYourEmail":"Vui lòng nhập email của bạn",
    "lblPleaseEnterYourPassword":"Vui lòng nhập mật khẩu của bạn",
    "lblPassword":"Mật khẩu",
    "lblForgotPassword":"Quên mật khẩu",
    "lblSignIn":"Đăng nhập",
    "lblDontHaveAnAccount":"Không có một tài khoản",
    "lblCreateAccountHere":"Tạo tài khoản tại đây",
    "lblOR":"HOẶC",
    "lblSignUp":"Đăng ký",
    "lblPleaseEnterName":"Vui lòng nhập tên.",
    "lblPleaseEnterPhoneNumber":"Vui lòng nhập số điện thoại",
    "lblPhoneNumber":"Số điện thoại",
    "lblPleaseEnterEmail":"Vui lòng nhập email",
    "lblPleasEnterPassword":"Cho thuê nhập mật khẩu",
    "lblAlreadyHaveAccount":"Đã có tài khoản",
    "lblSignInHere":"Đăng nhập tại đây",
    "lblGoPaperless":"Hệ thống menu không cần giấy",
    "lblGoPaperlessWithOurDigitalMenu":"Ma thuật của ứng dụng Menu QR cho phép bạn đi không có giấy tờ với menu ngay lập tức trên tính năng màn hình. Xây dựng một menu sẵn sàng trong tương lai được cung cấp bởi công nghệ!",
    "lblGetStarted":"Bắt đầu",
    "lblWaitToScan":"Chờ đợi để quét",
    "lblUserAlreadyRegisterWithEmail":"Người dùng đã đăng ký với email",
    "lblWrongURL":"URL sai",
    "lblRemoveImage":"Xóa hình ảnh",
    "lblSelectLanguage":"Chọn ngôn ngữ",
    "lblSelectTheme":"Lựa chọn chủ đề",
    "lblChangeRestaurantImage":"Thay đổi hình ảnh nhà hàng",
    "lblChangeLogoImage":"Thay đổi hình ảnh logo",
    "lblSelectThemeDesc":"Cung cấp trải nghiệm thương hiệu liền mạch cho khách hàng của bạn với nhiều tùy chọn chủ đề ứng dụng có khả năng tùy chỉnh và đầy đủ khả năng sáng tạo.",
    "lblSelectLanguageDesc":"Cá nhân hóa ngôn ngữ là một điều và những gì có thể cảm thấy nhiều hơn có thể truy cập và dễ dàng hơn là có một menu trong ngôn ngữ ưa thích của bạn với tất cả các ứng dụng QR Menu mới.",
    "lblRestaurant":"Quán ăn",
    "lblClickHere":"Bấm vào đây",
    "lblForScanner":"cho máy quét",
    "lblAddYourBusinessOrServicehere":"Thêm doanh nghiệp hoặc dịch vụ của bạn ở đây +",
    "lblPayViaWalletNumber": "Thanh toán qua số ví",
    "lblPayViaQRCode": "Thanh toán qua mã QR",
    "lblEnterWalletNumber": "Nhập số Ví",
    "lblEnterAmount": "Nhập số tiền",
    "lblPleaseEnterTheValidWalletNumber": "Vui lòng nhập số ví hợp lệ",
    "lblUserCouldNotSendYourWalletNumber": "Người dùng không thể gửi số ví của bạn",
    "lblTransferredFromMyWallet": "Được chuyển từ ví của tôi",
    "news": "📰 TIN TỨC",
    "lblTo": "Đến",
    "lblFrom": "Từ",
    "lblSmallTo": "đến",
    "lblSmallFrom": "từ",
    "lblReceived": "Nhận"
}