{
    "name_hint": "输入你的名字",
    "enter_fullname": "全名",
    "enter_mobilenumber": "手机号码",
    "sendsmscode": "发送验证码以验证您的电话号码",
    "sendverf": "发送验证码 ",
    "welcometo": "欢迎来到 ",
    "enter_verfcode": "输入发送到的验证码 ",
    "sending_code": "发送验证码至 ",
    "back": "背部",
    "verify_otp": "代码验证",
    "auth_needed": "需要进行身份验证才能解锁设置",
    "auth_neededchat": "需要身份验证才能解锁聊天",
    "lp_setalias": "长按聊天以设置别名",
    "swipehide": "再次向下滑动即可隐藏它们",
    "swipeview": "在屏幕上向下滑动即可查看隐藏的聊天记录",
    "loved": "喜欢该应用评价该应用 ",
    "loadingfailed": "加载失败，请重新启动应用 ",
    "setup": "服务器设置完成请重新启动应用 ",
    "signin": "登入",
    "updateavl": "应用更新可用",
    "updateavlmsg": "有可用的新版本应用程序。您必须更新应用程序才能继续使用它",
    "updatnow": "现在更新 ",
    "selectcontact": "选择联系人以分享",
    "searchcontact": "搜寻联络人",
    "perm_contact": "与您认识的人建立联系需要访问联系人的权限",
    "nosearchresult": "没有搜寻结果",
    "search": "搜索",
    "searchuser": "搜索用户",
    "validnum": "请输入一个有效的数字  ",
    "chatws": "没有保存号码的聊天 ",
    "notexist": " 不存在于 ",
    "invite": "邀请用户",
    "waitingpeer": "等待您的同伴加入聊天",
    "msgnotload": "聊天消息无法加载",
    "convended": "对话结束",
    "usernotjoined": "用户未加入",
    "msg": "聊天留言",
    "pickdoc": "选择一个文件",
    "plswait": "请等待几秒钟 ",
    "sent": "信息已发送 ",
    "doc": "文件",
    "pickvideo": "选择一个视频",
    "video": "视频",
    "pickimage": "选择一个图像",
    "image": "图像",
    "record": "录制音频",
    "audio": "声音的",
    "location": "地点",
    "contact": "接触",
    "accept": "接受邀请 ",
    "acpt": "接受",
    "rjt": "拒绝",
    "unlck": "取消阻止聊天以共享媒体",
    "typmsg": "输入讯息",
    "savedconv": "已保存的对话",
    "unread": " 未读聊天消息 ",
    "nosave": "没有保存的消息",
    "unblock": "解除封锁 ",
    "unblocked": "畅通 ",
    "hidechat": "隐藏聊天 ",
    "unhidechat": "取消隐藏聊天 ",
    "cancel": "取消 ",
    "sayhi": "打招呼 ",
    "today": "今天",
    "yesterday": "昨天 ",
    "lastseen": "最后看于",
    "typing": "输入...",
    "online": "在线的",
    "loading": "载入中...",
    "pmc": "必须具有访问麦克风和摄像头的权限才能启动",
    "vsmsg": "在屏幕上向左滑动即可查看已保存的消息",
    "drag": "从左向右拖动您的朋友留言以结束对话，直到该留言为止",
    "unlockchat": "解锁聊天",
    "lockchat": "锁定聊天",
    "setwall": "设置墙纸",
    "removewall": "删除墙纸",
    "showtutor": "显示教程",
    "search_recentchats": "搜索最近聊天",
    "recentchats": "最近的聊天",
    "chats": "聊天室 ",
    "calls": "称呼",
    "profile": "轮廓 ",
    "rate": "评价应用 ",
    "share": "分享应用",
    "feedback": "需要反馈 ",
    "tutorials": "教程",
    "tnc": "条款及细则 ",
    "pp": "隐私政策 ",
    "logout": "登出",
    "unblockchat": "取消阻止聊天 ",
    "blockchat": "阻止聊天 ",
    "submit": "提交 ",
    "saved": "已保存 ",
    "save": "救",
    "validdetails": "输入有效的详细信息",
    "status": "状态",
    "setpasscode": "在继续之前设置密码",
    "enterpass": "输入密码",
    "delete": "删除",
    "done": "完毕",
    "newans": "请提供一个新的答案",
    "ansempty": "答案不能为空 ",
    "quesempty": "问题不能为空 ",
    "sans": "安全答案",
    "sques": "安全问题",
    "setpass": "设置密码",
    "makesureotp": "确保您的电话号码或验证码正确无误，然后重试",
    "setpasslong": "以下内容可用于重置密码，以防万一您忘记了密码仅提出一个问题，您才能回答富有创造力并选择难以猜测的答案",
    "welcomeback": "欢迎回来 ",
    "failedlogin": "登录失败 ",
    "entervalidmob": "请输入一个有效的数字",
    "nameem": "名称不能为空",
    "correctotp": "输入正确的密码 ",
    "authfailed": "验证失败 ",
    "authh": "验证",
    "trylater": "请稍后再试 ",
    "incomingaudio": "来电音频通话中... ",
    "incomingvideo": "来电视频通话... ",
    "startchat": "按下右下方的按钮开始聊天",
    "nochats": "找不到聊天记录",
    "clearlog": "清除通话记录 ",
    "clearloglong": "是否要删除所有通话记录 ",
    "allav": "所有视频和音频通话记录将在此处显示",
    "nocalls": "没有电话",
    "picked": "接听电话",
    "voice": "语音通话",
    "muted": "对等设备已静音",
    "connecting": "正在连线... ",
    "calling": "正在呼叫... ",
    "oncall": "随传随到",
    "callended": "通话结束",
    "callrejected": "通话被拒",
    "ps": "下载文件所需的访问存储的权限",
    "psac": "选择文件所需的访问存储的权限",
    "eps": "下载时发生错误",
    "folder": "文件下载到文件夹中  ",
    "pms": "有权访问将照片保存到手机所需的存储空间 ",
    "removealias": "删除别名",
    "setalias": "设置别名",
    "aliasname": "别名",
    "clocktime": "您的时钟时间与服务器时间不同步，请设置正确以继续",
    "letschat": "让我们聊天 ",
    "joinme": "加入我的行列 ",
    "pgv": "选择视频需要访问画廊的权限",
    "pcv": "您需要访问“摄像机”才能选择“视频”",
    "pgi": "需要选择照片的权限才能访问图库",
    "pci": "选择照片需要访问相机的权限",
    "pm": "必须具备访问麦克风的权限才能启动",
    "forgotpassword": "忘记密码 ",
    "updatesecurity": "更新安全性",
    "wrongans": "错误的答案 ",
    "hardguess": "使用难以猜测的密码 ",
    "takeimage": "拍摄图像开始",
    "takefile": "取一个文件开始",
    "close": "关闭",
    "sendingrecord": "正在发送录音...请稍候 ",
    "sendrecord": "发送录音",
    "audiorecorder": "录音机",
    "playingrecording": "播放录音",
    "recording": "记录... ",
    "recorderstopped": "记录器已停止 ",
    "mediamssgnotallowed": "媒体消息的发送已被管理员暂时禁用",
    "textmssgnotallowed": "媒体消息的发送已被管理员暂时禁用。",
    "callnotallowed": "通话功能已被管理员暂时禁用。",
    "failedtoconfigure": "无法配置应用程序。请重新启动应用程序！",
    "logindisabled": "登录功能已被管理员暂时禁用",
    "allnotifications": "通知",
    "newnotifications": "收到新通知",
    "nonotifications": "没有通知",
    "copy": "复制",
    "agree": "继续即表示您同意",


    "ntm": "新短信",
    "nim": "📷 照片",
    "nvm": "🎥 视频",
    "nam": "🎙️ 记录",
    "ncm": "👤 联系人已共享",
    "ndm": "📄 文件",
    "nlm": "📍 当前位置已共享",
    "niac": "📞 传入音频呼叫",
    "nivc": "🎥 来电视频通话",
    "ce": "通话结束",
    "mc": "未接来电",
    "aorc": "接听或拒绝来电",
    "cr": " 呼叫被拒绝",
    "dltscs": "成功删除",
    "dltstatus": "删除状态",
    "myactstatus": "我的活跃状态",
    "nostatus": "您保存的联系人中没有状态",
    "rcntupdates": "最近更新",
    "mystatus": "我的状态",
    "taptoupdtstatus": "点按即可添加状态更新",
    "createstatus": "设置状态",
    "taptoview": "点按即可查看",
    "viewedby": "谁见过这个",
    "typeacaption": "输入标题",
    "settingsoption": "应用程序设置",
    "myprofile": "我的简历",
    "editprofile": "编辑个人资料",
    "changednp": "更改显示名称和照片",
    "givesuggestions": "提供有关应用程序的建议",
    "leavereview": "留下你的评论",
    "pmtevents": "促销活动和提醒",
    "abiderules": "遵守规则",
    "processdata": "了解我们如何处理您的数据",
    "recipients": "收件人",
    "participants": "参与者",
    "about": "关于我",
    "encryption": "加密",
    "encryptionshort": "消息和呼叫是端到端加密的",
    "newbroadcast": "新的广播",
    "newgroup": "新组",
    "admin": "理员",
    "setasadmin": "设为管理员",
    "removeasadmin": "以管理员身份删除",
    "remove": "去掉",
    "removefromgroup": "从组中删除",
    "leavegroup": "离开组",
    "unabletoleavegrp": "无法离开组请再试一次",
    "leftthegroup": "离开了集团",
    "leave": "离开",
    "deletegroup": "删除组",
    "nodesc": "未添加说明",
    "desc": "描述",
    "grpicondeletedby": "删除的组图标",
    "grpiconchangedby": "组图标更改为",
    "createdby": "由...制作",
    "createdbyu": "由您创建",
    "removedbyadmin": "被管理员删除",
    "hasremoved": "已删除",
    "confirm": "确认",
    "deletedgroup": "此群组已被管理员删除或您已从该群组中删除",
    "onlyadminsend": "🔒 只有管​​理员可以在此群组中发送消息",
    "tapherefrgrpinfo": "点击此处查看群组信息",
    "detectingloc": "正在检测位置",
    "download": "下载",
    "preview": "预习",
    "msgdeleted": "消息已删除",
    "dltforeveryone": "为所有人删除",
    "dltforme": "为我删除",
    "youleftthegroup": "你离开了群组",
    "uhaveadded": "您已添加",
    "youhaveremoved": "您已删除",
    "youremovedgrpicon": "您已删除组图标",
    "hasremovedgrpicon": "删除了组图标",
    "youupdatedgrpicon": "您已更新组图标",
    "hasupdatedgrpicon": "更新的组图标",
    "youcreatedthisgroup": "您创建了此群组",
    "hascreatedthisgroup": "创建了这个组",
    "uhvupdatedgrpdetails": "您已更新组详细信息",
    "grpdetailsupdatebyadmin": "管理员更新的组详细信息",
    "hasupdatedgrpdetails": "已更新组详细信息",
    "hasbeensetasadminbyu": "已被您设置为管理员",
    "hvsetuasadmin": "将您设置为管理员",
    "theyremoveduasadmin": "已将您删除为管理员",
    "adminahasadded": "管理员已添加",
    "users": "用户",
    "added": "已添加",
    "set": "集合",
    "creategroup": "新组",
    "editgroup": "编辑组",
    "groupname": "组的名字",
    "groupdesc": "团体信息",
    "grouptype": "团体类型",
    "adminhasadded": "管理员已添加",
    "youandother": "你和其他人",
    "youareaddedtothisgrp": "您已加入此群组",
    "fromadmin": "从管理员",
    "asadmin": "作为管理员",
    "setgroup": "设置组详细信息",
    "selected": "已选",
    "selectcontacts": "选择要添加的联系人",
    "errorcreatinggroup": "将用户添加到组时出错。请再试一次",
    "deleting": "正在删除",
    "deleted": "已删除",
    "blockbroadcast": "阻止此广播",
    "blockedbroadcast": "阻止了此广播",
    "copied": "已复制",
    "chatencryption": "消息和呼叫是端到端加密的。此聊天之外的任何人都无法阅读它们",
    "alreadydeleted": "此消息已被发件人删除",
    "fileexists": "文件夹中已存在文件",
    "downloading": "正在下载",
    "broadcastupdatedbyadmin": "由管理员更新的广播详细信息",
    "uhaveupdatedbroadcast": "您已更新广播详情",
    "updatedbroadcast": "更新了广播详情",
    "editbroadcast": "编辑广播",
    "broadcastname": "广播名称",
    "broadcastdesc": "广播说明",
    "removefromlist": "从列表中删除",
    "deletebroadcast": "删除广播",
    "broadcasticondlted": "您删除的广播组图标",
    "broadcasticonupdtd": "您更改的广播组图标",
    "senttorecp": "发送到总收件人",
    "norecp": "没有可发送的收件人",
    "tapforbroadcastinfo": "点击此处查看广播信息",
    "createdbroadcast": "广播列表已创建",
    "erroraddingbroadcast": "将用户添加到广播时出错。请再试一次",
    "erroroccured": "加载时发生错误。请重新启动应用程序",
    "selectsinglecontact": "选择联系人",
    "disabled": "此功能已被管理员暂时禁用",
    "uploading": "正在上传",
    "createbroadcast": "创建广播",
    "setbroadcastdetails": "设置广播详细信息",
    "bothuseradmin": "允许用户和管理员消息",
    "onlyadmin": "仅允许管理员消息",
    "generatingthumbnail": "正在生成缩略图",
    "text": "文本",
    "endtoendencryption": "端到端加密",
    "maxfilesize": "文件应该小于",
    "selectedfilesize": "选定的文件大小是",
    "norecentchats": "最近没有聊天记录",
    "forward": "向前",
    "you": "你",
    "selectcontactstoforward": "选择转发",
    "forwarded": "转发",
    "sending": "发送",
    "maxnooffiles": "可选择的最大文件数",
    "filesizeexceeded": "一个或多个文件大小",
    "selectcontacttoshare": "选择分享",
    "maxallowed": "允许的最大值",


    "latest_credits":"最新积分",
    "latest_debits":"最新借记",
    "see_all": "看到所有",
    "hide": "隐藏",
    "deposits": "存款",
    "notifications": "通知",
    "transactions": "交易",
    "hello": "你好",
    "user": "用户",
    "account_number": "帐号",
    "available_balance": "可用余额",
    "withdraw": "提取",
    "scan_code": "扫码",
    "scan_this_QR_code_to_get_transaction": "扫描此二维码获取交易",
    "scan_qr_code": "扫描二维码",
    "qr_Barcode": "二维码/条码",
    "doubleTapToGoBack": "双击返回",
    "pleaseEnterValidEmail": "请输入有效电子邮件",
    "emailCannotBeEmpty": "邮箱不能为空！",
    "theUsernameMustBe6Characters": "用户名必须至少为 6 个字符",
    "pleaseEnterLessAmountThenWalletAmount": "请输入比钱包金额少的金额",
    "pleaseEnterValidAmount": "请输入有效金额",
    "paymentIntentIdCopieToClipboard": "付款 IntentId 已复制到剪贴板",
    "walletNumber": "钱包号码",
    "noCreditRecordFound": "未找到信用记录。",
    "noDebitRecordFound.": "未找到借记记录。",
    "copy": "复制",
    "to": "到 ：",
    "oK": "好的",
    "transactionID": "交易编号：",
    "transactionDetails": "交易明细",
    "transactionType": "交易类型：",
    "depositRecordNotFound": "未找到存款记录。",
    "transactionRecordNotFound": "未找到交易记录。",
    "withdrawRecordNotFound.": "未找到提款记录。",
    "payment": "支付",
    "enterAmount": "输入金额",
    "payViaCard": "通过卡支付",
    "payViaWallet": "通过钱包支付",
    "pleaseWait": "请稍等...",
    "enterYourEmail": "输入你的电子邮箱",
    "register": "登记",
    "saveThisTransactionIdForFuture": "保存此交易 ID 以备将来使用",
    "amountWillBeRefundWithinWorkingDays,": "金额将在 6 至 8 个工作日内退还，",
    "pleaseContactOurCustomerCare": "请联系我们的客服.",
    "doNotPressBackLeaveAppWhileDoingTransaction": "进行交易时不要按回或离开应用程序",
    "addToWallet": "添加到钱包",
    "addAmountIntoWallet": "将金额添加到钱包",



    "lblLanguage":"语言",
    "lblUpdateIngredient":"更新成分",
    "lblAddIngredient":"加入成分",
    "lblName":"姓名",
    "lblCancel":"取消",
    "lblUpdate":"更新",
    "lblAdd":"添加",
    "lblPleaseAddIngredient":"请添加成分",
    "lblNew":"新的",
    "lblCategories":"类别",
    "lblLongPressOnCategoryForMoreOptions":"长按类别以获取更多选项。",
    "lblA":"一种",
    "lblAll":"全部",
    "lblChooseCurrencySymbol":"选择货币符号",
    "lblSelect":"选择",
    "lblCamera":"相机",
    "lblGallery":"画廊",
    "lblForgetPassword":"忘记密码？",
    "lblEnterYouEmail":"重置密码链接将发送到上面输入的电子邮件地址",
    "lblEmail":"电子邮件",
    "lblEnterValidEmail":"输入有效的邮箱",
    "lblResetPassword":"重设密码",
    "lblResetPasswordLinkHasSentYourMail":"重置密码链接已发送您的邮件",
    "lblEnable":"使能够",
    "lblDisable":"禁用",
    "lblTextForDeletingCategory":"如果删除此类别，则将删除所有菜单。您仍然要删除此类别吗？",
    "lblWrongSelection":"错误的选择",
    "lblEdit":"编辑",
    "lblDelete":"删除",
    "lblSpicy":"辛辣的",
    "lblJain":"耆那日",
    "lblSpecial":"特别的",
    "lblPopular":"受欢迎的",
    "lblShowMore":"展示更多",
    "lblShowLess":"显示较少",
    "lblFoodItems":"食品",
    "lblMenuItems":"菜单项",
    "lblNoMenuFor":"没有菜单",
    "lblCategory":"类别",
    "lblNoData":"没有数据",
    "lblLight":"光",
    "lblDark":"黑暗的",
    "lblSystemDefault":"系统默认值",
    "lblSelectYourTheme":"选择你的主题",
    "lblAbout":"关于应用程序",
    "lblRestaurantQRMenu":"QR菜单",
    "lblVersion":"版本",
    "lblAboutScreenText":"QR菜单是一款配备齐全的浮动应用程序。在用户端，它为用户提供了一种简单的方式来查看餐厅的菜单而没有面对服务员。它提供了菜单查看过程的简单，可管理和逐步的方法。虽然，在餐馆所有者结束时，该应用程序提供了一种传统且易于管理的方法来管理餐馆，食品类别和菜单",
    "lblPurchase":"购买",
    "lblAddImage":"添加图片",
    "lblChooseAnAction":"选择一个动作",
    "lblAddCategory":"添加类别",
    "lblDoYouWantToUpdate":"你想更新吗？",
    "lblDoYouWantToAddThisCategory":"您想添加此类别吗？",
    "lblDescription":"描述",
    "lblAddMenuItem":"添加菜单项",
    "lblDoYouWantToDelete":"你想删除吗？",
    "lblDoYouWantToAddThisMenuItem":"您想添加此菜单项吗？",
    "lblPleaseChooseCategory":"请选择类别",
    "lblChooseCategory":"选择类别",
    "lblPrice":"价钱",
    "lblIngredients":"原料",
    "lblNewDescription":"探索熟食的独家美食，熟食，刺激你的味蕾",
    "lblVeg":"veg.",
    "lblVegDescription":"从异国情调的蔬菜系列中进行选择，搅拌和炒烤并用完美煮熟",
    "lblSpicyDescription":"炎热和嘶嘶声，如果您是辛辣美食的粉丝，请查看特殊的美味佳肴范围。",
    "lblJainDescription":"迎合您的食物偏好是我们的目标，探索专门的jain食品菜单，找到您的完美",
    "lblSpecialDescription":"如果您还没有尝试过精致的美食集合，请不要错过我们的特殊菜单给您服务。",
    "lblSweet":"甜的",
    "lblSweetDescription":"没有甜点的一顿饭是不完整的，用我们最甜蜜的甜点系列诱惑你的感官",
    "lblPopularDescription":"不确定订购什么？查看强烈推荐或畅销书，最热门的美食和美味佳肴",
    "lblAddLogoImage":"添加徽标映像",
    "lblAddRestaurantImage":"DD餐厅映像",
    "lblUpdateRestaurant":"更新餐厅",
    "lblAddRestaurant":"添加餐厅",
    "lblDoYouWantToUpdateRestaurant":"你想更新餐厅吗？",
    "lblDoYouWantToAddRestaurant":"你想加餐馆吗？",
    "lblType":"类型",
    "lblNonVeg":"非veg.",
    "lblContact":"接触",
    "lblCurrency":"货币",
    "lblNewItemValidity":"新项目有效性",
    "lblAddress":"地址",
    "lblPasswordSuccessfullyChanged":"密码修改成功",
    "lblOldPassword":"旧密码",
    "lblOldPasswordIsNotCorrect":"旧密码不正确",
    "lblNewPassword":"新密码",
    "lblConfirmPassword":"确认密码",
    "lblPasswordLengthShouldBeMoreThanSix":"密码长度应超过六个",
    "lblBothPasswordShouldBeMatched":"两个密码应该匹配",
    "lblOldPasswordShouldNotBeSameAsNewPassword":"旧密码不应与新密码相同",
    "lblSave":"节省",
    "lblHello":"你好",
    "lblMyItems":"我的物品",
    "lblNoRestaurant":"没有餐馆",
    "lblDataUpdated":"数据更新",
    "lbDoYouWantToUpdateProfile":"您要更新配置文件吗？",
    "lblEditProfile":"编辑个人资料",
    "lblNumber":"数字",
    "lblTryAgain":"再试一次",
    "lblQR":"QR.",
    "lblScanForOurOnlineMenu":"扫描我们的在线菜单",
    "lblUhOhSomethingWentWrong":"哦！出了些问题",
    "lblScanned":"扫描",
    "lblWrongQRCode":"错误的QR码",
    "lblNoPermission":"没有许可",
    "lblDoYouWantToDeleteRestaurant":"你想删除餐馆吗？",
    "lblSettings":"设置",
    "lblChangePassword":"更改密码",
    "lblUserLoginWithSocialAccountCannotChangeThePassword":"用户使用社交帐户登录无法更改密码",
    "lblDarkMode":"黑暗模式",
    "lblPrivacyPolicy":"隐私政策",
    "lblRateUs":"评价我们",
    "lblTerms":"条款和条件",
    "lblShare":"分享应用程序",
    "lblLogout":"登出",
    "lblAreYouSureYouWantToLogout":"你确定要注销吗？",
    "lblVisitAgain":"再次访问",
    "lblPleaseEnterYourEmail":"请输入您的电子邮件",
    "lblPleaseEnterYourPassword":"请输入您的密码",
    "lblPassword":"密码",
    "lblForgotPassword":"忘记密码",
    "lblSignIn":"登入",
    "lblDontHaveAnAccount":"不要有一个帐户",
    "lblCreateAccountHere":"这里创建帐户",
    "lblOR":"或者",
    "lblSignUp":"注册",
    "lblPleaseEnterName":"请输入名称",
    "lblPleaseEnterPhoneNumber":"请输入电话号码",
    "lblPhoneNumber":"电话号码",
    "lblPleaseEnterEmail":"请输入电子邮件",
    "lblPleasEnterPassword":"租赁输入密码",
    "lblAlreadyHaveAccount":"已经有帐户",
    "lblSignInHere":"在这里登录",
    "lblGoPaperless":"无纸菜单系统",
    "lblGoPaperlessWithOurDigitalMenu":"QR菜单应用程序的魔力允许您在屏幕功能上使用即时菜单无纸。构建由技术支持的未来就绪菜单！",
    "lblGetStarted":"开始",
    "lblWaitToScan":"等待扫描",
    "lblUserAlreadyRegisterWithEmail":"用户已经注册了电子邮件",
    "lblWrongURL":"错误的网址",
    "lblRemoveImage":"删除映像",
    "lblSelectLanguage":"选择语言",
    "lblSelectTheme":"选择主题",
    "lblChangeRestaurantImage":"改变餐馆肤色",
    "lblChangeLogoImage":"更改徽标映像",
    "lblSelectThemeDesc":"为您的客户提供无缝品牌体验，具有多种应用主题选项，可定制和充满创造力。",
    "lblSelectLanguageDesc":"语言个性化是一件事，更多的是可以在您的首选语言中使用所有新的Restaurant QR MENU应用程序使用菜单。",
    "lblRestaurant":"餐厅",
    "lblClickHere":"点击这里",
    "lblForScanner":"对于扫描仪",
    "lblAddYourBusinessOrServicehere":"在这里添加您的业务或服务+",
    "lblPayViaWalletNumber": "通过钱包号码支付",
    "lblPayViaQRCode": "通过二维码支付",
    "lblEnterWalletNumber": "输入钱包号码",
    "lblEnterAmount": "输入金额",
    "lblPleaseEnterTheValidWalletNumber": "请输入有效的钱包号码",
    "lblUserCouldNotSendYourWalletNumber": "用户无法发送您的钱包号码",
    "lblTransferredFromMyWallet": "从我的钱包转移",
    "news": "📰 消息",
    "lblTo": "到",
    "lblFrom": "从",
    "lblSmallTo": "到",
    "lblSmallFrom": "从",
    "lblReceived": "已收到"

}